2026-08-20 08:53:46 | DATA   | IBKR conectando a 127.0.0.1:4002 clientId=33
=== NOTIF === 2026-08-20 08:53:47 | IBKR | IBKR conectado (paper 4002)
2026-08-20 08:53:47 | DATA   | IBKR desconectado
2026-08-20 09:26:29 | DATA   | IBKR conectando a 127.0.0.1:4002 clientId=34
=== NOTIF === 2026-08-20 09:26:30 | IBKR | IBKR conectado (paper 4002)
=== NOTIF === 2026-08-20 09:31:03 | ARRANQUE | ARRANQUE del sistema vivo — 2026-08-20 (0DTE 20260820)
2026-08-20 09:31:03 | DATA   | IBKR conectando a 127.0.0.1:4002 clientId=17
=== NOTIF === 2026-08-20 09:31:03 | IBKR | IBKR conectado (paper 4002)
=== NOTIF === 2026-08-20 09:31:03 | ARRANQUE | Autocalibra: saldo=600 nivel=6 ancho=2 tope=110 unidades=1
=== NOTIF === 2026-08-20 09:31:03 | ARRANQUE | BACKFILL de arranque (SPY premarket + ETF + día anterior)
2026-08-20 09:31:03 | DATA   | backfill SPY 2 D 1 min useRTH=False
2026-08-20 09:31:05 | DATA   | backfill SPY: 1052 barras persistidas (fecha 2026-08-20)
2026-08-20 09:31:06 | DATA   | backfill DIA: 2 barras
2026-08-20 09:31:07 | DATA   | backfill TLT: 2 barras
2026-08-20 09:31:07 | DATA   | día anterior (2026-08-19, cierres RTH): cierre=769.18 máx=772.23 mín=768.29
2026-08-20 09:31:07 | DATA   | día anterior (cierres RTH): max=772.23 min=768.29 cierre=769.18
=== NOTIF === 2026-08-20 09:31:07 | ARRANQUE | Sistema EN MARCHA — esperando barras (todo activo)
2026-08-20 09:31:07 | DATA   | backfill SPY 120 S 1 min useRTH=False
2026-08-20 09:31:12 | DATA   | cadena 20260820: 82 contratos (ITM+OTM C/P) capturados y cancelados (spot 765.93)
2026-08-20 09:31:12 | DATA   | cadena persistida 2026-08-20 09:31: 82 filas (fuente=live)
2026-08-20 09:31:12 | SENAL  | señal 09:30 C (ayer_rev) -> solo_captura
2026-08-20 09:31:32 | DATA   | IBKR conectando a 127.0.0.1:4002 clientId=34
=== NOTIF === 2026-08-20 09:31:32 | IBKR | IBKR conectado (paper 4002)
2026-08-20 09:31:35 | DATA   | cadena 20260820: 22 contratos (ITM+OTM C/P) capturados y cancelados (spot 765.93)
=== NOTIF === 2026-08-20 09:31:37 | ORDEN | COMPRA VERTICAL SPY C L=768/S=770 x1 débito<=0.55
2026-08-20 09:31:45 | DATA   | cadena 20260820: 10 contratos (ITM+OTM C/P) capturados y cancelados (spot 765.93)
=== NOTIF === 2026-08-20 09:31:45 | RIESGO | BAG no cerró (2 pata/s viva/s) — cierre por patas al MID
=== NOTIF === 2026-08-20 09:31:46 | ORDEN | CIERRE MERCADO SPY C 770 x1
=== NOTIF === 2026-08-20 09:31:54 | ORDEN | CIERRE MERCADO SPY C 768 x1
2026-08-20 09:32:02 | DATA   | backfill SPY 120 S 1 min useRTH=False
=== NOTIF === 2026-08-20 09:32:04 | ORDEN | COMPRA VERTICAL SPY C L=766/S=768 x1 débito<=1.03
2026-08-20 09:32:07 | DATA   | cadena 20260820: 82 contratos (ITM+OTM C/P) capturados y cancelados (spot 766.58)
2026-08-20 09:32:07 | DATA   | cadena persistida 2026-08-20 09:32: 82 filas (fuente=live)
=== NOTIF === 2026-08-20 09:32:07 | ARRANQUE | RECALIBRA 09:32: saldo=591 nivel 6->5 tope 110->90 unidades 1->1 (ancho FIJO 2)
=== NOTIF === 2026-08-20 09:32:15 | ORDEN | COMPRA VERTICAL SPY P L=767/S=765 x1 débito<=0.74
=== NOTIF === 2026-08-20 09:32:26 | ORDEN | COMPRA VERTICAL SPY P L=769/S=767 x1 débito<=1.22
2026-08-20 09:33:02 | DATA   | backfill SPY 120 S 1 min useRTH=False
2026-08-20 09:33:07 | DATA   | cadena 20260820: 82 contratos (ITM+OTM C/P) capturados y cancelados (spot 766.59)
2026-08-20 09:33:07 | DATA   | cadena persistida 2026-08-20 09:33: 82 filas (fuente=live)
2026-08-20 09:33:08 | DATA   | IBKR conectando a 127.0.0.1:4002 clientId=33
=== NOTIF === 2026-08-20 09:33:09 | IBKR | IBKR conectado (paper 4002)
2026-08-20 09:33:09 | DATA   | IBKR desconectado
2026-08-20 09:34:02 | DATA   | backfill SPY 120 S 1 min useRTH=False
2026-08-20 09:34:06 | DATA   | cadena 20260820: 82 contratos (ITM+OTM C/P) capturados y cancelados (spot 766.85)
2026-08-20 09:34:06 | DATA   | cadena persistida 2026-08-20 09:34: 82 filas (fuente=live)
2026-08-20 09:34:06 | SENAL  | señal 09:33 C (gap_fade) -> solo_captura
2026-08-20 09:35:01 | DATA   | backfill SPY 120 S 1 min useRTH=False
2026-08-20 09:35:06 | DATA   | cadena 20260820: 82 contratos (ITM+OTM C/P) capturados y cancelados (spot 767.05)
2026-08-20 09:35:06 | DATA   | cadena persistida 2026-08-20 09:35: 82 filas (fuente=live)
2026-08-20 09:36:01 | DATA   | backfill SPY 120 S 1 min useRTH=False
2026-08-20 09:36:06 | DATA   | cadena 20260820: 82 contratos (ITM+OTM C/P) capturados y cancelados (spot 767.55)
2026-08-20 09:36:06 | DATA   | cadena persistida 2026-08-20 09:36: 82 filas (fuente=live)
2026-08-20 09:36:06 | SENAL  | señal 09:35 P (v1) -> solo_captura
2026-08-20 09:37:01 | DATA   | backfill SPY 120 S 1 min useRTH=False
2026-08-20 09:37:05 | DATA   | cadena 20260820: 82 contratos (ITM+OTM C/P) capturados y cancelados (spot 767.51)
2026-08-20 09:37:05 | DATA   | cadena persistida 2026-08-20 09:37: 82 filas (fuente=live)
2026-08-20 09:38:00 | DATA   | backfill SPY 120 S 1 min useRTH=False
2026-08-20 09:38:05 | DATA   | cadena 20260820: 82 contratos (ITM+OTM C/P) capturados y cancelados (spot 767.22)
2026-08-20 09:38:05 | DATA   | cadena persistida 2026-08-20 09:38: 82 filas (fuente=live)
2026-08-20 09:38:45 | DATA   | IBKR conectando a 127.0.0.1:4002 clientId=34
=== NOTIF === 2026-08-20 09:38:45 | IBKR | IBKR conectado (paper 4002)
2026-08-20 09:38:48 | DATA   | cadena 20260820: 22 contratos (ITM+OTM C/P) capturados y cancelados (spot 767.22)
=== NOTIF === 2026-08-20 09:38:50 | ORDEN | COMPRA VERTICAL SPY C L=769/S=771 x1 débito<=0.42
=== NOTIF === 2026-08-20 09:38:51 | ORDEN | COMPRA VERTICAL SPY C L=767/S=769 x1 débito<=0.88
=== NOTIF === 2026-08-20 09:38:53 | ORDEN | COMPRA VERTICAL SPY P L=768/S=766 x1 débito<=0.87
=== NOTIF === 2026-08-20 09:38:55 | ORDEN | COMPRA VERTICAL SPY P L=770/S=768 x1 débito<=1.37
2026-08-20 09:39:00 | DATA   | backfill SPY 120 S 1 min useRTH=False
2026-08-20 09:39:05 | DATA   | cadena 20260820: 82 contratos (ITM+OTM C/P) capturados y cancelados (spot 766.99)
2026-08-20 09:39:05 | DATA   | cadena persistida 2026-08-20 09:39: 82 filas (fuente=live)
2026-08-20 09:40:00 | DATA   | backfill SPY 120 S 1 min useRTH=False
2026-08-20 09:40:04 | DATA   | cadena 20260820: 82 contratos (ITM+OTM C/P) capturados y cancelados (spot 767.30)
2026-08-20 09:40:04 | DATA   | cadena persistida 2026-08-20 09:40: 82 filas (fuente=live)
2026-08-20 09:41:04 | DATA   | backfill SPY 120 S 1 min useRTH=False
2026-08-20 09:41:09 | DATA   | cadena 20260820: 82 contratos (ITM+OTM C/P) capturados y cancelados (spot 766.90)
2026-08-20 09:41:09 | DATA   | cadena persistida 2026-08-20 09:41: 82 filas (fuente=live)
2026-08-20 09:41:32 | DATA   | IBKR conectando a 127.0.0.1:4002 clientId=34
=== NOTIF === 2026-08-20 09:41:32 | IBKR | IBKR conectado (paper 4002)
2026-08-20 09:41:35 | DATA   | cadena 20260820: 22 contratos (ITM+OTM C/P) capturados y cancelados (spot 766.90)
=== NOTIF === 2026-08-20 09:41:37 | ORDEN | COMPRA VERTICAL SPY C L=769/S=771 x1 débito<=0.45
2026-08-20 09:41:43 | DATA   | cadena 20260820: 14 contratos (ITM+OTM C/P) capturados y cancelados (spot 766.90)
2026-08-20 09:42:04 | DATA   | backfill SPY 120 S 1 min useRTH=False
2026-08-20 09:42:08 | DATA   | cadena 20260820: 82 contratos (ITM+OTM C/P) capturados y cancelados (spot 767.22)
2026-08-20 09:42:08 | DATA   | cadena persistida 2026-08-20 09:42: 82 filas (fuente=live)
=== NOTIF === 2026-08-20 09:42:08 | RIESGO | SYNC 09:42: IBKR tiene 2 pata(s) 0DTE y el sistema se creía PLANO — adoptando
=== NOTIF === 2026-08-20 09:42:08 | RIESGO | ⚠️ 2 pata(s) 0DTE abiertas en IBKR SIN operación abierta en la BD — no se reconstruye; revisar y cerrar a mano
2026-08-20 09:43:03 | DATA   | backfill SPY 120 S 1 min useRTH=False
2026-08-20 09:43:08 | DATA   | cadena 20260820: 82 contratos (ITM+OTM C/P) capturados y cancelados (spot 767.57)
2026-08-20 09:43:08 | DATA   | cadena persistida 2026-08-20 09:43: 82 filas (fuente=live)
=== NOTIF === 2026-08-20 09:43:08 | RIESGO | SYNC 09:43: IBKR tiene 2 pata(s) 0DTE y el sistema se creía PLANO — adoptando
=== NOTIF === 2026-08-20 09:43:08 | RIESGO | ⚠️ 2 pata(s) 0DTE abiertas en IBKR SIN operación abierta en la BD — no se reconstruye; revisar y cerrar a mano
=== NOTIF === 2026-08-20 09:43:46 | RIESGO | BAG no cerró (2 pata/s viva/s) — cierre por patas al MID
=== NOTIF === 2026-08-20 09:43:46 | ORDEN | CIERRE MERCADO SPY C 771 x1
=== NOTIF === 2026-08-20 09:43:55 | ORDEN | CIERRE MERCADO SPY C 769 x1
2026-08-20 09:44:03 | DATA   | backfill SPY 120 S 1 min useRTH=False
=== NOTIF === 2026-08-20 09:44:06 | ORDEN | COMPRA VERTICAL SPY C L=767/S=769 x1 débito<=0.92
2026-08-20 09:44:08 | DATA   | cadena 20260820: 82 contratos (ITM+OTM C/P) capturados y cancelados (spot 767.68)
2026-08-20 09:44:08 | DATA   | cadena persistida 2026-08-20 09:44: 82 filas (fuente=live)
2026-08-20 09:45:03 | DATA   | backfill SPY 120 S 1 min useRTH=False
2026-08-20 09:45:07 | DATA   | cadena 20260820: 82 contratos (ITM+OTM C/P) capturados y cancelados (spot 767.37)
2026-08-20 09:45:07 | DATA   | cadena persistida 2026-08-20 09:45: 82 filas (fuente=live)
2026-08-20 09:45:24 | DATA   | cadena 20260820: 14 contratos (ITM+OTM C/P) capturados y cancelados (spot 766.90)
2026-08-20 09:45:39 | DATA   | IBKR conectando a 127.0.0.1:4002 clientId=35
=== NOTIF === 2026-08-20 09:45:39 | IBKR | IBKR conectado (paper 4002)
2026-08-20 09:45:40 | DATA   | IBKR desconectado
2026-08-20 09:46:03 | DATA   | backfill SPY 120 S 1 min useRTH=False
2026-08-20 09:46:07 | DATA   | cadena 20260820: 82 contratos (ITM+OTM C/P) capturados y cancelados (spot 767.18)
2026-08-20 09:46:07 | DATA   | cadena persistida 2026-08-20 09:46: 82 filas (fuente=live)
=== NOTIF === 2026-08-20 09:46:07 | RIESGO | SYNC 09:46: IBKR tiene 2 pata(s) 0DTE y el sistema se creía PLANO — adoptando
=== NOTIF === 2026-08-20 09:46:07 | RIESGO | ⚠️ 2 pata(s) 0DTE abiertas en IBKR SIN operación abierta en la BD — no se reconstruye; revisar y cerrar a mano
2026-08-20 09:46:11 | DATA   | IBKR conectando a 127.0.0.1:4002 clientId=33
=== NOTIF === 2026-08-20 09:46:11 | IBKR | IBKR conectado (paper 4002)
2026-08-20 09:46:11 | DATA   | IBKR desconectado
2026-08-20 09:46:41 | DATA   | IBKR conectando a 127.0.0.1:4002 clientId=35
=== NOTIF === 2026-08-20 09:46:41 | IBKR | IBKR conectado (paper 4002)
2026-08-20 09:46:41 | DATA   | IBKR desconectado
2026-08-20 09:47:02 | DATA   | backfill SPY 120 S 1 min useRTH=False
2026-08-20 09:47:07 | DATA   | cadena 20260820: 82 contratos (ITM+OTM C/P) capturados y cancelados (spot 767.27)
2026-08-20 09:47:07 | DATA   | cadena persistida 2026-08-20 09:47: 82 filas (fuente=live)
=== NOTIF === 2026-08-20 09:47:07 | RIESGO | SYNC 09:47: IBKR tiene 2 pata(s) 0DTE y el sistema se creía PLANO — adoptando
=== NOTIF === 2026-08-20 09:47:07 | RIESGO | ⚠️ 2 pata(s) 0DTE abiertas en IBKR SIN operación abierta en la BD — no se reconstruye; revisar y cerrar a mano
=== NOTIF === 2026-08-20 09:47:27 | RIESGO | BAG no cerró (2 pata/s viva/s) — cierre por patas al MID
=== NOTIF === 2026-08-20 09:47:28 | ORDEN | CIERRE MERCADO SPY C 769 x1
=== NOTIF === 2026-08-20 09:47:36 | ORDEN | CIERRE MERCADO SPY C 767 x1
=== NOTIF === 2026-08-20 09:47:46 | ORDEN | COMPRA VERTICAL SPY P L=768/S=766 x1 débito<=0.82
2026-08-20 09:48:02 | DATA   | backfill SPY 120 S 1 min useRTH=False
2026-08-20 09:48:07 | DATA   | cadena 20260820: 82 contratos (ITM+OTM C/P) capturados y cancelados (spot 767.02)
2026-08-20 09:48:07 | DATA   | cadena persistida 2026-08-20 09:48: 82 filas (fuente=live)
2026-08-20 09:49:02 | DATA   | backfill SPY 120 S 1 min useRTH=False
2026-08-20 09:49:06 | DATA   | cadena 20260820: 82 contratos (ITM+OTM C/P) capturados y cancelados (spot 766.81)
2026-08-20 09:49:06 | DATA   | cadena persistida 2026-08-20 09:49: 82 filas (fuente=live)
=== NOTIF === 2026-08-20 09:49:48 | ORDEN | COMPRA VERTICAL SPY P L=770/S=768 x1 débito<=1.33
2026-08-20 09:50:01 | DATA   | backfill SPY 120 S 1 min useRTH=False
2026-08-20 09:50:06 | DATA   | cadena 20260820: 82 contratos (ITM+OTM C/P) capturados y cancelados (spot 767.15)
2026-08-20 09:50:06 | DATA   | cadena persistida 2026-08-20 09:50: 82 filas (fuente=live)
2026-08-20 09:50:45 | DATA   | IBKR conectando a 127.0.0.1:4002 clientId=34
=== NOTIF === 2026-08-20 09:50:45 | IBKR | IBKR conectado (paper 4002)
2026-08-20 09:50:50 | DATA   | cadena 20260820: 90 contratos (ITM+OTM C/P) capturados y cancelados (spot 767.15)
=== NOTIF === 2026-08-20 09:50:52 | ORDEN | COMPRA VERTICAL SPY P L=768/S=765 x1 débito<=1.15
=== NOTIF === 2026-08-20 09:50:54 | ORDEN | COMPRA VERTICAL SPY C L=766/S=769 x1 débito<=1.49
2026-08-20 09:51:01 | DATA   | backfill SPY 120 S 1 min useRTH=False
2026-08-20 09:51:06 | DATA   | cadena 20260820: 82 contratos (ITM+OTM C/P) capturados y cancelados (spot 767.13)
2026-08-20 09:51:06 | DATA   | cadena persistida 2026-08-20 09:51: 82 filas (fuente=live)
2026-08-20 09:51:13 | DATA   | cadena 20260820: 14 contratos (ITM+OTM C/P) capturados y cancelados (spot 767.15)
2026-08-20 09:51:41 | DATA   | IBKR conectando a 127.0.0.1:4002 clientId=35
=== NOTIF === 2026-08-20 09:51:42 | IBKR | IBKR conectado (paper 4002)
2026-08-20 09:51:42 | DATA   | IBKR desconectado
2026-08-20 09:52:01 | DATA   | backfill SPY 120 S 1 min useRTH=False
2026-08-20 09:52:05 | DATA   | cadena 20260820: 82 contratos (ITM+OTM C/P) capturados y cancelados (spot 766.73)
2026-08-20 09:52:05 | DATA   | cadena persistida 2026-08-20 09:52: 82 filas (fuente=live)
=== NOTIF === 2026-08-20 09:52:05 | RIESGO | SYNC 09:52: IBKR tiene 2 pata(s) 0DTE y el sistema se creía PLANO — adoptando
=== NOTIF === 2026-08-20 09:52:05 | RIESGO | ⚠️ 2 pata(s) 0DTE abiertas en IBKR SIN operación abierta en la BD — no se reconstruye; revisar y cerrar a mano
=== NOTIF === 2026-08-20 09:52:16 | RIESGO | BAG no cerró (2 pata/s viva/s) — cierre por patas al MID
=== NOTIF === 2026-08-20 09:52:16 | ORDEN | CIERRE MERCADO SPY C 769 x1
=== NOTIF === 2026-08-20 09:52:24 | ORDEN | CIERRE MERCADO SPY C 766 x1
=== NOTIF === 2026-08-20 09:52:34 | ORDEN | COMPRA VERTICAL SPY C L=764/S=768 x1 débito<=2.66
2026-08-20 09:52:41 | DATA   | cadena 20260820: 14 contratos (ITM+OTM C/P) capturados y cancelados (spot 767.15)
2026-08-20 09:53:00 | DATA   | backfill SPY 120 S 1 min useRTH=False
2026-08-20 09:53:00 | DATA   | IBKR conectando a 127.0.0.1:4002 clientId=34
=== NOTIF === 2026-08-20 09:53:01 | IBKR | IBKR conectado (paper 4002)
2026-08-20 09:53:05 | DATA   | cadena 20260820: 82 contratos (ITM+OTM C/P) capturados y cancelados (spot 766.57)
2026-08-20 09:53:05 | DATA   | cadena persistida 2026-08-20 09:53: 82 filas (fuente=live)
=== NOTIF === 2026-08-20 09:53:05 | RIESGO | SYNC 09:53: IBKR tiene 2 pata(s) 0DTE y el sistema se creía PLANO — adoptando
=== NOTIF === 2026-08-20 09:53:05 | RIESGO | ⚠️ 2 pata(s) 0DTE abiertas en IBKR SIN operación abierta en la BD — no se reconstruye; revisar y cerrar a mano
2026-08-20 09:53:11 | DATA   | cadena 20260820: 90 contratos (ITM+OTM C/P) capturados y cancelados (spot 766.57)
=== NOTIF === 2026-08-20 09:53:14 | ORDEN | COMPRA VERTICAL SPY C L=766/S=769 x1 débito<=1.28
2026-08-20 09:54:00 | DATA   | backfill SPY 120 S 1 min useRTH=False
2026-08-20 09:54:00 | DATA   | cadena 20260820: 14 contratos (ITM+OTM C/P) capturados y cancelados (spot 766.57)
2026-08-20 09:54:04 | DATA   | cadena 20260820: 82 contratos (ITM+OTM C/P) capturados y cancelados (spot 766.50)
2026-08-20 09:54:04 | DATA   | cadena persistida 2026-08-20 09:54: 82 filas (fuente=live)
=== NOTIF === 2026-08-20 09:54:04 | RIESGO | SYNC 09:54: IBKR tiene 4 pata(s) 0DTE y el sistema se creía PLANO — adoptando
=== NOTIF === 2026-08-20 09:54:04 | RIESGO | ⚠️ 4 pata(s) 0DTE abiertas en IBKR SIN operación abierta en la BD — no se reconstruye; revisar y cerrar a mano
=== NOTIF === 2026-08-20 09:55:03 | RIESGO | BAG no cerró (4 pata/s viva/s) — cierre por patas al MID
=== NOTIF === 2026-08-20 09:55:03 | ORDEN | CIERRE MERCADO SPY C 768 x1
2026-08-20 09:55:04 | DATA   | backfill SPY 120 S 1 min useRTH=False
2026-08-20 09:55:09 | DATA   | cadena 20260820: 82 contratos (ITM+OTM C/P) capturados y cancelados (spot 766.96)
2026-08-20 09:55:09 | DATA   | cadena persistida 2026-08-20 09:55: 82 filas (fuente=live)
=== NOTIF === 2026-08-20 09:55:09 | RIESGO | SYNC 09:55: IBKR tiene 3 pata(s) 0DTE y el sistema se creía PLANO — adoptando
=== NOTIF === 2026-08-20 09:55:09 | RIESGO | ⚠️ 3 pata(s) 0DTE abiertas en IBKR SIN operación abierta en la BD — no se reconstruye; revisar y cerrar a mano
=== NOTIF === 2026-08-20 09:55:11 | ORDEN | CIERRE MERCADO SPY C 769 x1
=== NOTIF === 2026-08-20 09:55:19 | ORDEN | CIERRE MERCADO SPY C 764 x1
=== NOTIF === 2026-08-20 09:55:28 | ORDEN | CIERRE MERCADO SPY C 766 x1
=== NOTIF === 2026-08-20 09:55:38 | ORDEN | COMPRA VERTICAL SPY P L=768/S=765 x1 débito<=1.36
2026-08-20 09:55:46 | DATA   | cadena 20260820: 14 contratos (ITM+OTM C/P) capturados y cancelados (spot 766.57)
2026-08-20 09:56:04 | DATA   | backfill SPY 120 S 1 min useRTH=False
2026-08-20 09:56:08 | DATA   | cadena 20260820: 82 contratos (ITM+OTM C/P) capturados y cancelados (spot 767.20)
2026-08-20 09:56:08 | DATA   | cadena persistida 2026-08-20 09:56: 82 filas (fuente=live)
=== NOTIF === 2026-08-20 09:56:09 | RIESGO | SYNC 09:56: IBKR tiene 2 pata(s) 0DTE y el sistema se creía PLANO — adoptando
=== NOTIF === 2026-08-20 09:56:09 | RIESGO | ⚠️ 2 pata(s) 0DTE abiertas en IBKR SIN operación abierta en la BD — no se reconstruye; revisar y cerrar a mano
2026-08-20 09:56:42 | DATA   | IBKR conectando a 127.0.0.1:4002 clientId=35
=== NOTIF === 2026-08-20 09:56:42 | IBKR | IBKR conectado (paper 4002)
2026-08-20 09:56:42 | DATA   | IBKR desconectado
=== NOTIF === 2026-08-20 09:56:49 | RIESGO | BAG no cerró (2 pata/s viva/s) — cierre por patas al MID
=== NOTIF === 2026-08-20 09:56:49 | ORDEN | CIERRE MERCADO SPY P 765 x1
=== NOTIF === 2026-08-20 09:56:57 | ORDEN | CIERRE MERCADO SPY P 768 x1
2026-08-20 09:57:04 | DATA   | backfill SPY 120 S 1 min useRTH=False
=== NOTIF === 2026-08-20 09:57:08 | ORDEN | COMPRA VERTICAL SPY C L=765/S=768 x1 débito<=1.64
2026-08-20 09:57:08 | DATA   | cadena 20260820: 82 contratos (ITM+OTM C/P) capturados y cancelados (spot 766.51)
2026-08-20 09:57:08 | DATA   | cadena persistida 2026-08-20 09:57: 82 filas (fuente=live)
2026-08-20 09:57:19 | DATA   | cadena 20260820: 14 contratos (ITM+OTM C/P) capturados y cancelados (spot 766.57)
2026-08-20 09:58:03 | DATA   | backfill SPY 120 S 1 min useRTH=False
2026-08-20 09:58:08 | DATA   | cadena 20260820: 82 contratos (ITM+OTM C/P) capturados y cancelados (spot 766.25)
2026-08-20 09:58:08 | DATA   | cadena persistida 2026-08-20 09:58: 82 filas (fuente=live)
=== NOTIF === 2026-08-20 09:58:08 | RIESGO | SYNC 09:58: IBKR tiene 2 pata(s) 0DTE y el sistema se creía PLANO — adoptando
=== NOTIF === 2026-08-20 09:58:08 | RIESGO | ⚠️ 2 pata(s) 0DTE abiertas en IBKR SIN operación abierta en la BD — no se reconstruye; revisar y cerrar a mano
=== NOTIF === 2026-08-20 09:58:22 | RIESGO | BAG no cerró (2 pata/s viva/s) — cierre por patas al MID
=== NOTIF === 2026-08-20 09:58:22 | ORDEN | CIERRE MERCADO SPY C 768 x1
=== NOTIF === 2026-08-20 09:58:30 | ORDEN | CIERRE MERCADO SPY C 765 x1
=== NOTIF === 2026-08-20 09:58:40 | ORDEN | COMPRA VERTICAL SPY C L=764/S=768 x1 débito<=2.40
2026-08-20 09:58:50 | DATA   | cadena 20260820: 14 contratos (ITM+OTM C/P) capturados y cancelados (spot 766.57)
2026-08-20 09:59:03 | DATA   | backfill SPY 120 S 1 min useRTH=False
2026-08-20 09:59:07 | DATA   | cadena 20260820: 82 contratos (ITM+OTM C/P) capturados y cancelados (spot 766.60)
2026-08-20 09:59:07 | DATA   | cadena persistida 2026-08-20 09:59: 82 filas (fuente=live)
=== NOTIF === 2026-08-20 09:59:07 | RIESGO | SYNC 09:59: IBKR tiene 2 pata(s) 0DTE y el sistema se creía PLANO — adoptando
=== NOTIF === 2026-08-20 09:59:07 | RIESGO | ⚠️ 2 pata(s) 0DTE abiertas en IBKR SIN operación abierta en la BD — no se reconstruye; revisar y cerrar a mano
=== NOTIF === 2026-08-20 09:59:52 | RIESGO | BAG no cerró (2 pata/s viva/s) — cierre por patas al MID
=== NOTIF === 2026-08-20 09:59:53 | ORDEN | CIERRE MERCADO SPY C 768 x1
=== NOTIF === 2026-08-20 10:00:01 | ORDEN | CIERRE MERCADO SPY C 764 x1
2026-08-20 10:00:03 | DATA   | backfill SPY 120 S 1 min useRTH=False
2026-08-20 10:00:07 | DATA   | cadena 20260820: 82 contratos (ITM+OTM C/P) capturados y cancelados (spot 766.55)
2026-08-20 10:00:07 | DATA   | cadena persistida 2026-08-20 10:00: 82 filas (fuente=live)
=== NOTIF === 2026-08-20 10:00:11 | ORDEN | COMPRA VERTICAL SPY P L=768/S=764 x1 débito<=1.61
2026-08-20 10:00:27 | DATA   | cadena 20260820: 14 contratos (ITM+OTM C/P) capturados y cancelados (spot 766.57)
2026-08-20 10:01:02 | DATA   | backfill SPY 120 S 1 min useRTH=False
2026-08-20 10:01:07 | DATA   | cadena 20260820: 82 contratos (ITM+OTM C/P) capturados y cancelados (spot 766.51)
2026-08-20 10:01:07 | DATA   | cadena persistida 2026-08-20 10:01: 82 filas (fuente=live)
=== NOTIF === 2026-08-20 10:01:07 | RIESGO | SYNC 10:01: IBKR tiene 2 pata(s) 0DTE y el sistema se creía PLANO — adoptando
=== NOTIF === 2026-08-20 10:01:07 | RIESGO | ⚠️ 2 pata(s) 0DTE abiertas en IBKR SIN operación abierta en la BD — no se reconstruye; revisar y cerrar a mano
=== NOTIF === 2026-08-20 10:01:30 | RIESGO | BAG no cerró (2 pata/s viva/s) — cierre por patas al MID
=== NOTIF === 2026-08-20 10:01:30 | ORDEN | CIERRE MERCADO SPY P 764 x1
=== NOTIF === 2026-08-20 10:01:38 | ORDEN | CIERRE MERCADO SPY P 768 x1
2026-08-20 10:01:42 | DATA   | IBKR conectando a 127.0.0.1:4002 clientId=35
=== NOTIF === 2026-08-20 10:01:42 | IBKR | IBKR conectado (paper 4002)
2026-08-20 10:01:43 | DATA   | IBKR desconectado
=== NOTIF === 2026-08-20 10:01:49 | ORDEN | COMPRA VERTICAL SPY C L=745/S=749 x1 débito<=3.50
2026-08-20 10:02:02 | DATA   | backfill SPY 120 S 1 min useRTH=False
2026-08-20 10:02:07 | DATA   | cadena 20260820: 82 contratos (ITM+OTM C/P) capturados y cancelados (spot 766.64)
2026-08-20 10:02:07 | DATA   | cadena persistida 2026-08-20 10:02: 82 filas (fuente=live)
2026-08-20 10:03:02 | DATA   | backfill SPY 120 S 1 min useRTH=False
2026-08-20 10:03:06 | DATA   | cadena 20260820: 82 contratos (ITM+OTM C/P) capturados y cancelados (spot 766.12)
2026-08-20 10:03:06 | DATA   | cadena persistida 2026-08-20 10:03: 82 filas (fuente=live)
2026-08-20 10:04:01 | DATA   | backfill SPY 120 S 1 min useRTH=False
2026-08-20 10:04:06 | DATA   | cadena 20260820: 82 contratos (ITM+OTM C/P) capturados y cancelados (spot 766.24)
2026-08-20 10:04:06 | DATA   | cadena persistida 2026-08-20 10:04: 82 filas (fuente=live)
2026-08-20 10:05:01 | DATA   | backfill SPY 120 S 1 min useRTH=False
2026-08-20 10:05:06 | DATA   | cadena 20260820: 82 contratos (ITM+OTM C/P) capturados y cancelados (spot 765.98)
2026-08-20 10:05:06 | DATA   | cadena persistida 2026-08-20 10:05: 82 filas (fuente=live)
2026-08-20 10:06:01 | DATA   | backfill SPY 120 S 1 min useRTH=False
2026-08-20 10:06:05 | DATA   | cadena 20260820: 82 contratos (ITM+OTM C/P) capturados y cancelados (spot 766.09)
2026-08-20 10:06:05 | DATA   | cadena persistida 2026-08-20 10:06: 82 filas (fuente=live)
2026-08-20 10:06:43 | DATA   | IBKR conectando a 127.0.0.1:4002 clientId=35
=== NOTIF === 2026-08-20 10:06:43 | IBKR | IBKR conectado (paper 4002)
2026-08-20 10:06:43 | DATA   | IBKR desconectado
2026-08-20 10:07:00 | DATA   | backfill SPY 120 S 1 min useRTH=False
2026-08-20 10:07:05 | DATA   | cadena 20260820: 82 contratos (ITM+OTM C/P) capturados y cancelados (spot 766.30)
2026-08-20 10:07:05 | DATA   | cadena persistida 2026-08-20 10:07: 82 filas (fuente=live)
2026-08-20 10:08:00 | DATA   | backfill SPY 120 S 1 min useRTH=False
2026-08-20 10:08:05 | DATA   | cadena 20260820: 82 contratos (ITM+OTM C/P) capturados y cancelados (spot 766.41)
2026-08-20 10:08:05 | DATA   | cadena persistida 2026-08-20 10:08: 82 filas (fuente=live)
2026-08-20 10:09:00 | DATA   | backfill SPY 120 S 1 min useRTH=False
2026-08-20 10:09:05 | DATA   | cadena 20260820: 82 contratos (ITM+OTM C/P) capturados y cancelados (spot 766.19)
2026-08-20 10:09:05 | DATA   | cadena persistida 2026-08-20 10:09: 82 filas (fuente=live)
2026-08-20 10:10:00 | DATA   | backfill SPY 120 S 1 min useRTH=False
2026-08-20 10:10:04 | DATA   | cadena 20260820: 82 contratos (ITM+OTM C/P) capturados y cancelados (spot 766.64)
2026-08-20 10:10:04 | DATA   | cadena persistida 2026-08-20 10:10: 82 filas (fuente=live)
2026-08-20 10:11:04 | DATA   | backfill SPY 120 S 1 min useRTH=False
2026-08-20 10:11:09 | DATA   | cadena 20260820: 82 contratos (ITM+OTM C/P) capturados y cancelados (spot 766.58)
2026-08-20 10:11:09 | DATA   | cadena persistida 2026-08-20 10:11: 82 filas (fuente=live)
2026-08-20 10:11:43 | DATA   | IBKR conectando a 127.0.0.1:4002 clientId=35
=== NOTIF === 2026-08-20 10:11:43 | IBKR | IBKR conectado (paper 4002)
2026-08-20 10:11:44 | DATA   | IBKR desconectado
2026-08-20 10:11:54 | DATA   | IBKR conectando a 127.0.0.1:4002 clientId=34
=== NOTIF === 2026-08-20 10:11:55 | IBKR | IBKR conectado (paper 4002)
2026-08-20 10:12:00 | DATA   | cadena 20260820: 98 contratos (ITM+OTM C/P) capturados y cancelados (spot 766.58)
2026-08-20 10:12:04 | DATA   | backfill SPY 120 S 1 min useRTH=False
2026-08-20 10:12:07 | DATA   | cadena 20260820: 98 contratos (ITM+OTM C/P) capturados y cancelados (spot 766.58)
2026-08-20 10:12:09 | DATA   | cadena 20260820: 82 contratos (ITM+OTM C/P) capturados y cancelados (spot 766.26)
2026-08-20 10:12:09 | DATA   | cadena persistida 2026-08-20 10:12: 82 filas (fuente=live)
2026-08-20 10:12:18 | DATA   | cadena 20260820: 98 contratos (ITM+OTM C/P) capturados y cancelados (spot 766.26)
2026-08-20 10:12:26 | DATA   | cadena 20260820: 98 contratos (ITM+OTM C/P) capturados y cancelados (spot 766.26)
=== NOTIF === 2026-08-20 10:12:29 | ORDEN | COMPRA VERTICAL SPY P L=761/S=758 x1 débito<=0.11
2026-08-20 10:13:00 | DATA   | backfill SPY 120 S 1 min useRTH=False
2026-08-20 10:13:04 | DATA   | cadena 20260820: 82 contratos (ITM+OTM C/P) capturados y cancelados (spot 766.25)
2026-08-20 10:13:04 | DATA   | cadena persistida 2026-08-20 10:13: 82 filas (fuente=live)
=== NOTIF === 2026-08-20 10:13:18 | ORDEN | COMPRA VERTICAL SPY P L=761/S=757 x1 débito<=0.12
2026-08-20 10:13:52 | DATA   | cadena 20260820: 14 contratos (ITM+OTM C/P) capturados y cancelados (spot 766.26)
2026-08-20 10:14:04 | DATA   | backfill SPY 120 S 1 min useRTH=False
2026-08-20 10:14:09 | DATA   | cadena 20260820: 82 contratos (ITM+OTM C/P) capturados y cancelados (spot 766.12)
2026-08-20 10:14:09 | DATA   | cadena persistida 2026-08-20 10:14: 82 filas (fuente=live)
=== NOTIF === 2026-08-20 10:14:09 | RIESGO | SYNC 10:14: IBKR tiene 2 pata(s) 0DTE y el sistema se creía PLANO — adoptando
=== NOTIF === 2026-08-20 10:14:09 | RIESGO | ⚠️ 2 pata(s) 0DTE abiertas en IBKR SIN operación abierta en la BD — no se reconstruye; revisar y cerrar a mano
=== NOTIF === 2026-08-20 10:14:38 | RIESGO | BAG no cerró (2 pata/s viva/s) — cierre por patas al MID
=== NOTIF === 2026-08-20 10:14:38 | ORDEN | CIERRE MERCADO SPY P 757 x1
=== NOTIF === 2026-08-20 10:14:46 | ORDEN | CIERRE MERCADO SPY P 761 x1
=== NOTIF === 2026-08-20 10:14:55 | ORDEN | COMPRA VERTICAL SPY P L=763/S=761 x1 débito<=0.19
2026-08-20 10:15:04 | DATA   | backfill SPY 120 S 1 min useRTH=False
2026-08-20 10:15:09 | DATA   | cadena 20260820: 82 contratos (ITM+OTM C/P) capturados y cancelados (spot 766.00)
2026-08-20 10:15:09 | DATA   | cadena persistida 2026-08-20 10:15: 82 filas (fuente=live)
=== NOTIF === 2026-08-20 10:15:42 | ORDEN | COMPRA VERTICAL SPY P L=763/S=760 x1 débito<=0.24
2026-08-20 10:16:00 | DATA   | backfill SPY 120 S 1 min useRTH=False
2026-08-20 10:16:04 | DATA   | cadena 20260820: 82 contratos (ITM+OTM C/P) capturados y cancelados (spot 765.67)
2026-08-20 10:16:04 | DATA   | cadena persistida 2026-08-20 10:16: 82 filas (fuente=live)
=== NOTIF === 2026-08-20 10:16:30 | ORDEN | COMPRA VERTICAL SPY P L=763/S=759 x1 débito<=0.28
2026-08-20 10:16:44 | DATA   | IBKR conectando a 127.0.0.1:4002 clientId=35
=== NOTIF === 2026-08-20 10:16:44 | IBKR | IBKR conectado (paper 4002)
2026-08-20 10:16:44 | DATA   | IBKR desconectado
2026-08-20 10:17:04 | DATA   | backfill SPY 120 S 1 min useRTH=False
2026-08-20 10:17:09 | DATA   | cadena 20260820: 82 contratos (ITM+OTM C/P) capturados y cancelados (spot 765.56)
2026-08-20 10:17:09 | DATA   | cadena persistida 2026-08-20 10:17: 82 filas (fuente=live)
=== NOTIF === 2026-08-20 10:17:18 | ORDEN | COMPRA VERTICAL SPY C L=761/S=763 x1 débito<=1.81
2026-08-20 10:17:25 | DATA   | cadena 20260820: 14 contratos (ITM+OTM C/P) capturados y cancelados (spot 766.26)
2026-08-20 10:18:04 | DATA   | backfill SPY 120 S 1 min useRTH=False
2026-08-20 10:18:09 | DATA   | cadena 20260820: 82 contratos (ITM+OTM C/P) capturados y cancelados (spot 765.62)
2026-08-20 10:18:09 | DATA   | cadena persistida 2026-08-20 10:18: 82 filas (fuente=live)
=== NOTIF === 2026-08-20 10:18:09 | RIESGO | SYNC 10:18: IBKR tiene 2 pata(s) 0DTE y el sistema se creía PLANO — adoptando
=== NOTIF === 2026-08-20 10:18:09 | RIESGO | ⚠️ 2 pata(s) 0DTE abiertas en IBKR SIN operación abierta en la BD — no se reconstruye; revisar y cerrar a mano
=== NOTIF === 2026-08-20 10:18:12 | RIESGO | BAG no cerró (2 pata/s viva/s) — cierre por patas al MID
=== NOTIF === 2026-08-20 10:18:12 | ORDEN | CIERRE MERCADO SPY C 763 x1
=== NOTIF === 2026-08-20 10:18:20 | ORDEN | CIERRE MERCADO SPY C 761 x1
2026-08-20 10:18:33 | DATA   | cadena 20260820: 98 contratos (ITM+OTM C/P) capturados y cancelados (spot 765.62)
2026-08-20 10:18:41 | DATA   | cadena 20260820: 98 contratos (ITM+OTM C/P) capturados y cancelados (spot 765.62)
=== NOTIF === 2026-08-20 10:18:44 | ORDEN | COMPRA VERTICAL SPY C L=761/S=764 x1 débito<=2.54
2026-08-20 10:19:00 | DATA   | cadena 20260820: 14 contratos (ITM+OTM C/P) capturados y cancelados (spot 765.62)
2026-08-20 10:19:04 | DATA   | backfill SPY 120 S 1 min useRTH=False
2026-08-20 10:19:08 | DATA   | cadena 20260820: 82 contratos (ITM+OTM C/P) capturados y cancelados (spot 765.69)
2026-08-20 10:19:08 | DATA   | cadena persistida 2026-08-20 10:19: 82 filas (fuente=live)
=== NOTIF === 2026-08-20 10:19:08 | RIESGO | SYNC 10:19: IBKR tiene 2 pata(s) 0DTE y el sistema se creía PLANO — adoptando
=== NOTIF === 2026-08-20 10:19:08 | RIESGO | ⚠️ 2 pata(s) 0DTE abiertas en IBKR SIN operación abierta en la BD — no se reconstruye; revisar y cerrar a mano
=== NOTIF === 2026-08-20 10:19:46 | RIESGO | BAG no cerró (2 pata/s viva/s) — cierre por patas al MID
=== NOTIF === 2026-08-20 10:19:46 | ORDEN | CIERRE MERCADO SPY C 764 x1
=== NOTIF === 2026-08-20 10:19:54 | ORDEN | CIERRE MERCADO SPY C 761 x1
=== NOTIF === 2026-08-20 10:20:02 | ORDEN | COMPRA VERTICAL SPY C L=761/S=765 x1 débito<=3.24
2026-08-20 10:20:04 | DATA   | backfill SPY 120 S 1 min useRTH=False
2026-08-20 10:20:08 | DATA   | cadena 20260820: 82 contratos (ITM+OTM C/P) capturados y cancelados (spot 765.44)
2026-08-20 10:20:08 | DATA   | cadena persistida 2026-08-20 10:20: 82 filas (fuente=live)
=== NOTIF === 2026-08-20 10:20:08 | RIESGO | SYNC 10:20: IBKR tiene 2 pata(s) 0DTE y el sistema se creía PLANO — adoptando
=== NOTIF === 2026-08-20 10:20:08 | RIESGO | ⚠️ 2 pata(s) 0DTE abiertas en IBKR SIN operación abierta en la BD — no se reconstruye; revisar y cerrar a mano
2026-08-20 10:20:12 | DATA   | cadena 20260820: 14 contratos (ITM+OTM C/P) capturados y cancelados (spot 765.62)
=== NOTIF === 2026-08-20 10:20:59 | RIESGO | BAG no cerró (2 pata/s viva/s) — cierre por patas al MID
=== NOTIF === 2026-08-20 10:20:59 | ORDEN | CIERRE MERCADO SPY C 765 x1
2026-08-20 10:21:03 | DATA   | backfill SPY 120 S 1 min useRTH=False
2026-08-20 10:21:08 | DATA   | cadena 20260820: 82 contratos (ITM+OTM C/P) capturados y cancelados (spot 766.13)
2026-08-20 10:21:08 | DATA   | cadena persistida 2026-08-20 10:21: 82 filas (fuente=live)
=== NOTIF === 2026-08-20 10:21:08 | RIESGO | SYNC 10:21: IBKR tiene 1 pata(s) 0DTE y el sistema se creía PLANO — adoptando
=== NOTIF === 2026-08-20 10:21:08 | RIESGO | ⚠️ 1 pata(s) 0DTE abiertas en IBKR SIN operación abierta en la BD — no se reconstruye; revisar y cerrar a mano
=== NOTIF === 2026-08-20 10:21:08 | ORDEN | CIERRE MERCADO SPY C 761 x1
=== NOTIF === 2026-08-20 10:21:17 | ORDEN | COMPRA VERTICAL SPY C L=756/S=758 x1 débito<=1.96
2026-08-20 10:21:44 | DATA   | IBKR conectando a 127.0.0.1:4002 clientId=35
=== NOTIF === 2026-08-20 10:21:44 | IBKR | IBKR conectado (paper 4002)
2026-08-20 10:21:44 | DATA   | IBKR desconectado
2026-08-20 10:22:03 | DATA   | backfill SPY 120 S 1 min useRTH=False
=== NOTIF === 2026-08-20 10:22:05 | ORDEN | COMPRA VERTICAL SPY C L=756/S=759 x1 débito<=2.90
2026-08-20 10:22:08 | DATA   | cadena 20260820: 82 contratos (ITM+OTM C/P) capturados y cancelados (spot 766.12)
2026-08-20 10:22:08 | DATA   | cadena persistida 2026-08-20 10:22: 82 filas (fuente=live)
=== NOTIF === 2026-08-20 10:22:52 | ORDEN | COMPRA VERTICAL SPY C L=756/S=760 x1 débito<=3.83
2026-08-20 10:23:03 | DATA   | backfill SPY 120 S 1 min useRTH=False
2026-08-20 10:23:07 | DATA   | cadena 20260820: 82 contratos (ITM+OTM C/P) capturados y cancelados (spot 766.47)
2026-08-20 10:23:07 | DATA   | cadena persistida 2026-08-20 10:23: 82 filas (fuente=live)
=== NOTIF === 2026-08-20 10:23:39 | ORDEN | COMPRA VERTICAL SPY C L=746/S=748 x1 débito<=2.00
2026-08-20 10:24:02 | DATA   | backfill SPY 120 S 1 min useRTH=False
2026-08-20 10:24:07 | DATA   | cadena 20260820: 82 contratos (ITM+OTM C/P) capturados y cancelados (spot 766.91)
2026-08-20 10:24:07 | DATA   | cadena persistida 2026-08-20 10:24: 82 filas (fuente=live)
2026-08-20 10:24:31 | DATA   | cadena 20260820: 98 contratos (ITM+OTM C/P) capturados y cancelados (spot 766.91)
2026-08-20 10:24:39 | DATA   | cadena 20260820: 98 contratos (ITM+OTM C/P) capturados y cancelados (spot 766.91)
=== NOTIF === 2026-08-20 10:24:42 | ORDEN | COMPRA VERTICAL SPY C L=747/S=750 x1 débito<=3.16
2026-08-20 10:25:02 | DATA   | backfill SPY 120 S 1 min useRTH=False
2026-08-20 10:25:07 | DATA   | cadena 20260820: 82 contratos (ITM+OTM C/P) capturados y cancelados (spot 766.75)
2026-08-20 10:25:07 | DATA   | cadena persistida 2026-08-20 10:25: 82 filas (fuente=live)
=== NOTIF === 2026-08-20 10:25:29 | ORDEN | COMPRA VERTICAL SPY C L=747/S=751 x1 débito<=4.12
2026-08-20 10:26:02 | DATA   | backfill SPY 120 S 1 min useRTH=False
2026-08-20 10:26:06 | DATA   | cadena 20260820: 82 contratos (ITM+OTM C/P) capturados y cancelados (spot 766.57)
2026-08-20 10:26:06 | DATA   | cadena persistida 2026-08-20 10:26: 82 filas (fuente=live)
2026-08-20 10:26:21 | DATA   | cadena 20260820: 98 contratos (ITM+OTM C/P) capturados y cancelados (spot 766.57)
2026-08-20 10:26:29 | DATA   | cadena 20260820: 98 contratos (ITM+OTM C/P) capturados y cancelados (spot 766.57)
=== NOTIF === 2026-08-20 10:26:32 | ORDEN | COMPRA VERTICAL SPY P L=762/S=760 x1 débito<=0.10
2026-08-20 10:26:44 | DATA   | IBKR conectando a 127.0.0.1:4002 clientId=35
=== NOTIF === 2026-08-20 10:26:45 | IBKR | IBKR conectado (paper 4002)
2026-08-20 10:26:45 | DATA   | IBKR desconectado
2026-08-20 10:27:01 | DATA   | backfill SPY 120 S 1 min useRTH=False
2026-08-20 10:27:06 | DATA   | cadena 20260820: 82 contratos (ITM+OTM C/P) capturados y cancelados (spot 766.24)
2026-08-20 10:27:06 | DATA   | cadena persistida 2026-08-20 10:27: 82 filas (fuente=live)
=== NOTIF === 2026-08-20 10:27:19 | ORDEN | COMPRA VERTICAL SPY P L=762/S=759 x1 débito<=0.12
2026-08-20 10:28:01 | DATA   | backfill SPY 120 S 1 min useRTH=False
2026-08-20 10:28:06 | DATA   | cadena 20260820: 82 contratos (ITM+OTM C/P) capturados y cancelados (spot 766.14)
2026-08-20 10:28:06 | DATA   | cadena persistida 2026-08-20 10:28: 82 filas (fuente=live)
=== NOTIF === 2026-08-20 10:28:07 | ORDEN | COMPRA VERTICAL SPY P L=762/S=758 x1 débito<=0.14
=== NOTIF === 2026-08-20 10:28:54 | ORDEN | COMPRA VERTICAL SPY P L=764/S=762 x1 débito<=0.24
2026-08-20 10:29:01 | DATA   | backfill SPY 120 S 1 min useRTH=False
2026-08-20 10:29:05 | DATA   | cadena 20260820: 82 contratos (ITM+OTM C/P) capturados y cancelados (spot 766.05)
2026-08-20 10:29:05 | DATA   | cadena persistida 2026-08-20 10:29: 82 filas (fuente=live)
=== NOTIF === 2026-08-20 10:29:43 | ORDEN | COMPRA VERTICAL SPY P L=764/S=761 x1 débito<=0.30
2026-08-20 10:30:01 | DATA   | backfill SPY 120 S 1 min useRTH=False
2026-08-20 10:30:05 | DATA   | cadena 20260820: 82 contratos (ITM+OTM C/P) capturados y cancelados (spot 766.22)
2026-08-20 10:30:05 | DATA   | cadena persistida 2026-08-20 10:30: 82 filas (fuente=live)
=== NOTIF === 2026-08-20 10:30:30 | ORDEN | COMPRA VERTICAL SPY P L=764/S=760 x1 débito<=0.34
2026-08-20 10:31:00 | DATA   | backfill SPY 120 S 1 min useRTH=False
2026-08-20 10:31:05 | DATA   | cadena 20260820: 82 contratos (ITM+OTM C/P) capturados y cancelados (spot 766.31)
2026-08-20 10:31:05 | DATA   | cadena persistida 2026-08-20 10:31: 82 filas (fuente=live)
2026-08-20 10:31:23 | DATA   | cadena 20260820: 98 contratos (ITM+OTM C/P) capturados y cancelados (spot 766.31)
=== NOTIF === 2026-08-20 10:31:26 | ORDEN | COMPRA VERTICAL SPY C L=767/S=769 x1 débito<=0.58
2026-08-20 10:31:31 | DATA   | cadena 20260820: 14 contratos (ITM+OTM C/P) capturados y cancelados (spot 766.31)
2026-08-20 10:31:45 | DATA   | IBKR conectando a 127.0.0.1:4002 clientId=35
=== NOTIF === 2026-08-20 10:31:45 | IBKR | IBKR conectado (paper 4002)
2026-08-20 10:31:45 | DATA   | IBKR desconectado
2026-08-20 10:32:00 | DATA   | backfill SPY 120 S 1 min useRTH=False
2026-08-20 10:32:05 | DATA   | cadena 20260820: 82 contratos (ITM+OTM C/P) capturados y cancelados (spot 766.43)
2026-08-20 10:32:05 | DATA   | cadena persistida 2026-08-20 10:32: 82 filas (fuente=live)
=== NOTIF === 2026-08-20 10:32:05 | RIESGO | SYNC 10:32: IBKR tiene 2 pata(s) 0DTE y el sistema se creía PLANO — adoptando
=== NOTIF === 2026-08-20 10:32:05 | RIESGO | ⚠️ 2 pata(s) 0DTE abiertas en IBKR SIN operación abierta en la BD — no se reconstruye; revisar y cerrar a mano
=== NOTIF === 2026-08-20 10:32:18 | RIESGO | BAG no cerró (2 pata/s viva/s) — cierre por patas al MID
=== NOTIF === 2026-08-20 10:32:18 | ORDEN | CIERRE MERCADO SPY C 769 x1
=== NOTIF === 2026-08-20 10:32:26 | ORDEN | CIERRE MERCADO SPY C 767 x1
=== NOTIF === 2026-08-20 10:32:34 | ORDEN | COMPRA VERTICAL SPY P L=765/S=763 x1 débito<=0.43
2026-08-20 10:32:42 | DATA   | cadena 20260820: 14 contratos (ITM+OTM C/P) capturados y cancelados (spot 766.31)
2026-08-20 10:33:00 | DATA   | backfill SPY 120 S 1 min useRTH=False
2026-08-20 10:33:05 | DATA   | cadena 20260820: 82 contratos (ITM+OTM C/P) capturados y cancelados (spot 766.42)
2026-08-20 10:33:05 | DATA   | cadena persistida 2026-08-20 10:33: 82 filas (fuente=live)
=== NOTIF === 2026-08-20 10:33:05 | RIESGO | SYNC 10:33: IBKR tiene 2 pata(s) 0DTE y el sistema se creía PLANO — adoptando
=== NOTIF === 2026-08-20 10:33:05 | RIESGO | ⚠️ 2 pata(s) 0DTE abiertas en IBKR SIN operación abierta en la BD — no se reconstruye; revisar y cerrar a mano
=== NOTIF === 2026-08-20 10:33:28 | RIESGO | BAG no cerró (2 pata/s viva/s) — cierre por patas al MID
=== NOTIF === 2026-08-20 10:33:28 | ORDEN | CIERRE MERCADO SPY P 763 x1
=== NOTIF === 2026-08-20 10:33:36 | ORDEN | CIERRE MERCADO SPY P 765 x1
=== NOTIF === 2026-08-20 10:33:44 | ORDEN | COMPRA VERTICAL SPY C L=767/S=770 x1 débito<=0.70
2026-08-20 10:34:00 | DATA   | backfill SPY 120 S 1 min useRTH=False
2026-08-20 10:34:04 | DATA   | cadena 20260820: 82 contratos (ITM+OTM C/P) capturados y cancelados (spot 766.64)
2026-08-20 10:34:04 | DATA   | cadena persistida 2026-08-20 10:34: 82 filas (fuente=live)
=== NOTIF === 2026-08-20 10:34:32 | ORDEN | COMPRA VERTICAL SPY P L=765/S=762 x1 débito<=0.54
2026-08-20 10:34:39 | DATA   | cadena 20260820: 14 contratos (ITM+OTM C/P) capturados y cancelados (spot 766.31)
2026-08-20 10:35:04 | DATA   | backfill SPY 120 S 1 min useRTH=False
2026-08-20 10:35:09 | DATA   | cadena 20260820: 82 contratos (ITM+OTM C/P) capturados y cancelados (spot 766.11)
2026-08-20 10:35:09 | DATA   | cadena persistida 2026-08-20 10:35: 82 filas (fuente=live)
=== NOTIF === 2026-08-20 10:35:09 | RIESGO | SYNC 10:35: IBKR tiene 2 pata(s) 0DTE y el sistema se creía PLANO — adoptando
=== NOTIF === 2026-08-20 10:35:09 | RIESGO | ⚠️ 2 pata(s) 0DTE abiertas en IBKR SIN operación abierta en la BD — no se reconstruye; revisar y cerrar a mano
=== NOTIF === 2026-08-20 10:35:25 | RIESGO | BAG no cerró (2 pata/s viva/s) — cierre por patas al MID
=== NOTIF === 2026-08-20 10:35:25 | ORDEN | CIERRE MERCADO SPY P 762 x1
=== NOTIF === 2026-08-20 10:35:33 | ORDEN | CIERRE MERCADO SPY P 765 x1
=== NOTIF === 2026-08-20 10:35:42 | ORDEN | COMPRA VERTICAL SPY P L=765/S=761 x1 débito<=0.62
2026-08-20 10:35:59 | DATA   | cadena 20260820: 14 contratos (ITM+OTM C/P) capturados y cancelados (spot 766.31)
2026-08-20 10:36:04 | DATA   | backfill SPY 120 S 1 min useRTH=False
2026-08-20 10:36:09 | DATA   | cadena 20260820: 82 contratos (ITM+OTM C/P) capturados y cancelados (spot 766.27)
2026-08-20 10:36:09 | DATA   | cadena persistida 2026-08-20 10:36: 82 filas (fuente=live)
=== NOTIF === 2026-08-20 10:36:09 | RIESGO | SYNC 10:36: IBKR tiene 2 pata(s) 0DTE y el sistema se creía PLANO — adoptando
=== NOTIF === 2026-08-20 10:36:09 | RIESGO | ⚠️ 2 pata(s) 0DTE abiertas en IBKR SIN operación abierta en la BD — no se reconstruye; revisar y cerrar a mano
=== NOTIF === 2026-08-20 10:36:45 | RIESGO | BAG no cerró (2 pata/s viva/s) — cierre por patas al MID
2026-08-20 10:36:45 | DATA   | IBKR conectando a 127.0.0.1:4002 clientId=35
=== NOTIF === 2026-08-20 10:36:45 | ORDEN | CIERRE MERCADO SPY P 761 x1
=== NOTIF === 2026-08-20 10:36:46 | IBKR | IBKR conectado (paper 4002)
2026-08-20 10:36:46 | DATA   | IBKR desconectado
=== NOTIF === 2026-08-20 10:36:53 | ORDEN | CIERRE MERCADO SPY P 765 x1
=== NOTIF === 2026-08-20 10:37:02 | ORDEN | COMPRA VERTICAL SPY C L=766/S=768 x1 débito<=0.86
2026-08-20 10:37:04 | DATA   | backfill SPY 120 S 1 min useRTH=False
2026-08-20 10:37:09 | DATA   | cadena 20260820: 82 contratos (ITM+OTM C/P) capturados y cancelados (spot 766.62)
2026-08-20 10:37:09 | DATA   | cadena persistida 2026-08-20 10:37: 82 filas (fuente=live)
2026-08-20 10:37:54 | DATA   | cadena 20260820: 98 contratos (ITM+OTM C/P) capturados y cancelados (spot 766.62)
2026-08-20 10:38:01 | DATA   | cadena 20260820: 98 contratos (ITM+OTM C/P) capturados y cancelados (spot 766.62)
2026-08-20 10:38:04 | DATA   | backfill SPY 120 S 1 min useRTH=False
2026-08-20 10:38:09 | DATA   | cadena 20260820: 98 contratos (ITM+OTM C/P) capturados y cancelados (spot 766.62)
2026-08-20 10:38:09 | DATA   | cadena 20260820: 82 contratos (ITM+OTM C/P) capturados y cancelados (spot 766.63)
2026-08-20 10:38:09 | DATA   | cadena persistida 2026-08-20 10:38: 82 filas (fuente=live)
2026-08-20 10:38:19 | DATA   | cadena 20260820: 98 contratos (ITM+OTM C/P) capturados y cancelados (spot 766.63)
2026-08-20 10:38:27 | DATA   | cadena 20260820: 98 contratos (ITM+OTM C/P) capturados y cancelados (spot 766.63)
2026-08-20 10:38:34 | DATA   | cadena 20260820: 98 contratos (ITM+OTM C/P) capturados y cancelados (spot 766.63)
=== NOTIF === 2026-08-20 10:38:37 | ORDEN | COMPRA VERTICAL SPY C L=766/S=768 x1 débito<=0.97
2026-08-20 10:39:00 | DATA   | backfill SPY 120 S 1 min useRTH=False
2026-08-20 10:39:04 | DATA   | cadena 20260820: 82 contratos (ITM+OTM C/P) capturados y cancelados (spot 766.74)
2026-08-20 10:39:04 | DATA   | cadena persistida 2026-08-20 10:39: 82 filas (fuente=live)
2026-08-20 10:39:26 | DATA   | IBKR conectando a 127.0.0.1:4002 clientId=34
=== NOTIF === 2026-08-20 10:39:26 | IBKR | IBKR conectado (paper 4002)
2026-08-20 10:39:31 | DATA   | cadena 20260820: 98 contratos (ITM+OTM C/P) capturados y cancelados (spot 766.74)
2026-08-20 10:39:39 | DATA   | cadena 20260820: 98 contratos (ITM+OTM C/P) capturados y cancelados (spot 766.74)
=== NOTIF === 2026-08-20 10:39:42 | ORDEN | COMPRA VERTICAL SPY P L=762/S=760 x1 débito<=0.07
=== NOTIF === 2026-08-20 10:40:04 | ORDEN | COMPRA VERTICAL SPY P L=762/S=759 x1 débito<=0.09
2026-08-20 10:40:04 | DATA   | backfill SPY 120 S 1 min useRTH=False
2026-08-20 10:40:09 | DATA   | cadena 20260820: 82 contratos (ITM+OTM C/P) capturados y cancelados (spot 766.97)
2026-08-20 10:40:09 | DATA   | cadena persistida 2026-08-20 10:40: 82 filas (fuente=live)
=== NOTIF === 2026-08-20 10:40:26 | ORDEN | COMPRA VERTICAL SPY P L=762/S=758 x1 débito<=0.10
=== NOTIF === 2026-08-20 10:40:48 | ORDEN | COMPRA VERTICAL SPY P L=764/S=762 x1 débito<=0.20
2026-08-20 10:41:04 | DATA   | backfill SPY 120 S 1 min useRTH=False
2026-08-20 10:41:09 | DATA   | cadena 20260820: 82 contratos (ITM+OTM C/P) capturados y cancelados (spot 766.95)
2026-08-20 10:41:09 | DATA   | cadena persistida 2026-08-20 10:41: 82 filas (fuente=live)
=== NOTIF === 2026-08-20 10:41:10 | ORDEN | COMPRA VERTICAL SPY P L=764/S=761 x1 débito<=0.24
=== NOTIF === 2026-08-20 10:41:32 | ORDEN | COMPRA VERTICAL SPY P L=764/S=760 x1 débito<=0.27
2026-08-20 10:41:46 | DATA   | IBKR conectando a 127.0.0.1:4002 clientId=35
=== NOTIF === 2026-08-20 10:41:46 | IBKR | IBKR conectado (paper 4002)
2026-08-20 10:41:46 | DATA   | IBKR desconectado
2026-08-20 10:41:59 | DATA   | cadena 20260820: 98 contratos (ITM+OTM C/P) capturados y cancelados (spot 766.95)
2026-08-20 10:42:04 | DATA   | backfill SPY 120 S 1 min useRTH=False
2026-08-20 10:42:06 | DATA   | cadena 20260820: 98 contratos (ITM+OTM C/P) capturados y cancelados (spot 766.95)
2026-08-20 10:42:10 | DATA   | cadena 20260820: 82 contratos (ITM+OTM C/P) capturados y cancelados (spot 766.57)
2026-08-20 10:42:10 | DATA   | cadena persistida 2026-08-20 10:42: 82 filas (fuente=live)
2026-08-20 10:42:16 | DATA   | cadena 20260820: 98 contratos (ITM+OTM C/P) capturados y cancelados (spot 766.57)
=== NOTIF === 2026-08-20 10:42:19 | ORDEN | COMPRA VERTICAL SPY C L=768/S=771 x1 débito<=0.57
2026-08-20 10:42:27 | DATA   | cadena 20260820: 14 contratos (ITM+OTM C/P) capturados y cancelados (spot 766.57)
2026-08-20 10:43:00 | DATA   | backfill SPY 120 S 1 min useRTH=False
2026-08-20 10:43:05 | DATA   | cadena 20260820: 82 contratos (ITM+OTM C/P) capturados y cancelados (spot 767.08)
2026-08-20 10:43:05 | DATA   | cadena persistida 2026-08-20 10:43: 82 filas (fuente=live)
=== NOTIF === 2026-08-20 10:43:05 | RIESGO | SYNC 10:43: IBKR tiene 2 pata(s) 0DTE y el sistema se creía PLANO — adoptando
=== NOTIF === 2026-08-20 10:43:05 | RIESGO | ⚠️ 2 pata(s) 0DTE abiertas en IBKR SIN operación abierta en la BD — no se reconstruye; revisar y cerrar a mano
=== NOTIF === 2026-08-20 10:43:08 | RIESGO | BAG no cerró (2 pata/s viva/s) — cierre por patas al MID
=== NOTIF === 2026-08-20 10:43:08 | ORDEN | CIERRE MERCADO SPY C 771 x1
=== NOTIF === 2026-08-20 10:43:16 | ORDEN | CIERRE MERCADO SPY C 768 x1
=== NOTIF === 2026-08-20 10:43:24 | ORDEN | COMPRA VERTICAL SPY P L=766/S=763 x1 débito<=0.60
2026-08-20 10:43:31 | DATA   | cadena 20260820: 14 contratos (ITM+OTM C/P) capturados y cancelados (spot 766.57)
2026-08-20 10:44:00 | DATA   | backfill SPY 120 S 1 min useRTH=False
2026-08-20 10:44:05 | DATA   | cadena 20260820: 82 contratos (ITM+OTM C/P) capturados y cancelados (spot 767.12)
2026-08-20 10:44:05 | DATA   | cadena persistida 2026-08-20 10:44: 82 filas (fuente=live)
=== NOTIF === 2026-08-20 10:44:05 | RIESGO | SYNC 10:44: IBKR tiene 2 pata(s) 0DTE y el sistema se creía PLANO — adoptando
=== NOTIF === 2026-08-20 10:44:05 | RIESGO | ⚠️ 2 pata(s) 0DTE abiertas en IBKR SIN operación abierta en la BD — no se reconstruye; revisar y cerrar a mano
=== NOTIF === 2026-08-20 10:44:13 | RIESGO | BAG no cerró (2 pata/s viva/s) — cierre por patas al MID
=== NOTIF === 2026-08-20 10:44:13 | ORDEN | CIERRE MERCADO SPY P 763 x1
=== NOTIF === 2026-08-20 10:44:21 | ORDEN | CIERRE MERCADO SPY P 766 x1
=== NOTIF === 2026-08-20 10:44:29 | ORDEN | COMPRA VERTICAL SPY C L=768/S=772 x1 débito<=0.60
=== NOTIF === 2026-08-20 10:44:51 | ORDEN | COMPRA VERTICAL SPY P L=766/S=762 x1 débito<=0.68
2026-08-20 10:44:59 | DATA   | cadena 20260820: 14 contratos (ITM+OTM C/P) capturados y cancelados (spot 766.57)
2026-08-20 10:45:00 | DATA   | backfill SPY 120 S 1 min useRTH=False
2026-08-20 10:45:05 | DATA   | cadena 20260820: 82 contratos (ITM+OTM C/P) capturados y cancelados (spot 767.17)
2026-08-20 10:45:05 | DATA   | cadena persistida 2026-08-20 10:45: 82 filas (fuente=live)
=== NOTIF === 2026-08-20 10:45:05 | RIESGO | SYNC 10:45: IBKR tiene 2 pata(s) 0DTE y el sistema se creía PLANO — adoptando
=== NOTIF === 2026-08-20 10:45:05 | RIESGO | ⚠️ 2 pata(s) 0DTE abiertas en IBKR SIN operación abierta en la BD — no se reconstruye; revisar y cerrar a mano
=== NOTIF === 2026-08-20 10:45:41 | RIESGO | BAG no cerró (2 pata/s viva/s) — cierre por patas al MID
=== NOTIF === 2026-08-20 10:45:41 | ORDEN | CIERRE MERCADO SPY P 762 x1
=== NOTIF === 2026-08-20 10:45:49 | ORDEN | CIERRE MERCADO SPY P 766 x1
=== NOTIF === 2026-08-20 10:45:57 | ORDEN | COMPRA VERTICAL SPY C L=767/S=769 x1 débito<=0.76
2026-08-20 10:46:00 | DATA   | backfill SPY 120 S 1 min useRTH=False
2026-08-20 10:46:05 | DATA   | cadena 20260820: 82 contratos (ITM+OTM C/P) capturados y cancelados (spot 767.30)
2026-08-20 10:46:05 | DATA   | cadena persistida 2026-08-20 10:46: 82 filas (fuente=live)
=== NOTIF === 2026-08-20 10:46:19 | ORDEN | COMPRA VERTICAL SPY P L=767/S=765 x1 débito<=0.68
2026-08-20 10:46:24 | DATA   | cadena 20260820: 14 contratos (ITM+OTM C/P) capturados y cancelados (spot 766.57)
2026-08-20 10:46:46 | DATA   | IBKR conectando a 127.0.0.1:4002 clientId=35
=== NOTIF === 2026-08-20 10:46:47 | IBKR | IBKR conectado (paper 4002)
2026-08-20 10:46:47 | DATA   | IBKR desconectado
2026-08-20 10:47:00 | DATA   | backfill SPY 120 S 1 min useRTH=False
2026-08-20 10:47:04 | DATA   | cadena 20260820: 82 contratos (ITM+OTM C/P) capturados y cancelados (spot 767.47)
2026-08-20 10:47:04 | DATA   | cadena persistida 2026-08-20 10:47: 82 filas (fuente=live)
=== NOTIF === 2026-08-20 10:47:04 | RIESGO | SYNC 10:47: IBKR tiene 2 pata(s) 0DTE y el sistema se creía PLANO — adoptando
=== NOTIF === 2026-08-20 10:47:04 | RIESGO | ⚠️ 2 pata(s) 0DTE abiertas en IBKR SIN operación abierta en la BD — no se reconstruye; revisar y cerrar a mano
=== NOTIF === 2026-08-20 10:47:05 | RIESGO | BAG no cerró (2 pata/s viva/s) — cierre por patas al MID
=== NOTIF === 2026-08-20 10:47:07 | ORDEN | CIERRE MERCADO SPY P 765 x1
=== NOTIF === 2026-08-20 10:47:15 | ORDEN | CIERRE MERCADO SPY P 767 x1
2026-08-20 10:47:28 | DATA   | cadena 20260820: 98 contratos (ITM+OTM C/P) capturados y cancelados (spot 767.47)
2026-08-20 10:47:35 | DATA   | cadena 20260820: 98 contratos (ITM+OTM C/P) capturados y cancelados (spot 767.47)
2026-08-20 10:47:43 | DATA   | cadena 20260820: 98 contratos (ITM+OTM C/P) capturados y cancelados (spot 767.47)
2026-08-20 10:47:50 | DATA   | cadena 20260820: 98 contratos (ITM+OTM C/P) capturados y cancelados (spot 767.47)
2026-08-20 10:47:58 | DATA   | cadena 20260820: 98 contratos (ITM+OTM C/P) capturados y cancelados (spot 767.47)
2026-08-20 10:48:04 | DATA   | backfill SPY 120 S 1 min useRTH=False
2026-08-20 10:48:05 | DATA   | cadena 20260820: 98 contratos (ITM+OTM C/P) capturados y cancelados (spot 767.47)
=== NOTIF === 2026-08-20 10:48:09 | ORDEN | COMPRA VERTICAL SPY P L=768/S=766 x1 débito<=0.91
2026-08-20 10:48:11 | DATA   | cadena 20260820: 82 contratos (ITM+OTM C/P) capturados y cancelados (spot 766.98)
2026-08-20 10:48:11 | DATA   | cadena persistida 2026-08-20 10:48: 82 filas (fuente=live)
=== NOTIF === 2026-08-20 10:48:31 | ORDEN | COMPRA VERTICAL SPY C L=766/S=769 x1 débito<=1.41
2026-08-20 10:48:36 | DATA   | cadena 20260820: 14 contratos (ITM+OTM C/P) capturados y cancelados (spot 767.47)
2026-08-20 10:49:01 | DATA   | backfill SPY 120 S 1 min useRTH=False
2026-08-20 10:49:06 | DATA   | cadena 20260820: 82 contratos (ITM+OTM C/P) capturados y cancelados (spot 766.78)
2026-08-20 10:49:06 | DATA   | cadena persistida 2026-08-20 10:49: 82 filas (fuente=live)
=== NOTIF === 2026-08-20 10:49:06 | RIESGO | SYNC 10:49: IBKR tiene 2 pata(s) 0DTE y el sistema se creía PLANO — adoptando
=== NOTIF === 2026-08-20 10:49:06 | RIESGO | ⚠️ 2 pata(s) 0DTE abiertas en IBKR SIN operación abierta en la BD — no se reconstruye; revisar y cerrar a mano
=== NOTIF === 2026-08-20 10:49:17 | RIESGO | BAG no cerró (2 pata/s viva/s) — cierre por patas al MID
=== NOTIF === 2026-08-20 10:49:17 | ORDEN | CIERRE MERCADO SPY C 769 x1
=== NOTIF === 2026-08-20 10:49:25 | ORDEN | CIERRE MERCADO SPY C 766 x1
=== NOTIF === 2026-08-20 10:49:33 | ORDEN | COMPRA VERTICAL SPY P L=768/S=765 x1 débito<=1.18
=== NOTIF === 2026-08-20 10:49:55 | ORDEN | COMPRA VERTICAL SPY C L=766/S=770 x1 débito<=1.59
2026-08-20 10:50:00 | DATA   | cadena 20260820: 14 contratos (ITM+OTM C/P) capturados y cancelados (spot 767.47)
2026-08-20 10:50:01 | DATA   | backfill SPY 120 S 1 min useRTH=False
2026-08-20 10:50:06 | DATA   | cadena 20260820: 82 contratos (ITM+OTM C/P) capturados y cancelados (spot 766.73)
2026-08-20 10:50:06 | DATA   | cadena persistida 2026-08-20 10:50: 82 filas (fuente=live)
=== NOTIF === 2026-08-20 10:50:06 | RIESGO | SYNC 10:50: IBKR tiene 2 pata(s) 0DTE y el sistema se creía PLANO — adoptando
=== NOTIF === 2026-08-20 10:50:06 | RIESGO | ⚠️ 2 pata(s) 0DTE abiertas en IBKR SIN operación abierta en la BD — no se reconstruye; revisar y cerrar a mano
=== NOTIF === 2026-08-20 10:50:06 | ARRANQUE | RECALIBRA 10:50: saldo=497 nivel 5->4 tope 90->75 unidades 1->1 (ancho FIJO 2)
=== NOTIF === 2026-08-20 10:50:41 | RIESGO | BAG no cerró (2 pata/s viva/s) — cierre por patas al MID
=== NOTIF === 2026-08-20 10:50:41 | ORDEN | CIERRE MERCADO SPY C 770 x1
=== NOTIF === 2026-08-20 10:50:49 | ORDEN | CIERRE MERCADO SPY C 766 x1
=== NOTIF === 2026-08-20 10:50:57 | ORDEN | COMPRA VERTICAL SPY P L=768/S=764 x1 débito<=1.35
2026-08-20 10:51:01 | DATA   | backfill SPY 120 S 1 min useRTH=False
2026-08-20 10:51:05 | DATA   | cadena 20260820: 82 contratos (ITM+OTM C/P) capturados y cancelados (spot 766.74)
2026-08-20 10:51:05 | DATA   | cadena persistida 2026-08-20 10:51: 82 filas (fuente=live)
=== NOTIF === 2026-08-20 10:51:19 | ORDEN | COMPRA VERTICAL SPY C L=765/S=767 x1 débito<=1.35
2026-08-20 10:51:26 | DATA   | cadena 20260820: 14 contratos (ITM+OTM C/P) capturados y cancelados (spot 767.47)
2026-08-20 10:51:47 | DATA   | IBKR conectando a 127.0.0.1:4002 clientId=35
=== NOTIF === 2026-08-20 10:51:47 | IBKR | IBKR conectado (paper 4002)
2026-08-20 10:51:47 | DATA   | IBKR desconectado
2026-08-20 10:52:00 | DATA   | backfill SPY 120 S 1 min useRTH=False
2026-08-20 10:52:05 | DATA   | cadena 20260820: 82 contratos (ITM+OTM C/P) capturados y cancelados (spot 766.92)
2026-08-20 10:52:05 | DATA   | cadena persistida 2026-08-20 10:52: 82 filas (fuente=live)
=== NOTIF === 2026-08-20 10:52:05 | RIESGO | SYNC 10:52: IBKR tiene 2 pata(s) 0DTE y el sistema se creía PLANO — adoptando
=== NOTIF === 2026-08-20 10:52:05 | RIESGO | ⚠️ 2 pata(s) 0DTE abiertas en IBKR SIN operación abierta en la BD — no se reconstruye; revisar y cerrar a mano
=== NOTIF === 2026-08-20 10:52:07 | RIESGO | BAG no cerró (2 pata/s viva/s) — cierre por patas al MID
=== NOTIF === 2026-08-20 10:52:07 | ORDEN | CIERRE MERCADO SPY C 767 x1
=== NOTIF === 2026-08-20 10:52:15 | ORDEN | CIERRE MERCADO SPY C 765 x1
2026-08-20 10:52:29 | DATA   | cadena 20260820: 98 contratos (ITM+OTM C/P) capturados y cancelados (spot 766.92)
2026-08-20 10:52:36 | DATA   | cadena 20260820: 98 contratos (ITM+OTM C/P) capturados y cancelados (spot 766.92)
=== NOTIF === 2026-08-20 10:52:39 | ORDEN | COMPRA VERTICAL SPY C L=765/S=768 x1 débito<=1.80
2026-08-20 10:52:43 | DATA   | cadena 20260820: 14 contratos (ITM+OTM C/P) capturados y cancelados (spot 766.92)
2026-08-20 10:52:53 | DATA   | IBKR conectando a 127.0.0.1:4002 clientId=36
=== NOTIF === 2026-08-20 10:52:54 | IBKR | IBKR conectado (paper 4002)
2026-08-20 10:52:57 | DATA   | cadena 20260820: 26 contratos (ITM+OTM C/P) capturados y cancelados (spot 766.92)
2026-08-20 10:53:00 | DATA   | backfill SPY 120 S 1 min useRTH=False
2026-08-20 10:53:05 | DATA   | cadena 20260820: 82 contratos (ITM+OTM C/P) capturados y cancelados (spot 767.07)
2026-08-20 10:53:05 | DATA   | cadena persistida 2026-08-20 10:53: 82 filas (fuente=live)
=== NOTIF === 2026-08-20 10:53:05 | RIESGO | SYNC 10:53: IBKR tiene 2 pata(s) 0DTE y el sistema se creía PLANO — adoptando
=== NOTIF === 2026-08-20 10:53:05 | RIESGO | ⚠️ 2 pata(s) 0DTE abiertas en IBKR SIN operación abierta en la BD — no se reconstruye; revisar y cerrar a mano
2026-08-20 10:53:10 | DATA   | IBKR desconectado
=== NOTIF === 2026-08-20 10:53:24 | RIESGO | BAG no cerró (2 pata/s viva/s) — cierre por patas al MID
=== NOTIF === 2026-08-20 10:53:25 | ORDEN | CIERRE MERCADO SPY C 768 x1
=== NOTIF === 2026-08-20 10:53:33 | ORDEN | CIERRE MERCADO SPY C 765 x1
=== NOTIF === 2026-08-20 10:53:41 | ORDEN | COMPRA VERTICAL SPY P L=769/S=766 x1 débito<=1.63
2026-08-20 10:53:50 | DATA   | cadena 20260820: 14 contratos (ITM+OTM C/P) capturados y cancelados (spot 766.92)
2026-08-20 10:54:00 | DATA   | backfill SPY 120 S 1 min useRTH=False
2026-08-20 10:54:04 | DATA   | cadena 20260820: 82 contratos (ITM+OTM C/P) capturados y cancelados (spot 767.04)
2026-08-20 10:54:04 | DATA   | cadena persistida 2026-08-20 10:54: 82 filas (fuente=live)
=== NOTIF === 2026-08-20 10:54:04 | RIESGO | SYNC 10:54: IBKR tiene 2 pata(s) 0DTE y el sistema se creía PLANO — adoptando
=== NOTIF === 2026-08-20 10:54:04 | RIESGO | ⚠️ 2 pata(s) 0DTE abiertas en IBKR SIN operación abierta en la BD — no se reconstruye; revisar y cerrar a mano
=== NOTIF === 2026-08-20 10:54:31 | RIESGO | BAG no cerró (2 pata/s viva/s) — cierre por patas al MID
=== NOTIF === 2026-08-20 10:54:31 | ORDEN | CIERRE MERCADO SPY P 766 x1
=== NOTIF === 2026-08-20 10:54:39 | ORDEN | CIERRE MERCADO SPY P 769 x1
=== NOTIF === 2026-08-20 10:54:48 | ORDEN | COMPRA VERTICAL SPY C L=765/S=769 x1 débito<=2.09
2026-08-20 10:54:55 | DATA   | cadena 20260820: 14 contratos (ITM+OTM C/P) capturados y cancelados (spot 766.92)
2026-08-20 10:55:04 | DATA   | backfill SPY 120 S 1 min useRTH=False
2026-08-20 10:55:09 | DATA   | cadena 20260820: 82 contratos (ITM+OTM C/P) capturados y cancelados (spot 766.70)
2026-08-20 10:55:09 | DATA   | cadena persistida 2026-08-20 10:55: 82 filas (fuente=live)
=== NOTIF === 2026-08-20 10:55:09 | RIESGO | SYNC 10:55: IBKR tiene 2 pata(s) 0DTE y el sistema se creía PLANO — adoptando
=== NOTIF === 2026-08-20 10:55:09 | RIESGO | ⚠️ 2 pata(s) 0DTE abiertas en IBKR SIN operación abierta en la BD — no se reconstruye; revisar y cerrar a mano
=== NOTIF === 2026-08-20 10:55:09 | ARRANQUE | RECALIBRA 10:55: saldo=512 nivel 4->5 tope 75->90 unidades 1->1 (ancho FIJO 2)
=== NOTIF === 2026-08-20 10:55:37 | RIESGO | BAG no cerró (2 pata/s viva/s) — cierre por patas al MID
=== NOTIF === 2026-08-20 10:55:37 | ORDEN | CIERRE MERCADO SPY C 769 x1
=== NOTIF === 2026-08-20 10:55:45 | ORDEN | CIERRE MERCADO SPY C 765 x1
=== NOTIF === 2026-08-20 10:55:53 | ORDEN | COMPRA VERTICAL SPY P L=769/S=765 x1 débito<=1.90
2026-08-20 10:56:04 | DATA   | backfill SPY 120 S 1 min useRTH=False
2026-08-20 10:56:09 | DATA   | cadena 20260820: 82 contratos (ITM+OTM C/P) capturados y cancelados (spot 766.90)
2026-08-20 10:56:09 | DATA   | cadena persistida 2026-08-20 10:56: 82 filas (fuente=live)
2026-08-20 10:57:04 | DATA   | IBKR conectando a 127.0.0.1:4002 clientId=33
=== NOTIF === 2026-08-20 10:57:05 | IBKR | IBKR conectado (paper 4002)
2026-08-20 10:57:05 | DATA   | IBKR desconectado
=== NOTIF === 2026-08-20 10:57:22 | ARRANQUE | ARRANQUE del sistema vivo — 2026-08-20 (0DTE 20260820)
2026-08-20 10:57:22 | DATA   | IBKR conectando a 127.0.0.1:4002 clientId=17
=== NOTIF === 2026-08-20 10:57:22 | IBKR | IBKR conectado (paper 4002)
=== NOTIF === 2026-08-20 10:57:23 | ARRANQUE | Autocalibra: saldo=736 nivel=6 ancho=2 tope=110 unidades=1
=== NOTIF === 2026-08-20 10:57:23 | ARRANQUE | BACKFILL de arranque (SPY premarket + ETF + día anterior)
2026-08-20 10:57:23 | DATA   | backfill SPY 2 D 1 min useRTH=False
2026-08-20 10:57:23 | DATA   | backfill SPY: 1139 barras persistidas (fecha 2026-08-20)
2026-08-20 10:57:23 | DATA   | backfill DIA: 36 barras
2026-08-20 10:57:23 | DATA   | backfill TLT: 36 barras
2026-08-20 10:57:23 | DATA   | día anterior (2026-08-19, cierres RTH): cierre=769.18 máx=772.23 mín=768.29
2026-08-20 10:57:23 | DATA   | día anterior (cierres RTH): max=772.23 min=768.29 cierre=769.18
=== NOTIF === 2026-08-20 10:57:23 | ARRANQUE | Sistema EN MARCHA — esperando barras (todo activo)
2026-08-20 10:57:23 | DATA   | backfill SPY 120 S 1 min useRTH=False
2026-08-20 10:57:28 | DATA   | cadena 20260820: 82 contratos (ITM+OTM C/P) capturados y cancelados (spot 766.85)
2026-08-20 10:57:28 | DATA   | cadena persistida 2026-08-20 10:57: 82 filas (fuente=live)
2026-08-20 10:57:34 | DATA   | IBKR conectando a 127.0.0.1:4002 clientId=34
=== NOTIF === 2026-08-20 10:57:34 | IBKR | IBKR conectado (paper 4002)
2026-08-20 10:57:39 | DATA   | IBKR conectando a 127.0.0.1:4002 clientId=35
2026-08-20 10:57:40 | DATA   | cadena 20260820: 98 contratos (ITM+OTM C/P) capturados y cancelados (spot 766.85)
=== NOTIF === 2026-08-20 10:57:42 | IBKR | IBKR conectado (paper 4002)
2026-08-20 10:57:44 | DATA   | IBKR desconectado
2026-08-20 10:57:47 | DATA   | cadena 20260820: 98 contratos (ITM+OTM C/P) capturados y cancelados (spot 766.85)
=== NOTIF === 2026-08-20 10:57:53 | ORDEN | COMPRA VERTICAL SPY P L=762/S=760 x1 débito<=0.09
2026-08-20 10:57:58 | DATA   | cadena 20260820: 14 contratos (ITM+OTM C/P) capturados y cancelados (spot 766.85)
=== NOTIF === 2026-08-20 10:58:01 | RIESGO | BAG no cerró (2 pata/s viva/s) — cierre por patas al MID
=== NOTIF === 2026-08-20 10:58:01 | ORDEN | CIERRE MERCADO SPY P 760 x1
2026-08-20 10:58:03 | DATA   | backfill SPY 120 S 1 min useRTH=False
2026-08-20 10:58:08 | DATA   | cadena 20260820: 82 contratos (ITM+OTM C/P) capturados y cancelados (spot 766.82)
2026-08-20 10:58:08 | DATA   | cadena persistida 2026-08-20 10:58: 82 filas (fuente=live)
=== NOTIF === 2026-08-20 10:58:08 | RIESGO | SYNC 10:58: IBKR tiene 1 pata(s) 0DTE y el sistema se creía PLANO — adoptando
=== NOTIF === 2026-08-20 10:58:08 | RIESGO | ⚠️ 1 pata(s) 0DTE abiertas en IBKR SIN operación abierta en la BD — no se reconstruye; revisar y cerrar a mano
=== NOTIF === 2026-08-20 10:58:10 | ORDEN | CIERRE MERCADO SPY P 762 x1
=== NOTIF === 2026-08-20 10:58:18 | RIESGO | BAG no cerró (1 pata/s viva/s) — cierre por patas a MERCADO (último recurso)
=== NOTIF === 2026-08-20 10:58:18 | ORDEN | CIERRE MERCADO SPY P 762 x1
2026-08-20 10:58:33 | DATA   | cadena 20260820: 98 contratos (ITM+OTM C/P) capturados y cancelados (spot 766.82)
2026-08-20 10:58:40 | DATA   | cadena 20260820: 98 contratos (ITM+OTM C/P) capturados y cancelados (spot 766.82)
=== NOTIF === 2026-08-20 10:58:46 | ORDEN | COMPRA VERTICAL SPY P L=762/S=759 x1 débito<=0.10
2026-08-20 10:58:51 | DATA   | cadena 20260820: 14 contratos (ITM+OTM C/P) capturados y cancelados (spot 766.82)
=== NOTIF === 2026-08-20 10:58:55 | RIESGO | BAG no cerró (2 pata/s viva/s) — cierre por patas al MID
=== NOTIF === 2026-08-20 10:58:55 | ORDEN | CIERRE MERCADO SPY P 759 x1
=== NOTIF === 2026-08-20 10:59:03 | ORDEN | CIERRE MERCADO SPY P 762 x1
2026-08-20 10:59:03 | DATA   | backfill SPY 120 S 1 min useRTH=False
2026-08-20 10:59:07 | DATA   | cadena 20260820: 82 contratos (ITM+OTM C/P) capturados y cancelados (spot 766.81)
2026-08-20 10:59:07 | DATA   | cadena persistida 2026-08-20 10:59: 82 filas (fuente=live)
2026-08-20 10:59:16 | DATA   | cadena 20260820: 98 contratos (ITM+OTM C/P) capturados y cancelados (spot 766.81)
2026-08-20 10:59:23 | DATA   | cadena 20260820: 98 contratos (ITM+OTM C/P) capturados y cancelados (spot 766.81)
=== NOTIF === 2026-08-20 10:59:29 | ORDEN | COMPRA VERTICAL SPY P L=762/S=758 x1 débito<=0.08
2026-08-20 10:59:56 | DATA   | cadena 20260820: 98 contratos (ITM+OTM C/P) capturados y cancelados (spot 766.81)
2026-08-20 11:00:02 | DATA   | backfill SPY 120 S 1 min useRTH=False
2026-08-20 11:00:04 | DATA   | cadena 20260820: 98 contratos (ITM+OTM C/P) capturados y cancelados (spot 766.81)
2026-08-20 11:00:09 | DATA   | cadena 20260820: 82 contratos (ITM+OTM C/P) capturados y cancelados (spot 767.15)
2026-08-20 11:00:09 | DATA   | cadena persistida 2026-08-20 11:00: 82 filas (fuente=live)
=== NOTIF === 2026-08-20 11:00:11 | ORDEN | COMPRA VERTICAL SPY P L=764/S=762 x1 débito<=0.16
2026-08-20 11:00:16 | DATA   | IBKR conectando a 127.0.0.1:4002 clientId=34
=== NOTIF === 2026-08-20 11:00:16 | IBKR | IBKR conectado (paper 4002)
2026-08-20 11:00:21 | DATA   | cadena 20260820: 98 contratos (ITM+OTM C/P) capturados y cancelados (spot 767.15)
2026-08-20 11:00:29 | DATA   | cadena 20260820: 98 contratos (ITM+OTM C/P) capturados y cancelados (spot 767.15)
=== NOTIF === 2026-08-20 11:00:35 | ORDEN | COMPRA VERTICAL SPY P L=762/S=760 x1 débito<=0.06
=== NOTIF === 2026-08-20 11:01:00 | ORDEN | COMPRA VERTICAL SPY P L=762/S=759 x1 débito<=0.08
2026-08-20 11:01:04 | DATA   | backfill SPY 120 S 1 min useRTH=False
2026-08-20 11:01:08 | DATA   | cadena 20260820: 82 contratos (ITM+OTM C/P) capturados y cancelados (spot 767.25)
2026-08-20 11:01:08 | DATA   | cadena persistida 2026-08-20 11:01: 82 filas (fuente=live)
2026-08-20 11:01:19 | DATA   | cadena 20260820: 14 contratos (ITM+OTM C/P) capturados y cancelados (spot 767.15)
=== NOTIF === 2026-08-20 11:01:22 | RIESGO | BAG no cerró (2 pata/s viva/s) — cierre por patas al MID
=== NOTIF === 2026-08-20 11:01:22 | ORDEN | CIERRE MERCADO SPY P 759 x1
=== NOTIF === 2026-08-20 11:01:30 | ORDEN | CIERRE MERCADO SPY P 762 x1
=== NOTIF === 2026-08-20 11:01:38 | RIESGO | BAG no cerró (1 pata/s viva/s) — cierre por patas a MERCADO (último recurso)
=== NOTIF === 2026-08-20 11:01:38 | ORDEN | CIERRE MERCADO SPY P 762 x1
=== NOTIF === 2026-08-20 11:01:46 | RIESGO | ⚠️ NO SE PUDO CERRAR: [(762.0, 'P', 1.0)] — CERRAR A MANO ANTES DE LAS 16:00 (§12)
=== NOTIF === 2026-08-20 11:01:50 | ORDEN | COMPRA VERTICAL SPY P L=762/S=758 x1 débito<=0.06
2026-08-20 11:02:03 | DATA   | backfill SPY 120 S 1 min useRTH=False
2026-08-20 11:02:08 | DATA   | cadena 20260820: 82 contratos (ITM+OTM C/P) capturados y cancelados (spot 767.89)
2026-08-20 11:02:08 | DATA   | cadena persistida 2026-08-20 11:02: 82 filas (fuente=live)
2026-08-20 11:02:08 | SENAL  | señal 11:01 P (ORB) -> solo_captura
=== NOTIF === 2026-08-20 11:02:13 | ORDEN | COMPRA VERTICAL SPY P L=764/S=762 x1 débito<=0.11
=== NOTIF === 2026-08-20 11:02:20 | ORDEN | COMPRA VERTICAL SPY P L=764/S=761 x1 débito<=0.14
2026-08-20 11:02:44 | DATA   | IBKR conectando a 127.0.0.1:4002 clientId=35
=== NOTIF === 2026-08-20 11:02:44 | IBKR | IBKR conectado (paper 4002)
2026-08-20 11:02:45 | DATA   | IBKR desconectado
=== NOTIF === 2026-08-20 11:02:46 | ORDEN | COMPRA VERTICAL SPY P L=764/S=760 x1 débito<=0.17
2026-08-20 11:03:03 | DATA   | backfill SPY 120 S 1 min useRTH=False
2026-08-20 11:03:08 | DATA   | cadena 20260820: 82 contratos (ITM+OTM C/P) capturados y cancelados (spot 767.78)
2026-08-20 11:03:08 | DATA   | cadena persistida 2026-08-20 11:03: 82 filas (fuente=live)
2026-08-20 11:03:14 | DATA   | cadena 20260820: 98 contratos (ITM+OTM C/P) capturados y cancelados (spot 767.78)
2026-08-20 11:03:21 | DATA   | cadena 20260820: 98 contratos (ITM+OTM C/P) capturados y cancelados (spot 767.78)
2026-08-20 11:03:29 | DATA   | cadena 20260820: 98 contratos (ITM+OTM C/P) capturados y cancelados (spot 767.78)
2026-08-20 11:03:36 | DATA   | cadena 20260820: 98 contratos (ITM+OTM C/P) capturados y cancelados (spot 767.78)
=== NOTIF === 2026-08-20 11:03:42 | ORDEN | COMPRA VERTICAL SPY P L=767/S=764 x1 débito<=0.65
2026-08-20 11:03:54 | DATA   | cadena 20260820: 14 contratos (ITM+OTM C/P) capturados y cancelados (spot 767.78)
=== NOTIF === 2026-08-20 11:03:58 | RIESGO | BAG no cerró (2 pata/s viva/s) — cierre por patas al MID
=== NOTIF === 2026-08-20 11:03:58 | ORDEN | CIERRE MERCADO SPY P 764 x1
2026-08-20 11:04:03 | DATA   | backfill SPY 120 S 1 min useRTH=False
2026-08-20 11:04:07 | DATA   | cadena 20260820: 82 contratos (ITM+OTM C/P) capturados y cancelados (spot 768.14)
2026-08-20 11:04:07 | DATA   | cadena persistida 2026-08-20 11:04: 82 filas (fuente=live)
=== NOTIF === 2026-08-20 11:04:07 | RIESGO | SYNC 11:04: IBKR tiene 1 pata(s) 0DTE y el sistema se creía PLANO — adoptando
=== NOTIF === 2026-08-20 11:04:07 | RIESGO | ⚠️ 1 pata(s) 0DTE abiertas en IBKR SIN operación abierta en la BD — no se reconstruye; revisar y cerrar a mano
=== NOTIF === 2026-08-20 11:04:08 | ORDEN | CIERRE MERCADO SPY P 767 x1
=== NOTIF === 2026-08-20 11:04:19 | ORDEN | COMPRA VERTICAL SPY P L=767/S=763 x1 débito<=0.58
=== NOTIF === 2026-08-20 11:04:43 | ORDEN | COMPRA VERTICAL SPY C L=766/S=768 x1 débito<=1.34
2026-08-20 11:04:59 | DATA   | cadena 20260820: 14 contratos (ITM+OTM C/P) capturados y cancelados (spot 767.78)
2026-08-20 11:05:02 | DATA   | backfill SPY 120 S 1 min useRTH=False
=== NOTIF === 2026-08-20 11:05:02 | RIESGO | BAG no cerró (2 pata/s viva/s) — cierre por patas al MID
=== NOTIF === 2026-08-20 11:05:03 | ORDEN | CIERRE MERCADO SPY C 768 x1
2026-08-20 11:05:07 | DATA   | cadena 20260820: 82 contratos (ITM+OTM C/P) capturados y cancelados (spot 767.92)
2026-08-20 11:05:07 | DATA   | cadena persistida 2026-08-20 11:05: 82 filas (fuente=live)
=== NOTIF === 2026-08-20 11:05:07 | RIESGO | SYNC 11:05: IBKR tiene 1 pata(s) 0DTE y el sistema se creía PLANO — adoptando
=== NOTIF === 2026-08-20 11:05:07 | RIESGO | ⚠️ 1 pata(s) 0DTE abiertas en IBKR SIN operación abierta en la BD — no se reconstruye; revisar y cerrar a mano
=== NOTIF === 2026-08-20 11:05:11 | ORDEN | CIERRE MERCADO SPY C 766 x1
=== NOTIF === 2026-08-20 11:05:21 | ORDEN | COMPRA VERTICAL SPY C L=765/S=767 x1 débito<=1.50
2026-08-20 11:05:29 | DATA   | cadena 20260820: 14 contratos (ITM+OTM C/P) capturados y cancelados (spot 767.78)
=== NOTIF === 2026-08-20 11:05:33 | RIESGO | BAG no cerró (2 pata/s viva/s) — cierre por patas al MID
=== NOTIF === 2026-08-20 11:05:33 | ORDEN | CIERRE MERCADO SPY C 767 x1
=== NOTIF === 2026-08-20 11:05:41 | ORDEN | CIERRE MERCADO SPY C 765 x1
=== NOTIF === 2026-08-20 11:05:49 | RIESGO | BAG no cerró (1 pata/s viva/s) — cierre por patas a MERCADO (último recurso)
=== NOTIF === 2026-08-20 11:05:49 | ORDEN | CIERRE MERCADO SPY C 765 x1
=== NOTIF === 2026-08-20 11:06:01 | ORDEN | COMPRA VERTICAL SPY C L=765/S=768 x1 débito<=2.04
2026-08-20 11:06:02 | DATA   | backfill SPY 120 S 1 min useRTH=False
2026-08-20 11:06:07 | DATA   | cadena 20260820: 82 contratos (ITM+OTM C/P) capturados y cancelados (spot 767.24)
2026-08-20 11:06:07 | DATA   | cadena persistida 2026-08-20 11:06: 82 filas (fuente=live)
2026-08-20 11:06:20 | DATA   | cadena 20260820: 14 contratos (ITM+OTM C/P) capturados y cancelados (spot 767.78)
=== NOTIF === 2026-08-20 11:06:24 | RIESGO | BAG no cerró (2 pata/s viva/s) — cierre por patas al MID
=== NOTIF === 2026-08-20 11:06:24 | ORDEN | CIERRE MERCADO SPY C 768 x1
=== NOTIF === 2026-08-20 11:06:32 | ORDEN | CIERRE MERCADO SPY C 765 x1
=== NOTIF === 2026-08-20 11:06:43 | ORDEN | COMPRA VERTICAL SPY C L=763/S=765 x1 débito<=1.73
2026-08-20 11:07:02 | DATA   | backfill SPY 120 S 1 min useRTH=False
2026-08-20 11:07:06 | DATA   | cadena 20260820: 82 contratos (ITM+OTM C/P) capturados y cancelados (spot 767.11)
2026-08-20 11:07:06 | DATA   | cadena persistida 2026-08-20 11:07: 82 filas (fuente=live)
2026-08-20 11:07:12 | DATA   | cadena 20260820: 98 contratos (ITM+OTM C/P) capturados y cancelados (spot 767.11)
2026-08-20 11:07:19 | DATA   | cadena 20260820: 98 contratos (ITM+OTM C/P) capturados y cancelados (spot 767.11)
=== NOTIF === 2026-08-20 11:07:25 | ORDEN | COMPRA VERTICAL SPY C L=762/S=765 x1 débito<=2.65
2026-08-20 11:07:45 | DATA   | IBKR conectando a 127.0.0.1:4002 clientId=35
=== NOTIF === 2026-08-20 11:07:45 | IBKR | IBKR conectado (paper 4002)
2026-08-20 11:07:45 | DATA   | IBKR desconectado
=== NOTIF === 2026-08-20 11:07:49 | ORDEN | COMPRA VERTICAL SPY C L=762/S=766 x1 débito<=3.40
2026-08-20 11:08:02 | DATA   | backfill SPY 120 S 1 min useRTH=False
2026-08-20 11:08:02 | DATA   | cadena 20260820: 14 contratos (ITM+OTM C/P) capturados y cancelados (spot 767.11)
=== NOTIF === 2026-08-20 11:08:05 | RIESGO | BAG no cerró (2 pata/s viva/s) — cierre por patas al MID
2026-08-20 11:08:06 | DATA   | cadena 20260820: 82 contratos (ITM+OTM C/P) capturados y cancelados (spot 766.96)
2026-08-20 11:08:06 | DATA   | cadena persistida 2026-08-20 11:08: 82 filas (fuente=live)
=== NOTIF === 2026-08-20 11:08:06 | RIESGO | SYNC 11:08: IBKR tiene 2 pata(s) 0DTE y el sistema se creía PLANO — adoptando
=== NOTIF === 2026-08-20 11:08:06 | RIESGO | ⚠️ 2 pata(s) 0DTE abiertas en IBKR SIN operación abierta en la BD — no se reconstruye; revisar y cerrar a mano
=== NOTIF === 2026-08-20 11:08:06 | ORDEN | CIERRE MERCADO SPY C 766 x1
=== NOTIF === 2026-08-20 11:08:14 | ORDEN | CIERRE MERCADO SPY C 762 x1
=== NOTIF === 2026-08-20 11:08:22 | RIESGO | BAG no cerró (1 pata/s viva/s) — cierre por patas a MERCADO (último recurso)
=== NOTIF === 2026-08-20 11:08:22 | ORDEN | CIERRE MERCADO SPY C 762 x1
=== NOTIF === 2026-08-20 11:08:35 | ORDEN | COMPRA VERTICAL SPY C L=757/S=759 x1 débito<=1.98
=== NOTIF === 2026-08-20 11:08:59 | ORDEN | COMPRA VERTICAL SPY C L=757/S=760 x1 débito<=3.04
2026-08-20 11:09:01 | DATA   | backfill SPY 120 S 1 min useRTH=False
2026-08-20 11:09:06 | DATA   | cadena 20260820: 82 contratos (ITM+OTM C/P) capturados y cancelados (spot 766.59)
2026-08-20 11:09:06 | DATA   | cadena persistida 2026-08-20 11:09: 82 filas (fuente=live)
=== NOTIF === 2026-08-20 11:09:24 | ORDEN | COMPRA VERTICAL SPY C L=757/S=761 x1 débito<=3.92
=== NOTIF === 2026-08-20 11:09:49 | ORDEN | COMPRA VERTICAL SPY C L=747/S=749 x1 débito<=1.96
2026-08-20 11:10:01 | DATA   | backfill SPY 120 S 1 min useRTH=False
2026-08-20 11:10:05 | DATA   | cadena 20260820: 82 contratos (ITM+OTM C/P) capturados y cancelados (spot 766.56)
2026-08-20 11:10:05 | DATA   | cadena persistida 2026-08-20 11:10: 82 filas (fuente=live)
2026-08-20 11:10:15 | DATA   | cadena 20260820: 98 contratos (ITM+OTM C/P) capturados y cancelados (spot 766.56)
2026-08-20 11:10:23 | DATA   | cadena 20260820: 98 contratos (ITM+OTM C/P) capturados y cancelados (spot 766.56)
=== NOTIF === 2026-08-20 11:10:29 | ORDEN | COMPRA VERTICAL SPY C L=747/S=750 x1 débito<=3.00
=== NOTIF === 2026-08-20 11:10:55 | ORDEN | COMPRA VERTICAL SPY C L=747/S=751 x1 débito<=4.01
2026-08-20 11:11:00 | DATA   | backfill SPY 120 S 1 min useRTH=False
2026-08-20 11:11:05 | DATA   | cadena 20260820: 82 contratos (ITM+OTM C/P) capturados y cancelados (spot 766.31)
2026-08-20 11:11:05 | DATA   | cadena persistida 2026-08-20 11:11: 82 filas (fuente=live)
2026-08-20 11:11:22 | DATA   | cadena 20260820: 98 contratos (ITM+OTM C/P) capturados y cancelados (spot 766.31)
=== NOTIF === 2026-08-20 11:11:28 | ORDEN | COMPRA VERTICAL SPY C L=771/S=773 x1 débito<=0.04
=== NOTIF === 2026-08-20 11:11:52 | ORDEN | COMPRA VERTICAL SPY P L=761/S=759 x1 débito<=0.05
2026-08-20 11:12:00 | DATA   | backfill SPY 120 S 1 min useRTH=False
2026-08-20 11:12:05 | DATA   | cadena 20260820: 82 contratos (ITM+OTM C/P) capturados y cancelados (spot 766.37)
2026-08-20 11:12:05 | DATA   | cadena persistida 2026-08-20 11:12: 82 filas (fuente=live)
=== NOTIF === 2026-08-20 11:12:18 | ORDEN | COMPRA VERTICAL SPY P L=761/S=758 x1 débito<=0.08
2026-08-20 11:12:37 | DATA   | cadena 20260820: 14 contratos (ITM+OTM C/P) capturados y cancelados (spot 766.31)
=== NOTIF === 2026-08-20 11:12:41 | RIESGO | BAG no cerró (2 pata/s viva/s) — cierre por patas al MID
=== NOTIF === 2026-08-20 11:12:41 | ORDEN | CIERRE MERCADO SPY P 758 x1
2026-08-20 11:12:45 | DATA   | IBKR conectando a 127.0.0.1:4002 clientId=35
=== NOTIF === 2026-08-20 11:12:45 | IBKR | IBKR conectado (paper 4002)
2026-08-20 11:12:45 | DATA   | IBKR desconectado
=== NOTIF === 2026-08-20 11:12:49 | ORDEN | CIERRE MERCADO SPY P 761 x1
=== NOTIF === 2026-08-20 11:13:00 | ORDEN | COMPRA VERTICAL SPY P L=761/S=757 x1 débito<=0.07
2026-08-20 11:13:00 | DATA   | backfill SPY 120 S 1 min useRTH=False
2026-08-20 11:13:05 | DATA   | cadena 20260820: 82 contratos (ITM+OTM C/P) capturados y cancelados (spot 766.52)
2026-08-20 11:13:05 | DATA   | cadena persistida 2026-08-20 11:13: 82 filas (fuente=live)
2026-08-20 11:13:18 | DATA   | cadena 20260820: 14 contratos (ITM+OTM C/P) capturados y cancelados (spot 766.31)
=== NOTIF === 2026-08-20 11:13:22 | RIESGO | BAG no cerró (2 pata/s viva/s) — cierre por patas al MID
=== NOTIF === 2026-08-20 11:13:22 | ORDEN | CIERRE MERCADO SPY P 757 x1
=== NOTIF === 2026-08-20 11:13:30 | ORDEN | CIERRE MERCADO SPY P 761 x1
=== NOTIF === 2026-08-20 11:13:41 | ORDEN | COMPRA VERTICAL SPY C L=769/S=771 x1 débito<=0.20
2026-08-20 11:14:00 | DATA   | backfill SPY 120 S 1 min useRTH=False
2026-08-20 11:14:04 | DATA   | cadena 20260820: 82 contratos (ITM+OTM C/P) capturados y cancelados (spot 766.96)
2026-08-20 11:14:04 | DATA   | cadena persistida 2026-08-20 11:14: 82 filas (fuente=live)
=== NOTIF === 2026-08-20 11:14:07 | ORDEN | COMPRA VERTICAL SPY P L=763/S=761 x1 débito<=0.11
2026-08-20 11:14:15 | DATA   | cadena 20260820: 14 contratos (ITM+OTM C/P) capturados y cancelados (spot 766.31)
=== NOTIF === 2026-08-20 11:14:18 | RIESGO | BAG no cerró (2 pata/s viva/s) — cierre por patas al MID
=== NOTIF === 2026-08-20 11:14:18 | ORDEN | CIERRE MERCADO SPY P 761 x1
=== NOTIF === 2026-08-20 11:14:26 | ORDEN | CIERRE MERCADO SPY P 763 x1
2026-08-20 11:14:40 | DATA   | cadena 20260820: 98 contratos (ITM+OTM C/P) capturados y cancelados (spot 766.96)
2026-08-20 11:14:47 | DATA   | cadena 20260820: 98 contratos (ITM+OTM C/P) capturados y cancelados (spot 766.96)
=== NOTIF === 2026-08-20 11:14:53 | ORDEN | COMPRA VERTICAL SPY P L=764/S=761 x1 débito<=0.25
2026-08-20 11:15:02 | DATA   | cadena 20260820: 14 contratos (ITM+OTM C/P) capturados y cancelados (spot 766.96)
2026-08-20 11:15:04 | DATA   | backfill SPY 120 S 1 min useRTH=False
=== NOTIF === 2026-08-20 11:15:05 | RIESGO | BAG no cerró (2 pata/s viva/s) — cierre por patas al MID
=== NOTIF === 2026-08-20 11:15:06 | ORDEN | CIERRE MERCADO SPY P 761 x1
2026-08-20 11:15:09 | DATA   | cadena 20260820: 82 contratos (ITM+OTM C/P) capturados y cancelados (spot 766.79)
2026-08-20 11:15:09 | DATA   | cadena persistida 2026-08-20 11:15: 82 filas (fuente=live)
=== NOTIF === 2026-08-20 11:15:09 | RIESGO | SYNC 11:15: IBKR tiene 1 pata(s) 0DTE y el sistema se creía PLANO — adoptando
=== NOTIF === 2026-08-20 11:15:09 | RIESGO | ⚠️ 1 pata(s) 0DTE abiertas en IBKR SIN operación abierta en la BD — no se reconstruye; revisar y cerrar a mano
=== NOTIF === 2026-08-20 11:15:14 | ORDEN | CIERRE MERCADO SPY P 764 x1
=== NOTIF === 2026-08-20 11:15:25 | ORDEN | COMPRA VERTICAL SPY P L=764/S=760 x1 débito<=0.28
2026-08-20 11:15:30 | DATA   | cadena 20260820: 14 contratos (ITM+OTM C/P) capturados y cancelados (spot 766.96)
=== NOTIF === 2026-08-20 11:15:33 | RIESGO | BAG no cerró (2 pata/s viva/s) — cierre por patas al MID
=== NOTIF === 2026-08-20 11:15:33 | ORDEN | CIERRE MERCADO SPY P 760 x1
=== NOTIF === 2026-08-20 11:15:41 | ORDEN | CIERRE MERCADO SPY P 764 x1
=== NOTIF === 2026-08-20 11:15:52 | ORDEN | COMPRA VERTICAL SPY P L=766/S=764 x1 débito<=0.49
2026-08-20 11:16:04 | DATA   | backfill SPY 120 S 1 min useRTH=False
2026-08-20 11:16:08 | DATA   | cadena 20260820: 82 contratos (ITM+OTM C/P) capturados y cancelados (spot 766.68)
2026-08-20 11:16:08 | DATA   | cadena persistida 2026-08-20 11:16: 82 filas (fuente=live)
=== NOTIF === 2026-08-20 11:16:17 | ORDEN | COMPRA VERTICAL SPY P L=766/S=763 x1 débito<=0.63
=== NOTIF === 2026-08-20 11:16:41 | ORDEN | COMPRA VERTICAL SPY P L=766/S=762 x1 débito<=0.80
2026-08-20 11:16:46 | DATA   | cadena 20260820: 14 contratos (ITM+OTM C/P) capturados y cancelados (spot 766.96)
=== NOTIF === 2026-08-20 11:16:50 | RIESGO | BAG no cerró (2 pata/s viva/s) — cierre por patas al MID
=== NOTIF === 2026-08-20 11:16:50 | ORDEN | CIERRE MERCADO SPY P 762 x1
=== NOTIF === 2026-08-20 11:16:58 | ORDEN | CIERRE MERCADO SPY P 766 x1
2026-08-20 11:17:04 | DATA   | backfill SPY 120 S 1 min useRTH=False
2026-08-20 11:17:08 | DATA   | cadena 20260820: 82 contratos (ITM+OTM C/P) capturados y cancelados (spot 766.59)
2026-08-20 11:17:08 | DATA   | cadena persistida 2026-08-20 11:17: 82 filas (fuente=live)
=== NOTIF === 2026-08-20 11:17:10 | ORDEN | COMPRA VERTICAL SPY P L=767/S=765 x1 débito<=0.76
2026-08-20 11:17:15 | DATA   | cadena 20260820: 14 contratos (ITM+OTM C/P) capturados y cancelados (spot 766.96)
=== NOTIF === 2026-08-20 11:17:18 | RIESGO | BAG no cerró (2 pata/s viva/s) — cierre por patas al MID
=== NOTIF === 2026-08-20 11:17:18 | ORDEN | CIERRE MERCADO SPY P 765 x1
=== NOTIF === 2026-08-20 11:17:27 | ORDEN | CIERRE MERCADO SPY P 767 x1
2026-08-20 11:17:40 | DATA   | cadena 20260820: 98 contratos (ITM+OTM C/P) capturados y cancelados (spot 766.59)
2026-08-20 11:17:45 | DATA   | IBKR conectando a 127.0.0.1:4002 clientId=35
2026-08-20 11:17:47 | DATA   | cadena 20260820: 98 contratos (ITM+OTM C/P) capturados y cancelados (spot 766.59)
=== NOTIF === 2026-08-20 11:17:49 | IBKR | IBKR conectado (paper 4002)
2026-08-20 11:17:51 | DATA   | IBKR desconectado
2026-08-20 11:17:55 | DATA   | cadena 20260820: 98 contratos (ITM+OTM C/P) capturados y cancelados (spot 766.59)
2026-08-20 11:18:02 | DATA   | cadena 20260820: 98 contratos (ITM+OTM C/P) capturados y cancelados (spot 766.59)
2026-08-20 11:18:03 | DATA   | backfill SPY 120 S 1 min useRTH=False
2026-08-20 11:18:10 | DATA   | cadena 20260820: 82 contratos (ITM+OTM C/P) capturados y cancelados (spot 766.77)
2026-08-20 11:18:10 | DATA   | cadena persistida 2026-08-20 11:18: 82 filas (fuente=live)
2026-08-20 11:18:10 | DATA   | cadena 20260820: 98 contratos (ITM+OTM C/P) capturados y cancelados (spot 766.59)
2026-08-20 11:18:20 | DATA   | cadena 20260820: 98 contratos (ITM+OTM C/P) capturados y cancelados (spot 766.77)
2026-08-20 11:18:27 | DATA   | cadena 20260820: 98 contratos (ITM+OTM C/P) capturados y cancelados (spot 766.77)
2026-08-20 11:18:35 | DATA   | cadena 20260820: 98 contratos (ITM+OTM C/P) capturados y cancelados (spot 766.77)
=== NOTIF === 2026-08-20 11:18:41 | ORDEN | COMPRA VERTICAL SPY P L=768/S=765 x1 débito<=1.26
2026-08-20 11:18:50 | DATA   | cadena 20260820: 14 contratos (ITM+OTM C/P) capturados y cancelados (spot 766.77)
=== NOTIF === 2026-08-20 11:18:53 | RIESGO | BAG no cerró (2 pata/s viva/s) — cierre por patas al MID
=== NOTIF === 2026-08-20 11:18:53 | ORDEN | CIERRE MERCADO SPY P 765 x1
2026-08-20 11:19:00 | DATA   | backfill SPY 120 S 1 min useRTH=False
=== NOTIF === 2026-08-20 11:19:03 | ORDEN | CIERRE MERCADO SPY P 768 x1
2026-08-20 11:19:05 | DATA   | cadena 20260820: 82 contratos (ITM+OTM C/P) capturados y cancelados (spot 766.96)
2026-08-20 11:19:05 | DATA   | cadena persistida 2026-08-20 11:19: 82 filas (fuente=live)
=== NOTIF === 2026-08-20 11:19:13 | ORDEN | COMPRA VERTICAL SPY C L=766/S=770 x1 débito<=1.53
2026-08-20 11:19:21 | DATA   | cadena 20260820: 14 contratos (ITM+OTM C/P) capturados y cancelados (spot 766.77)
=== NOTIF === 2026-08-20 11:19:24 | RIESGO | BAG no cerró (2 pata/s viva/s) — cierre por patas al MID
=== NOTIF === 2026-08-20 11:19:24 | ORDEN | CIERRE MERCADO SPY C 770 x1
=== NOTIF === 2026-08-20 11:19:32 | ORDEN | CIERRE MERCADO SPY C 766 x1
=== NOTIF === 2026-08-20 11:19:43 | ORDEN | COMPRA VERTICAL SPY P L=768/S=764 x1 débito<=1.39
2026-08-20 11:19:50 | DATA   | cadena 20260820: 14 contratos (ITM+OTM C/P) capturados y cancelados (spot 766.77)
=== NOTIF === 2026-08-20 11:19:53 | RIESGO | BAG no cerró (2 pata/s viva/s) — cierre por patas al MID
=== NOTIF === 2026-08-20 11:19:53 | ORDEN | CIERRE MERCADO SPY P 764 x1
2026-08-20 11:20:00 | DATA   | backfill SPY 120 S 1 min useRTH=False
=== NOTIF === 2026-08-20 11:20:02 | ORDEN | CIERRE MERCADO SPY P 768 x1
2026-08-20 11:20:04 | DATA   | cadena 20260820: 82 contratos (ITM+OTM C/P) capturados y cancelados (spot 766.77)
2026-08-20 11:20:04 | DATA   | cadena persistida 2026-08-20 11:20: 82 filas (fuente=live)
=== NOTIF === 2026-08-20 11:20:13 | ORDEN | COMPRA VERTICAL SPY C L=765/S=767 x1 débito<=1.27
=== NOTIF === 2026-08-20 11:20:38 | ORDEN | COMPRA VERTICAL SPY P L=769/S=767 x1 débito<=1.39
2026-08-20 11:20:43 | DATA   | cadena 20260820: 14 contratos (ITM+OTM C/P) capturados y cancelados (spot 766.77)
=== NOTIF === 2026-08-20 11:20:46 | RIESGO | BAG no cerró (2 pata/s viva/s) — cierre por patas al MID
=== NOTIF === 2026-08-20 11:20:47 | ORDEN | CIERRE MERCADO SPY P 767 x1
=== NOTIF === 2026-08-20 11:20:55 | ORDEN | CIERRE MERCADO SPY P 769 x1
2026-08-20 11:21:04 | DATA   | backfill SPY 120 S 1 min useRTH=False
=== NOTIF === 2026-08-20 11:21:06 | ORDEN | COMPRA VERTICAL SPY C L=765/S=768 x1 débito<=1.61
2026-08-20 11:21:09 | DATA   | cadena 20260820: 82 contratos (ITM+OTM C/P) capturados y cancelados (spot 766.48)
2026-08-20 11:21:09 | DATA   | cadena persistida 2026-08-20 11:21: 82 filas (fuente=live)
=== NOTIF === 2026-08-20 11:21:09 | RIESGO | SYNC 11:21: IBKR tiene 2 pata(s) 0DTE y el sistema se creía PLANO — adoptando
=== NOTIF === 2026-08-20 11:21:09 | RIESGO | ⚠️ 2 pata(s) 0DTE abiertas en IBKR SIN operación abierta en la BD — no se reconstruye; revisar y cerrar a mano
2026-08-20 11:21:11 | DATA   | cadena 20260820: 14 contratos (ITM+OTM C/P) capturados y cancelados (spot 766.77)
=== NOTIF === 2026-08-20 11:21:15 | RIESGO | BAG no cerró (2 pata/s viva/s) — cierre por patas al MID
=== NOTIF === 2026-08-20 11:21:15 | ORDEN | CIERRE MERCADO SPY C 768 x1
=== NOTIF === 2026-08-20 11:21:23 | ORDEN | CIERRE MERCADO SPY C 765 x1
=== NOTIF === 2026-08-20 11:21:31 | RIESGO | BAG no cerró (1 pata/s viva/s) — cierre por patas a MERCADO (último recurso)
=== NOTIF === 2026-08-20 11:21:31 | ORDEN | CIERRE MERCADO SPY C 765 x1
2026-08-20 11:21:44 | DATA   | cadena 20260820: 98 contratos (ITM+OTM C/P) capturados y cancelados (spot 766.48)
2026-08-20 11:21:51 | DATA   | cadena 20260820: 98 contratos (ITM+OTM C/P) capturados y cancelados (spot 766.48)
2026-08-20 11:21:59 | DATA   | cadena 20260820: 98 contratos (ITM+OTM C/P) capturados y cancelados (spot 766.48)
2026-08-20 11:22:04 | DATA   | backfill SPY 120 S 1 min useRTH=False
2026-08-20 11:22:06 | DATA   | cadena 20260820: 98 contratos (ITM+OTM C/P) capturados y cancelados (spot 766.48)
2026-08-20 11:22:10 | DATA   | cadena 20260820: 82 contratos (ITM+OTM C/P) capturados y cancelados (spot 766.26)
2026-08-20 11:22:10 | DATA   | cadena persistida 2026-08-20 11:22: 82 filas (fuente=live)
=== NOTIF === 2026-08-20 11:22:10 | ARRANQUE | RECALIBRA 11:22: saldo=600 nivel 6->5 tope 110->90 unidades 1->1 (ancho FIJO 2)
2026-08-20 11:22:16 | DATA   | cadena 20260820: 98 contratos (ITM+OTM C/P) capturados y cancelados (spot 766.26)
2026-08-20 11:22:24 | DATA   | cadena 20260820: 98 contratos (ITM+OTM C/P) capturados y cancelados (spot 766.26)
2026-08-20 11:22:31 | DATA   | cadena 20260820: 98 contratos (ITM+OTM C/P) capturados y cancelados (spot 766.26)
2026-08-20 11:22:38 | DATA   | cadena 20260820: 98 contratos (ITM+OTM C/P) capturados y cancelados (spot 766.26)
2026-08-20 11:22:46 | DATA   | cadena 20260820: 98 contratos (ITM+OTM C/P) capturados y cancelados (spot 766.26)
2026-08-20 11:22:51 | DATA   | IBKR conectando a 127.0.0.1:4002 clientId=35
=== NOTIF === 2026-08-20 11:22:52 | IBKR | IBKR conectado (paper 4002)
2026-08-20 11:22:53 | DATA   | cadena 20260820: 98 contratos (ITM+OTM C/P) capturados y cancelados (spot 766.26)
2026-08-20 11:22:54 | DATA   | IBKR desconectado
=== NOTIF === 2026-08-20 11:22:59 | ORDEN | COMPRA VERTICAL SPY C L=761/S=763 x1 débito<=1.84
2026-08-20 11:23:00 | DATA   | backfill SPY 120 S 1 min useRTH=False
2026-08-20 11:23:05 | DATA   | cadena 20260820: 82 contratos (ITM+OTM C/P) capturados y cancelados (spot 766.19)
2026-08-20 11:23:05 | DATA   | cadena persistida 2026-08-20 11:23: 82 filas (fuente=live)
=== NOTIF === 2026-08-20 11:23:24 | ORDEN | COMPRA VERTICAL SPY C L=761/S=764 x1 débito<=2.69
=== NOTIF === 2026-08-20 11:23:48 | ORDEN | COMPRA VERTICAL SPY C L=761/S=765 x1 débito<=3.42
2026-08-20 11:24:00 | DATA   | backfill SPY 120 S 1 min useRTH=False
2026-08-20 11:24:05 | DATA   | cadena 20260820: 82 contratos (ITM+OTM C/P) capturados y cancelados (spot 766.07)
2026-08-20 11:24:05 | DATA   | cadena persistida 2026-08-20 11:24: 82 filas (fuente=live)
=== NOTIF === 2026-08-20 11:24:13 | ORDEN | COMPRA VERTICAL SPY C L=756/S=758 x1 débito<=1.99
=== NOTIF === 2026-08-20 11:24:37 | ORDEN | COMPRA VERTICAL SPY C L=756/S=759 x1 débito<=2.98
2026-08-20 11:25:00 | DATA   | backfill SPY 120 S 1 min useRTH=False
=== NOTIF === 2026-08-20 11:25:04 | ORDEN | COMPRA VERTICAL SPY C L=756/S=760 x1 débito<=3.96
2026-08-20 11:25:06 | DATA   | cadena 20260820: 82 contratos (ITM+OTM C/P) capturados y cancelados (spot 766.29)
2026-08-20 11:25:06 | DATA   | cadena persistida 2026-08-20 11:25: 82 filas (fuente=live)
2026-08-20 11:25:31 | DATA   | cadena 20260820: 98 contratos (ITM+OTM C/P) capturados y cancelados (spot 766.29)
2026-08-20 11:25:38 | DATA   | cadena 20260820: 98 contratos (ITM+OTM C/P) capturados y cancelados (spot 766.29)
=== NOTIF === 2026-08-20 11:25:44 | ORDEN | COMPRA VERTICAL SPY C L=746/S=748 x1 débito<=1.99
2026-08-20 11:26:01 | DATA   | backfill SPY 120 S 1 min useRTH=False
2026-08-20 11:26:06 | DATA   | cadena 20260820: 82 contratos (ITM+OTM C/P) capturados y cancelados (spot 766.12)
2026-08-20 11:26:06 | DATA   | cadena persistida 2026-08-20 11:26: 82 filas (fuente=live)
=== NOTIF === 2026-08-20 11:26:10 | ORDEN | COMPRA VERTICAL SPY C L=746/S=749 x1 débito<=2.44
=== NOTIF === 2026-08-20 11:26:34 | ORDEN | COMPRA VERTICAL SPY C L=746/S=750 x1 débito<=3.99
2026-08-20 11:27:01 | DATA   | backfill SPY 120 S 1 min useRTH=False
2026-08-20 11:27:01 | DATA   | cadena 20260820: 98 contratos (ITM+OTM C/P) capturados y cancelados (spot 766.12)
2026-08-20 11:27:07 | DATA   | cadena 20260820: 82 contratos (ITM+OTM C/P) capturados y cancelados (spot 766.28)
2026-08-20 11:27:07 | DATA   | cadena persistida 2026-08-20 11:27: 82 filas (fuente=live)
2026-08-20 11:27:09 | DATA   | cadena 20260820: 98 contratos (ITM+OTM C/P) capturados y cancelados (spot 766.12)
2026-08-20 11:27:19 | DATA   | cadena 20260820: 98 contratos (ITM+OTM C/P) capturados y cancelados (spot 766.28)
2026-08-20 11:27:26 | DATA   | cadena 20260820: 98 contratos (ITM+OTM C/P) capturados y cancelados (spot 766.28)
=== NOTIF === 2026-08-20 11:27:32 | ORDEN | COMPRA VERTICAL SPY P L=761/S=758 x1 débito<=0.05
2026-08-20 11:27:54 | DATA   | IBKR conectando a 127.0.0.1:4002 clientId=35
=== NOTIF === 2026-08-20 11:27:55 | IBKR | IBKR conectado (paper 4002)
2026-08-20 11:27:55 | DATA   | IBKR desconectado
=== NOTIF === 2026-08-20 11:27:57 | ORDEN | COMPRA VERTICAL SPY P L=761/S=757 x1 débito<=0.05
2026-08-20 11:28:02 | DATA   | backfill SPY 120 S 1 min useRTH=False
2026-08-20 11:28:07 | DATA   | cadena 20260820: 82 contratos (ITM+OTM C/P) capturados y cancelados (spot 766.52)
2026-08-20 11:28:07 | DATA   | cadena persistida 2026-08-20 11:28: 82 filas (fuente=live)
=== NOTIF === 2026-08-20 11:28:22 | ORDEN | COMPRA VERTICAL SPY P L=763/S=761 x1 débito<=0.10
2026-08-20 11:28:29 | DATA   | cadena 20260820: 14 contratos (ITM+OTM C/P) capturados y cancelados (spot 766.28)
=== NOTIF === 2026-08-20 11:28:57 | RIESGO | BAG no cerró (2 pata/s viva/s) — cierre por patas al MID
=== NOTIF === 2026-08-20 11:28:57 | ORDEN | CIERRE MERCADO SPY P 761 x1
2026-08-20 11:29:02 | DATA   | backfill SPY 120 S 1 min useRTH=False
=== NOTIF === 2026-08-20 11:29:06 | ORDEN | CIERRE MERCADO SPY P 763 x1
2026-08-20 11:29:07 | DATA   | cadena 20260820: 82 contratos (ITM+OTM C/P) capturados y cancelados (spot 766.51)
2026-08-20 11:29:07 | DATA   | cadena persistida 2026-08-20 11:29: 82 filas (fuente=live)
=== NOTIF === 2026-08-20 11:29:07 | RIESGO | SYNC 11:29: IBKR tiene 1 pata(s) 0DTE y el sistema se creía PLANO — adoptando
=== NOTIF === 2026-08-20 11:29:07 | RIESGO | ⚠️ 1 pata(s) 0DTE abiertas en IBKR SIN operación abierta en la BD — no se reconstruye; revisar y cerrar a mano
=== NOTIF === 2026-08-20 11:29:17 | ORDEN | COMPRA VERTICAL SPY P L=763/S=760 x1 débito<=0.12
2026-08-20 11:29:27 | DATA   | cadena 20260820: 14 contratos (ITM+OTM C/P) capturados y cancelados (spot 766.28)
=== NOTIF === 2026-08-20 11:29:31 | RIESGO | BAG no cerró (2 pata/s viva/s) — cierre por patas al MID
=== NOTIF === 2026-08-20 11:29:31 | ORDEN | CIERRE MERCADO SPY P 760 x1
=== NOTIF === 2026-08-20 11:29:39 | ORDEN | CIERRE MERCADO SPY P 763 x1
=== NOTIF === 2026-08-20 11:29:50 | ORDEN | COMPRA VERTICAL SPY P L=763/S=759 x1 débito<=0.13
2026-08-20 11:30:02 | DATA   | backfill SPY 120 S 1 min useRTH=False
2026-08-20 11:30:05 | DATA   | cadena 20260820: 14 contratos (ITM+OTM C/P) capturados y cancelados (spot 766.28)
2026-08-20 11:30:06 | DATA   | cadena 20260820: 82 contratos (ITM+OTM C/P) capturados y cancelados (spot 766.75)
2026-08-20 11:30:06 | DATA   | cadena persistida 2026-08-20 11:30: 82 filas (fuente=live)
=== NOTIF === 2026-08-20 11:30:06 | RIESGO | SYNC 11:30: IBKR tiene 2 pata(s) 0DTE y el sistema se creía PLANO — adoptando
=== NOTIF === 2026-08-20 11:30:06 | RIESGO | ⚠️ 2 pata(s) 0DTE abiertas en IBKR SIN operación abierta en la BD — no se reconstruye; revisar y cerrar a mano
=== NOTIF === 2026-08-20 11:30:10 | RIESGO | BAG no cerró (2 pata/s viva/s) — cierre por patas al MID
=== NOTIF === 2026-08-20 11:30:10 | ORDEN | CIERRE MERCADO SPY P 759 x1
=== NOTIF === 2026-08-20 11:30:18 | ORDEN | CIERRE MERCADO SPY P 763 x1
=== NOTIF === 2026-08-20 11:30:29 | ORDEN | COMPRA VERTICAL SPY P L=765/S=763 x1 débito<=0.28
2026-08-20 11:30:56 | DATA   | cadena 20260820: 98 contratos (ITM+OTM C/P) capturados y cancelados (spot 766.75)
2026-08-20 11:31:01 | DATA   | backfill SPY 120 S 1 min useRTH=False
2026-08-20 11:31:03 | DATA   | cadena 20260820: 98 contratos (ITM+OTM C/P) capturados y cancelados (spot 766.75)
2026-08-20 11:31:07 | DATA   | cadena 20260820: 82 contratos (ITM+OTM C/P) capturados y cancelados (spot 766.68)
2026-08-20 11:31:07 | DATA   | cadena persistida 2026-08-20 11:31: 82 filas (fuente=live)
2026-08-20 11:31:12 | DATA   | cadena 20260820: 98 contratos (ITM+OTM C/P) capturados y cancelados (spot 766.68)
2026-08-20 11:31:21 | DATA   | cadena 20260820: 98 contratos (ITM+OTM C/P) capturados y cancelados (spot 766.68)
2026-08-20 11:31:28 | DATA   | cadena 20260820: 98 contratos (ITM+OTM C/P) capturados y cancelados (spot 766.68)
2026-08-20 11:31:35 | DATA   | cadena 20260820: 98 contratos (ITM+OTM C/P) capturados y cancelados (spot 766.68)
2026-08-20 11:31:43 | DATA   | cadena 20260820: 98 contratos (ITM+OTM C/P) capturados y cancelados (spot 766.68)
2026-08-20 11:31:50 | DATA   | cadena 20260820: 98 contratos (ITM+OTM C/P) capturados y cancelados (spot 766.68)
2026-08-20 11:31:58 | DATA   | cadena 20260820: 98 contratos (ITM+OTM C/P) capturados y cancelados (spot 766.68)
2026-08-20 11:32:02 | DATA   | backfill SPY 120 S 1 min useRTH=False
2026-08-20 11:32:05 | DATA   | cadena 20260820: 98 contratos (ITM+OTM C/P) capturados y cancelados (spot 766.68)
2026-08-20 11:32:09 | DATA   | cadena 20260820: 82 contratos (ITM+OTM C/P) capturados y cancelados (spot 766.54)
2026-08-20 11:32:09 | DATA   | cadena persistida 2026-08-20 11:32: 82 filas (fuente=live)
2026-08-20 11:32:14 | DATA   | cadena 20260820: 98 contratos (ITM+OTM C/P) capturados y cancelados (spot 766.54)
2026-08-20 11:32:23 | DATA   | cadena 20260820: 98 contratos (ITM+OTM C/P) capturados y cancelados (spot 766.54)
2026-08-20 11:32:30 | DATA   | cadena 20260820: 98 contratos (ITM+OTM C/P) capturados y cancelados (spot 766.54)
2026-08-20 11:32:37 | DATA   | cadena 20260820: 98 contratos (ITM+OTM C/P) capturados y cancelados (spot 766.54)
2026-08-20 11:32:45 | DATA   | cadena 20260820: 98 contratos (ITM+OTM C/P) capturados y cancelados (spot 766.54)
2026-08-20 11:32:52 | DATA   | cadena 20260820: 98 contratos (ITM+OTM C/P) capturados y cancelados (spot 766.54)
2026-08-20 11:32:55 | DATA   | IBKR conectando a 127.0.0.1:4002 clientId=35
=== NOTIF === 2026-08-20 11:32:57 | IBKR | IBKR conectado (paper 4002)
2026-08-20 11:32:59 | DATA   | cadena 20260820: 98 contratos (ITM+OTM C/P) capturados y cancelados (spot 766.54)
2026-08-20 11:33:00 | DATA   | IBKR desconectado
2026-08-20 11:33:04 | DATA   | backfill SPY 120 S 1 min useRTH=False
2026-08-20 11:33:07 | DATA   | cadena 20260820: 98 contratos (ITM+OTM C/P) capturados y cancelados (spot 766.54)
2026-08-20 11:33:11 | DATA   | cadena 20260820: 82 contratos (ITM+OTM C/P) capturados y cancelados (spot 766.61)
2026-08-20 11:33:11 | DATA   | cadena persistida 2026-08-20 11:33: 82 filas (fuente=live)
2026-08-20 11:33:16 | DATA   | cadena 20260820: 98 contratos (ITM+OTM C/P) capturados y cancelados (spot 766.61)
2026-08-20 11:33:24 | DATA   | cadena 20260820: 98 contratos (ITM+OTM C/P) capturados y cancelados (spot 766.61)
2026-08-20 11:33:32 | DATA   | cadena 20260820: 98 contratos (ITM+OTM C/P) capturados y cancelados (spot 766.61)
=== NOTIF === 2026-08-20 11:33:38 | ORDEN | COMPRA VERTICAL SPY C L=765/S=769 x1 débito<=1.60
2026-08-20 11:33:43 | DATA   | cadena 20260820: 14 contratos (ITM+OTM C/P) capturados y cancelados (spot 766.61)
=== NOTIF === 2026-08-20 11:33:47 | RIESGO | BAG no cerró (2 pata/s viva/s) — cierre por patas al MID
=== NOTIF === 2026-08-20 11:33:47 | ORDEN | CIERRE MERCADO SPY C 769 x1
=== NOTIF === 2026-08-20 11:33:55 | ORDEN | CIERRE MERCADO SPY C 765 x1
2026-08-20 11:34:01 | DATA   | backfill SPY 120 S 1 min useRTH=False
2026-08-20 11:34:06 | DATA   | cadena 20260820: 82 contratos (ITM+OTM C/P) capturados y cancelados (spot 766.03)
2026-08-20 11:34:06 | DATA   | cadena persistida 2026-08-20 11:34: 82 filas (fuente=live)
=== NOTIF === 2026-08-20 11:34:07 | ORDEN | COMPRA VERTICAL SPY P L=769/S=765 x1 débito<=2.46
2026-08-20 11:34:30 | DATA   | cadena 20260820: 14 contratos (ITM+OTM C/P) capturados y cancelados (spot 766.61)
=== NOTIF === 2026-08-20 11:34:34 | RIESGO | BAG no cerró (2 pata/s viva/s) — cierre por patas al MID
=== NOTIF === 2026-08-20 11:34:34 | ORDEN | CIERRE MERCADO SPY P 765 x1
=== NOTIF === 2026-08-20 11:34:42 | ORDEN | CIERRE MERCADO SPY P 769 x1
=== NOTIF === 2026-08-20 11:34:52 | ORDEN | COMPRA VERTICAL SPY C L=764/S=766 x1 débito<=1.36
2026-08-20 11:35:01 | DATA   | backfill SPY 120 S 1 min useRTH=False
2026-08-20 11:35:05 | DATA   | cadena 20260820: 82 contratos (ITM+OTM C/P) capturados y cancelados (spot 765.98)
2026-08-20 11:35:05 | DATA   | cadena persistida 2026-08-20 11:35: 82 filas (fuente=live)
=== NOTIF === 2026-08-20 11:35:05 | RIESGO | SYNC 11:35: IBKR tiene 2 pata(s) 0DTE y el sistema se creía PLANO — adoptando
=== NOTIF === 2026-08-20 11:35:05 | RIESGO | ⚠️ 2 pata(s) 0DTE abiertas en IBKR SIN operación abierta en la BD — no se reconstruye; revisar y cerrar a mano
2026-08-20 11:35:08 | DATA   | cadena 20260820: 14 contratos (ITM+OTM C/P) capturados y cancelados (spot 766.61)
=== NOTIF === 2026-08-20 11:35:11 | RIESGO | BAG no cerró (2 pata/s viva/s) — cierre por patas al MID
=== NOTIF === 2026-08-20 11:35:11 | ORDEN | CIERRE MERCADO SPY C 766 x1
=== NOTIF === 2026-08-20 11:35:19 | ORDEN | CIERRE MERCADO SPY C 764 x1
=== NOTIF === 2026-08-20 11:35:30 | ORDEN | COMPRA VERTICAL SPY P L=770/S=768 x1 débito<=1.76
=== NOTIF === 2026-08-20 11:35:55 | ORDEN | COMPRA VERTICAL SPY C L=764/S=767 x1 débito<=1.78
2026-08-20 11:36:00 | DATA   | cadena 20260820: 14 contratos (ITM+OTM C/P) capturados y cancelados (spot 766.61)
2026-08-20 11:36:00 | DATA   | backfill SPY 120 S 1 min useRTH=False
=== NOTIF === 2026-08-20 11:36:04 | RIESGO | BAG no cerró (2 pata/s viva/s) — cierre por patas al MID
=== NOTIF === 2026-08-20 11:36:05 | ORDEN | CIERRE MERCADO SPY C 767 x1
2026-08-20 11:36:06 | DATA   | cadena 20260820: 82 contratos (ITM+OTM C/P) capturados y cancelados (spot 765.77)
2026-08-20 11:36:06 | DATA   | cadena persistida 2026-08-20 11:36: 82 filas (fuente=live)
=== NOTIF === 2026-08-20 11:36:06 | RIESGO | SYNC 11:36: IBKR tiene 2 pata(s) 0DTE y el sistema se creía PLANO — adoptando
=== NOTIF === 2026-08-20 11:36:06 | RIESGO | ⚠️ 2 pata(s) 0DTE abiertas en IBKR SIN operación abierta en la BD — no se reconstruye; revisar y cerrar a mano
=== NOTIF === 2026-08-20 11:36:13 | ORDEN | CIERRE MERCADO SPY C 764 x1
=== NOTIF === 2026-08-20 11:36:24 | ORDEN | COMPRA VERTICAL SPY P L=770/S=767 x1 débito<=2.54
2026-08-20 11:36:40 | DATA   | cadena 20260820: 14 contratos (ITM+OTM C/P) capturados y cancelados (spot 766.61)
=== NOTIF === 2026-08-20 11:36:44 | RIESGO | BAG no cerró (2 pata/s viva/s) — cierre por patas al MID
=== NOTIF === 2026-08-20 11:36:44 | ORDEN | CIERRE MERCADO SPY P 767 x1
=== NOTIF === 2026-08-20 11:36:52 | ORDEN | CIERRE MERCADO SPY P 770 x1
2026-08-20 11:37:01 | DATA   | backfill SPY 120 S 1 min useRTH=False
2026-08-20 11:37:05 | DATA   | cadena 20260820: 98 contratos (ITM+OTM C/P) capturados y cancelados (spot 765.77)
2026-08-20 11:37:07 | DATA   | cadena 20260820: 82 contratos (ITM+OTM C/P) capturados y cancelados (spot 765.86)
2026-08-20 11:37:07 | DATA   | cadena persistida 2026-08-20 11:37: 82 filas (fuente=live)
2026-08-20 11:37:15 | DATA   | cadena 20260820: 98 contratos (ITM+OTM C/P) capturados y cancelados (spot 765.86)
2026-08-20 11:37:23 | DATA   | cadena 20260820: 98 contratos (ITM+OTM C/P) capturados y cancelados (spot 765.86)
=== NOTIF === 2026-08-20 11:37:29 | ORDEN | COMPRA VERTICAL SPY C L=761/S=763 x1 débito<=1.84
=== NOTIF === 2026-08-20 11:37:53 | ORDEN | COMPRA VERTICAL SPY C L=761/S=764 x1 débito<=2.73
2026-08-20 11:37:58 | DATA   | cadena 20260820: 14 contratos (ITM+OTM C/P) capturados y cancelados (spot 765.86)
2026-08-20 11:38:00 | DATA   | IBKR conectando a 127.0.0.1:4002 clientId=35
=== NOTIF === 2026-08-20 11:38:00 | IBKR | IBKR conectado (paper 4002)
2026-08-20 11:38:01 | DATA   | IBKR desconectado
=== NOTIF === 2026-08-20 11:38:01 | RIESGO | BAG no cerró (2 pata/s viva/s) — cierre por patas al MID
=== NOTIF === 2026-08-20 11:38:01 | ORDEN | CIERRE MERCADO SPY C 764 x1
2026-08-20 11:38:02 | DATA   | backfill SPY 120 S 1 min useRTH=False
2026-08-20 11:38:07 | DATA   | cadena 20260820: 82 contratos (ITM+OTM C/P) capturados y cancelados (spot 765.95)
2026-08-20 11:38:07 | DATA   | cadena persistida 2026-08-20 11:38: 82 filas (fuente=live)
=== NOTIF === 2026-08-20 11:38:07 | RIESGO | SYNC 11:38: IBKR tiene 1 pata(s) 0DTE y el sistema se creía PLANO — adoptando
=== NOTIF === 2026-08-20 11:38:07 | RIESGO | ⚠️ 1 pata(s) 0DTE abiertas en IBKR SIN operación abierta en la BD — no se reconstruye; revisar y cerrar a mano
=== NOTIF === 2026-08-20 11:38:09 | ORDEN | CIERRE MERCADO SPY C 761 x1
=== NOTIF === 2026-08-20 11:38:20 | ORDEN | COMPRA VERTICAL SPY C L=756/S=758 x1 débito<=1.99
=== NOTIF === 2026-08-20 11:38:45 | ORDEN | COMPRA VERTICAL SPY C L=756/S=759 x1 débito<=2.98
2026-08-20 11:39:02 | DATA   | backfill SPY 120 S 1 min useRTH=False
2026-08-20 11:39:07 | DATA   | cadena 20260820: 82 contratos (ITM+OTM C/P) capturados y cancelados (spot 765.60)
2026-08-20 11:39:07 | DATA   | cadena persistida 2026-08-20 11:39: 82 filas (fuente=live)
=== NOTIF === 2026-08-20 11:39:11 | ORDEN | COMPRA VERTICAL SPY C L=756/S=760 x1 débito<=3.96
=== NOTIF === 2026-08-20 11:39:35 | ORDEN | COMPRA VERTICAL SPY C L=746/S=748 x1 débito<=1.99
2026-08-20 11:40:02 | DATA   | backfill SPY 120 S 1 min useRTH=False
2026-08-20 11:40:02 | DATA   | cadena 20260820: 98 contratos (ITM+OTM C/P) capturados y cancelados (spot 765.60)
2026-08-20 11:40:08 | DATA   | cadena 20260820: 82 contratos (ITM+OTM C/P) capturados y cancelados (spot 765.56)
2026-08-20 11:40:08 | DATA   | cadena persistida 2026-08-20 11:40: 82 filas (fuente=live)
2026-08-20 11:40:10 | DATA   | cadena 20260820: 98 contratos (ITM+OTM C/P) capturados y cancelados (spot 765.60)
2026-08-20 11:40:20 | DATA   | cadena 20260820: 98 contratos (ITM+OTM C/P) capturados y cancelados (spot 765.56)
2026-08-20 11:40:27 | DATA   | cadena 20260820: 98 contratos (ITM+OTM C/P) capturados y cancelados (spot 765.56)
=== NOTIF === 2026-08-20 11:40:33 | ORDEN | COMPRA VERTICAL SPY C L=746/S=750 x1 débito<=4.00
2026-08-20 11:41:00 | DATA   | cadena 20260820: 98 contratos (ITM+OTM C/P) capturados y cancelados (spot 765.56)
2026-08-20 11:41:03 | DATA   | backfill SPY 120 S 1 min useRTH=False
2026-08-20 11:41:07 | DATA   | cadena 20260820: 98 contratos (ITM+OTM C/P) capturados y cancelados (spot 765.56)
2026-08-20 11:41:09 | DATA   | cadena 20260820: 82 contratos (ITM+OTM C/P) capturados y cancelados (spot 765.55)
2026-08-20 11:41:09 | DATA   | cadena persistida 2026-08-20 11:41: 82 filas (fuente=live)
=== NOTIF === 2026-08-20 11:41:15 | ORDEN | COMPRA VERTICAL SPY P L=761/S=759 x1 débito<=0.05
=== NOTIF === 2026-08-20 11:41:39 | ORDEN | COMPRA VERTICAL SPY P L=761/S=758 x1 débito<=0.08
2026-08-20 11:41:46 | DATA   | cadena 20260820: 14 contratos (ITM+OTM C/P) capturados y cancelados (spot 765.56)
2026-08-20 11:42:04 | DATA   | backfill SPY 120 S 1 min useRTH=False
2026-08-20 11:42:09 | DATA   | cadena 20260820: 82 contratos (ITM+OTM C/P) capturados y cancelados (spot 765.57)
2026-08-20 11:42:09 | DATA   | cadena persistida 2026-08-20 11:42: 82 filas (fuente=live)
=== NOTIF === 2026-08-20 11:42:09 | RIESGO | SYNC 11:42: IBKR tiene 2 pata(s) 0DTE y el sistema se creía PLANO — adoptando
=== NOTIF === 2026-08-20 11:42:09 | RIESGO | ⚠️ 2 pata(s) 0DTE abiertas en IBKR SIN operación abierta en la BD — no se reconstruye; revisar y cerrar a mano
=== NOTIF === 2026-08-20 11:42:13 | RIESGO | BAG no cerró (2 pata/s viva/s) — cierre por patas al MID
=== NOTIF === 2026-08-20 11:42:13 | ORDEN | CIERRE MERCADO SPY P 758 x1
=== NOTIF === 2026-08-20 11:42:22 | ORDEN | CIERRE MERCADO SPY P 761 x1
=== NOTIF === 2026-08-20 11:42:32 | ORDEN | COMPRA VERTICAL SPY P L=761/S=757 x1 débito<=0.07
=== NOTIF === 2026-08-20 11:42:57 | ORDEN | COMPRA VERTICAL SPY C L=756/S=758 x1 débito<=2.00
2026-08-20 11:43:01 | DATA   | IBKR conectando a 127.0.0.1:4002 clientId=35
=== NOTIF === 2026-08-20 11:43:01 | IBKR | IBKR conectado (paper 4002)
2026-08-20 11:43:01 | DATA   | IBKR desconectado
2026-08-20 11:43:04 | DATA   | backfill SPY 120 S 1 min useRTH=False
2026-08-20 11:43:09 | DATA   | cadena 20260820: 82 contratos (ITM+OTM C/P) capturados y cancelados (spot 765.69)
2026-08-20 11:43:09 | DATA   | cadena persistida 2026-08-20 11:43: 82 filas (fuente=live)
=== NOTIF === 2026-08-20 11:43:23 | ORDEN | COMPRA VERTICAL SPY C L=756/S=759 x1 débito<=2.98
=== NOTIF === 2026-08-20 11:43:48 | ORDEN | COMPRA VERTICAL SPY C L=756/S=760 x1 débito<=3.99
2026-08-20 11:44:04 | DATA   | backfill SPY 120 S 1 min useRTH=False
2026-08-20 11:44:08 | DATA   | cadena 20260820: 82 contratos (ITM+OTM C/P) capturados y cancelados (spot 765.51)
2026-08-20 11:44:08 | DATA   | cadena persistida 2026-08-20 11:44: 82 filas (fuente=live)
2026-08-20 11:44:15 | DATA   | cadena 20260820: 98 contratos (ITM+OTM C/P) capturados y cancelados (spot 765.51)
2026-08-20 11:44:22 | DATA   | cadena 20260820: 98 contratos (ITM+OTM C/P) capturados y cancelados (spot 765.51)
=== NOTIF === 2026-08-20 11:44:28 | ORDEN | COMPRA VERTICAL SPY C L=746/S=748 x1 débito<=2.00
=== NOTIF === 2026-08-20 11:44:53 | ORDEN | COMPRA VERTICAL SPY C L=746/S=749 x1 débito<=2.43
2026-08-20 11:45:03 | DATA   | backfill SPY 120 S 1 min useRTH=False
2026-08-20 11:45:08 | DATA   | cadena 20260820: 82 contratos (ITM+OTM C/P) capturados y cancelados (spot 765.36)
2026-08-20 11:45:08 | DATA   | cadena persistida 2026-08-20 11:45: 82 filas (fuente=live)
=== NOTIF === 2026-08-20 11:45:17 | ORDEN | COMPRA VERTICAL SPY C L=746/S=750 x1 débito<=3.99
2026-08-20 11:45:44 | DATA   | cadena 20260820: 98 contratos (ITM+OTM C/P) capturados y cancelados (spot 765.36)
2026-08-20 11:45:52 | DATA   | cadena 20260820: 98 contratos (ITM+OTM C/P) capturados y cancelados (spot 765.36)
=== NOTIF === 2026-08-20 11:45:58 | ORDEN | COMPRA VERTICAL SPY P L=760/S=758 x1 débito<=0.04
2026-08-20 11:46:03 | DATA   | backfill SPY 120 S 1 min useRTH=False
2026-08-20 11:46:08 | DATA   | cadena 20260820: 82 contratos (ITM+OTM C/P) capturados y cancelados (spot 765.43)
2026-08-20 11:46:08 | DATA   | cadena persistida 2026-08-20 11:46: 82 filas (fuente=live)
2026-08-20 11:46:08 | SENAL  | señal 11:45 P (ST-3 NORMAL) -> solo_captura
=== NOTIF === 2026-08-20 11:46:22 | ORDEN | COMPRA VERTICAL SPY P L=760/S=757 x1 débito<=0.05
=== NOTIF === 2026-08-20 11:46:47 | ORDEN | COMPRA VERTICAL SPY P L=760/S=756 x1 débito<=0.05
2026-08-20 11:47:03 | DATA   | backfill SPY 120 S 1 min useRTH=False
2026-08-20 11:47:08 | DATA   | cadena 20260820: 82 contratos (ITM+OTM C/P) capturados y cancelados (spot 765.33)
2026-08-20 11:47:08 | DATA   | cadena persistida 2026-08-20 11:47: 82 filas (fuente=live)
=== NOTIF === 2026-08-20 11:47:12 | ORDEN | COMPRA VERTICAL SPY P L=762/S=760 x1 débito<=0.12
2026-08-20 11:47:16 | DATA   | cadena 20260820: 14 contratos (ITM+OTM C/P) capturados y cancelados (spot 765.36)
=== NOTIF === 2026-08-20 11:47:44 | RIESGO | BAG no cerró (2 pata/s viva/s) — cierre por patas al MID
=== NOTIF === 2026-08-20 11:47:44 | ORDEN | CIERRE MERCADO SPY P 760 x1
=== NOTIF === 2026-08-20 11:47:52 | ORDEN | CIERRE MERCADO SPY P 762 x1
2026-08-20 11:48:01 | DATA   | IBKR conectando a 127.0.0.1:4002 clientId=35
=== NOTIF === 2026-08-20 11:48:01 | IBKR | IBKR conectado (paper 4002)
2026-08-20 11:48:01 | DATA   | IBKR desconectado
=== NOTIF === 2026-08-20 11:48:03 | ORDEN | COMPRA VERTICAL SPY P L=762/S=759 x1 débito<=0.11
2026-08-20 11:48:03 | DATA   | backfill SPY 120 S 1 min useRTH=False
2026-08-20 11:48:08 | DATA   | cadena 20260820: 82 contratos (ITM+OTM C/P) capturados y cancelados (spot 765.62)
2026-08-20 11:48:08 | DATA   | cadena persistida 2026-08-20 11:48: 82 filas (fuente=live)
=== NOTIF === 2026-08-20 11:48:27 | ORDEN | COMPRA VERTICAL SPY P L=762/S=758 x1 débito<=0.13
2026-08-20 11:48:33 | DATA   | cadena 20260820: 14 contratos (ITM+OTM C/P) capturados y cancelados (spot 765.36)
=== NOTIF === 2026-08-20 11:48:36 | RIESGO | BAG no cerró (2 pata/s viva/s) — cierre por patas al MID
=== NOTIF === 2026-08-20 11:48:36 | ORDEN | CIERRE MERCADO SPY P 758 x1
=== NOTIF === 2026-08-20 11:48:44 | ORDEN | CIERRE MERCADO SPY P 762 x1
2026-08-20 11:48:57 | DATA   | cadena 20260820: 98 contratos (ITM+OTM C/P) capturados y cancelados (spot 765.62)
2026-08-20 11:49:03 | DATA   | backfill SPY 120 S 1 min useRTH=False
=== NOTIF === 2026-08-20 11:49:04 | ORDEN | COMPRA VERTICAL SPY C L=767/S=769 x1 débito<=0.34
2026-08-20 11:49:07 | DATA   | cadena 20260820: 82 contratos (ITM+OTM C/P) capturados y cancelados (spot 765.62)
2026-08-20 11:49:07 | DATA   | cadena persistida 2026-08-20 11:49: 82 filas (fuente=live)
2026-08-20 11:49:13 | DATA   | cadena 20260820: 14 contratos (ITM+OTM C/P) capturados y cancelados (spot 765.62)
=== NOTIF === 2026-08-20 11:49:16 | RIESGO | BAG no cerró (2 pata/s viva/s) — cierre por patas al MID
=== NOTIF === 2026-08-20 11:49:16 | ORDEN | CIERRE MERCADO SPY C 769 x1
=== NOTIF === 2026-08-20 11:49:24 | ORDEN | CIERRE MERCADO SPY C 767 x1
=== NOTIF === 2026-08-20 11:49:35 | ORDEN | COMPRA VERTICAL SPY P L=765/S=763 x1 débito<=0.46
2026-08-20 11:49:46 | DATA   | cadena 20260820: 14 contratos (ITM+OTM C/P) capturados y cancelados (spot 765.62)
2026-08-20 11:50:02 | DATA   | backfill SPY 120 S 1 min useRTH=False
2026-08-20 11:50:07 | DATA   | cadena 20260820: 82 contratos (ITM+OTM C/P) capturados y cancelados (spot 765.54)
2026-08-20 11:50:07 | DATA   | cadena persistida 2026-08-20 11:50: 82 filas (fuente=live)
=== NOTIF === 2026-08-20 11:50:07 | RIESGO | SYNC 11:50: IBKR tiene 2 pata(s) 0DTE y el sistema se creía PLANO — adoptando
=== NOTIF === 2026-08-20 11:50:07 | RIESGO | ⚠️ 2 pata(s) 0DTE abiertas en IBKR SIN operación abierta en la BD — no se reconstruye; revisar y cerrar a mano
=== NOTIF === 2026-08-20 11:50:13 | RIESGO | BAG no cerró (2 pata/s viva/s) — cierre por patas al MID
=== NOTIF === 2026-08-20 11:50:13 | ORDEN | CIERRE MERCADO SPY P 763 x1
=== NOTIF === 2026-08-20 11:50:21 | ORDEN | CIERRE MERCADO SPY P 765 x1
=== NOTIF === 2026-08-20 11:50:32 | ORDEN | COMPRA VERTICAL SPY C L=767/S=770 x1 débito<=0.34
=== NOTIF === 2026-08-20 11:50:56 | ORDEN | COMPRA VERTICAL SPY P L=765/S=762 x1 débito<=0.56
2026-08-20 11:51:02 | DATA   | backfill SPY 120 S 1 min useRTH=False
2026-08-20 11:51:07 | DATA   | cadena 20260820: 82 contratos (ITM+OTM C/P) capturados y cancelados (spot 765.57)
2026-08-20 11:51:07 | DATA   | cadena persistida 2026-08-20 11:51: 82 filas (fuente=live)
=== NOTIF === 2026-08-20 11:51:21 | ORDEN | COMPRA VERTICAL SPY C L=767/S=771 x1 débito<=0.36
2026-08-20 11:51:32 | DATA   | cadena 20260820: 14 contratos (ITM+OTM C/P) capturados y cancelados (spot 765.62)
=== NOTIF === 2026-08-20 11:51:35 | RIESGO | BAG no cerró (2 pata/s viva/s) — cierre por patas al MID
=== NOTIF === 2026-08-20 11:51:36 | ORDEN | CIERRE MERCADO SPY C 771 x1
=== NOTIF === 2026-08-20 11:51:44 | ORDEN | CIERRE MERCADO SPY C 767 x1
=== NOTIF === 2026-08-20 11:51:54 | ORDEN | COMPRA VERTICAL SPY P L=765/S=761 x1 débito<=0.53
2026-08-20 11:52:01 | DATA   | cadena 20260820: 14 contratos (ITM+OTM C/P) capturados y cancelados (spot 765.62)
2026-08-20 11:52:02 | DATA   | backfill SPY 120 S 1 min useRTH=False
=== NOTIF === 2026-08-20 11:52:04 | RIESGO | BAG no cerró (2 pata/s viva/s) — cierre por patas al MID
=== NOTIF === 2026-08-20 11:52:04 | ORDEN | CIERRE MERCADO SPY P 761 x1
2026-08-20 11:52:06 | DATA   | cadena 20260820: 82 contratos (ITM+OTM C/P) capturados y cancelados (spot 765.92)
2026-08-20 11:52:06 | DATA   | cadena persistida 2026-08-20 11:52: 82 filas (fuente=live)
=== NOTIF === 2026-08-20 11:52:06 | RIESGO | SYNC 11:52: IBKR tiene 1 pata(s) 0DTE y el sistema se creía PLANO — adoptando
=== NOTIF === 2026-08-20 11:52:06 | RIESGO | ⚠️ 1 pata(s) 0DTE abiertas en IBKR SIN operación abierta en la BD — no se reconstruye; revisar y cerrar a mano
=== NOTIF === 2026-08-20 11:52:12 | ORDEN | CIERRE MERCADO SPY P 765 x1
2026-08-20 11:52:26 | DATA   | cadena 20260820: 98 contratos (ITM+OTM C/P) capturados y cancelados (spot 765.92)
2026-08-20 11:52:33 | DATA   | cadena 20260820: 98 contratos (ITM+OTM C/P) capturados y cancelados (spot 765.92)
2026-08-20 11:52:40 | DATA   | cadena 20260820: 98 contratos (ITM+OTM C/P) capturados y cancelados (spot 765.92)
2026-08-20 11:52:48 | DATA   | cadena 20260820: 98 contratos (ITM+OTM C/P) capturados y cancelados (spot 765.92)
=== NOTIF === 2026-08-20 11:52:54 | ORDEN | COMPRA VERTICAL SPY P L=766/S=763 x1 débito<=0.82
2026-08-20 11:53:01 | DATA   | IBKR conectando a 127.0.0.1:4002 clientId=35
2026-08-20 11:53:01 | DATA   | backfill SPY 120 S 1 min useRTH=False
=== NOTIF === 2026-08-20 11:53:02 | IBKR | IBKR conectado (paper 4002)
2026-08-20 11:53:04 | DATA   | IBKR desconectado
2026-08-20 11:53:05 | DATA   | cadena 20260820: 14 contratos (ITM+OTM C/P) capturados y cancelados (spot 765.92)
2026-08-20 11:53:06 | DATA   | cadena 20260820: 82 contratos (ITM+OTM C/P) capturados y cancelados (spot 765.79)
2026-08-20 11:53:06 | DATA   | cadena persistida 2026-08-20 11:53: 82 filas (fuente=live)
=== NOTIF === 2026-08-20 11:53:06 | RIESGO | SYNC 11:53: IBKR tiene 2 pata(s) 0DTE y el sistema se creía PLANO — adoptando
=== NOTIF === 2026-08-20 11:53:06 | RIESGO | ⚠️ 2 pata(s) 0DTE abiertas en IBKR SIN operación abierta en la BD — no se reconstruye; revisar y cerrar a mano
=== NOTIF === 2026-08-20 11:53:06 | ARRANQUE | RECALIBRA 11:53: saldo=498 nivel 5->4 tope 90->75 unidades 1->1 (ancho FIJO 2)
=== NOTIF === 2026-08-20 11:53:10 | RIESGO | BAG no cerró (2 pata/s viva/s) — cierre por patas al MID
=== NOTIF === 2026-08-20 11:53:10 | ORDEN | CIERRE MERCADO SPY P 763 x1
=== NOTIF === 2026-08-20 11:53:18 | ORDEN | CIERRE MERCADO SPY P 766 x1
=== NOTIF === 2026-08-20 11:53:29 | ORDEN | COMPRA VERTICAL SPY P L=766/S=762 x1 débito<=0.95
2026-08-20 11:53:34 | DATA   | cadena 20260820: 14 contratos (ITM+OTM C/P) capturados y cancelados (spot 765.92)
=== NOTIF === 2026-08-20 11:53:38 | RIESGO | BAG no cerró (2 pata/s viva/s) — cierre por patas al MID
=== NOTIF === 2026-08-20 11:53:38 | ORDEN | CIERRE MERCADO SPY P 762 x1
=== NOTIF === 2026-08-20 11:53:46 | ORDEN | CIERRE MERCADO SPY P 766 x1
=== NOTIF === 2026-08-20 11:53:57 | ORDEN | COMPRA VERTICAL SPY C L=764/S=766 x1 débito<=1.31
2026-08-20 11:54:01 | DATA   | backfill SPY 120 S 1 min useRTH=False
2026-08-20 11:54:06 | DATA   | cadena 20260820: 82 contratos (ITM+OTM C/P) capturados y cancelados (spot 765.74)
2026-08-20 11:54:06 | DATA   | cadena persistida 2026-08-20 11:54: 82 filas (fuente=live)
=== NOTIF === 2026-08-20 11:54:21 | ORDEN | COMPRA VERTICAL SPY C L=763/S=765 x1 débito<=1.57
=== NOTIF === 2026-08-20 11:54:46 | ORDEN | COMPRA VERTICAL SPY C L=763/S=766 x1 débito<=2.19
2026-08-20 11:55:01 | DATA   | backfill SPY 120 S 1 min useRTH=False
2026-08-20 11:55:05 | DATA   | cadena 20260820: 82 contratos (ITM+OTM C/P) capturados y cancelados (spot 765.85)
2026-08-20 11:55:05 | DATA   | cadena persistida 2026-08-20 11:55: 82 filas (fuente=live)
=== NOTIF === 2026-08-20 11:55:05 | RIESGO | SYNC 11:55: IBKR tiene 2 pata(s) 0DTE y el sistema se creía PLANO — adoptando
=== NOTIF === 2026-08-20 11:55:05 | RIESGO | ⚠️ 2 pata(s) 0DTE abiertas en IBKR SIN operación abierta en la BD — no se reconstruye; revisar y cerrar a mano
2026-08-20 11:55:09 | DATA   | cadena 20260820: 14 contratos (ITM+OTM C/P) capturados y cancelados (spot 765.92)
=== NOTIF === 2026-08-20 11:55:13 | RIESGO | BAG no cerró (2 pata/s viva/s) — cierre por patas al MID
=== NOTIF === 2026-08-20 11:55:13 | ORDEN | CIERRE MERCADO SPY C 766 x1
=== NOTIF === 2026-08-20 11:55:21 | ORDEN | CIERRE MERCADO SPY C 763 x1
=== NOTIF === 2026-08-20 11:55:32 | ORDEN | COMPRA VERTICAL SPY C L=761/S=763 x1 débito<=1.91
2026-08-20 11:55:59 | DATA   | cadena 20260820: 98 contratos (ITM+OTM C/P) capturados y cancelados (spot 765.85)
2026-08-20 11:56:00 | DATA   | backfill SPY 120 S 1 min useRTH=False
2026-08-20 11:56:07 | DATA   | cadena 20260820: 82 contratos (ITM+OTM C/P) capturados y cancelados (spot 765.92)
2026-08-20 11:56:07 | DATA   | cadena persistida 2026-08-20 11:56: 82 filas (fuente=live)
2026-08-20 11:56:07 | DATA   | cadena 20260820: 98 contratos (ITM+OTM C/P) capturados y cancelados (spot 765.85)
=== NOTIF === 2026-08-20 11:56:16 | ORDEN | COMPRA VERTICAL SPY C L=761/S=764 x1 débito<=2.77
=== NOTIF === 2026-08-20 11:56:40 | ORDEN | COMPRA VERTICAL SPY C L=756/S=758 x1 débito<=1.98
2026-08-20 11:57:02 | DATA   | backfill SPY 120 S 1 min useRTH=False
=== NOTIF === 2026-08-20 11:57:05 | ORDEN | COMPRA VERTICAL SPY C L=756/S=759 x1 débito<=2.99
2026-08-20 11:57:07 | DATA   | cadena 20260820: 82 contratos (ITM+OTM C/P) capturados y cancelados (spot 765.84)
2026-08-20 11:57:07 | DATA   | cadena persistida 2026-08-20 11:57: 82 filas (fuente=live)
=== NOTIF === 2026-08-20 11:57:29 | ORDEN | COMPRA VERTICAL SPY C L=756/S=760 x1 débito<=3.98
=== NOTIF === 2026-08-20 11:57:54 | ORDEN | COMPRA VERTICAL SPY C L=746/S=748 x1 débito<=2.00
2026-08-20 11:58:02 | DATA   | backfill SPY 120 S 1 min useRTH=False
2026-08-20 11:58:04 | DATA   | IBKR conectando a 127.0.0.1:4002 clientId=35
=== NOTIF === 2026-08-20 11:58:06 | IBKR | IBKR conectado (paper 4002)
2026-08-20 11:58:06 | DATA   | cadena 20260820: 82 contratos (ITM+OTM C/P) capturados y cancelados (spot 765.74)
2026-08-20 11:58:06 | DATA   | cadena persistida 2026-08-20 11:58: 82 filas (fuente=live)
2026-08-20 11:58:08 | DATA   | IBKR desconectado
=== NOTIF === 2026-08-20 11:58:19 | ORDEN | COMPRA VERTICAL SPY C L=746/S=749 x1 débito<=2.67
2026-08-20 11:58:46 | DATA   | cadena 20260820: 98 contratos (ITM+OTM C/P) capturados y cancelados (spot 765.74)
2026-08-20 11:58:53 | DATA   | cadena 20260820: 98 contratos (ITM+OTM C/P) capturados y cancelados (spot 765.74)
=== NOTIF === 2026-08-20 11:58:59 | ORDEN | COMPRA VERTICAL SPY C L=746/S=750 x1 débito<=4.01
2026-08-20 11:59:01 | DATA   | backfill SPY 120 S 1 min useRTH=False
2026-08-20 11:59:06 | DATA   | cadena 20260820: 82 contratos (ITM+OTM C/P) capturados y cancelados (spot 765.74)
2026-08-20 11:59:06 | DATA   | cadena persistida 2026-08-20 11:59: 82 filas (fuente=live)
2026-08-20 11:59:26 | DATA   | cadena 20260820: 98 contratos (ITM+OTM C/P) capturados y cancelados (spot 765.74)
2026-08-20 11:59:33 | DATA   | cadena 20260820: 98 contratos (ITM+OTM C/P) capturados y cancelados (spot 765.74)
=== NOTIF === 2026-08-20 11:59:39 | ORDEN | COMPRA VERTICAL SPY P L=761/S=759 x1 débito<=0.04
2026-08-20 12:00:01 | DATA   | backfill SPY 120 S 1 min useRTH=False
=== NOTIF === 2026-08-20 12:00:05 | ORDEN | COMPRA VERTICAL SPY P L=761/S=758 x1 débito<=0.05
2026-08-20 12:00:06 | DATA   | cadena 20260820: 82 contratos (ITM+OTM C/P) capturados y cancelados (spot 765.84)
2026-08-20 12:00:06 | DATA   | cadena persistida 2026-08-20 12:00: 82 filas (fuente=live)
2026-08-20 12:00:15 | DATA   | cadena 20260820: 14 contratos (ITM+OTM C/P) capturados y cancelados (spot 765.74)
=== NOTIF === 2026-08-20 12:00:42 | RIESGO | BAG no cerró (2 pata/s viva/s) — cierre por patas al MID
=== NOTIF === 2026-08-20 12:00:42 | ORDEN | CIERRE MERCADO SPY P 758 x1
=== NOTIF === 2026-08-20 12:00:51 | ORDEN | CIERRE MERCADO SPY P 761 x1
2026-08-20 12:01:01 | DATA   | backfill SPY 120 S 1 min useRTH=False
=== NOTIF === 2026-08-20 12:01:01 | ORDEN | COMPRA VERTICAL SPY P L=761/S=757 x1 débito<=0.05
2026-08-20 12:01:06 | DATA   | cadena 20260820: 82 contratos (ITM+OTM C/P) capturados y cancelados (spot 765.70)
2026-08-20 12:01:06 | DATA   | cadena persistida 2026-08-20 12:01: 82 filas (fuente=live)
=== NOTIF === 2026-08-20 12:01:26 | ORDEN | COMPRA VERTICAL SPY P L=763/S=761 x1 débito<=0.13
=== NOTIF === 2026-08-20 12:01:51 | ORDEN | COMPRA VERTICAL SPY P L=763/S=760 x1 débito<=0.18
2026-08-20 12:02:01 | DATA   | backfill SPY 120 S 1 min useRTH=False
2026-08-20 12:02:05 | DATA   | cadena 20260820: 82 contratos (ITM+OTM C/P) capturados y cancelados (spot 765.54)
2026-08-20 12:02:05 | DATA   | cadena persistida 2026-08-20 12:02: 82 filas (fuente=live)
=== NOTIF === 2026-08-20 12:02:15 | ORDEN | COMPRA VERTICAL SPY P L=763/S=759 x1 débito<=0.19
2026-08-20 12:02:23 | DATA   | cadena 20260820: 14 contratos (ITM+OTM C/P) capturados y cancelados (spot 765.74)
=== NOTIF === 2026-08-20 12:02:50 | RIESGO | BAG no cerró (2 pata/s viva/s) — cierre por patas al MID
=== NOTIF === 2026-08-20 12:02:50 | ORDEN | CIERRE MERCADO SPY P 759 x1
=== NOTIF === 2026-08-20 12:02:58 | ORDEN | CIERRE MERCADO SPY P 763 x1
2026-08-20 12:03:01 | DATA   | backfill SPY 120 S 1 min useRTH=False
2026-08-20 12:03:05 | DATA   | cadena 20260820: 82 contratos (ITM+OTM C/P) capturados y cancelados (spot 766.01)
2026-08-20 12:03:05 | DATA   | cadena persistida 2026-08-20 12:03: 82 filas (fuente=live)
2026-08-20 12:03:08 | DATA   | IBKR conectando a 127.0.0.1:4002 clientId=35
=== NOTIF === 2026-08-20 12:03:11 | IBKR | IBKR conectado (paper 4002)
2026-08-20 12:03:12 | DATA   | cadena 20260820: 98 contratos (ITM+OTM C/P) capturados y cancelados (spot 766.01)
2026-08-20 12:03:12 | DATA   | IBKR desconectado
=== NOTIF === 2026-08-20 12:03:18 | ORDEN | COMPRA VERTICAL SPY C L=767/S=769 x1 débito<=0.39
2026-08-20 12:03:27 | DATA   | cadena 20260820: 14 contratos (ITM+OTM C/P) capturados y cancelados (spot 766.01)
=== NOTIF === 2026-08-20 12:03:31 | RIESGO | BAG no cerró (2 pata/s viva/s) — cierre por patas al MID
=== NOTIF === 2026-08-20 12:03:31 | ORDEN | CIERRE MERCADO SPY C 769 x1
=== NOTIF === 2026-08-20 12:03:39 | ORDEN | CIERRE MERCADO SPY C 767 x1
=== NOTIF === 2026-08-20 12:03:50 | ORDEN | COMPRA VERTICAL SPY P L=765/S=763 x1 débito<=0.38
2026-08-20 12:04:00 | DATA   | backfill SPY 120 S 1 min useRTH=False
2026-08-20 12:04:05 | DATA   | cadena 20260820: 82 contratos (ITM+OTM C/P) capturados y cancelados (spot 765.88)
2026-08-20 12:04:05 | DATA   | cadena persistida 2026-08-20 12:04: 82 filas (fuente=live)
=== NOTIF === 2026-08-20 12:04:14 | ORDEN | COMPRA VERTICAL SPY C L=767/S=770 x1 débito<=0.39
2026-08-20 12:04:28 | DATA   | cadena 20260820: 14 contratos (ITM+OTM C/P) capturados y cancelados (spot 766.01)
=== NOTIF === 2026-08-20 12:04:31 | RIESGO | BAG no cerró (2 pata/s viva/s) — cierre por patas al MID
=== NOTIF === 2026-08-20 12:04:32 | ORDEN | CIERRE MERCADO SPY C 770 x1
=== NOTIF === 2026-08-20 12:04:40 | ORDEN | CIERRE MERCADO SPY C 767 x1
=== NOTIF === 2026-08-20 12:04:50 | ORDEN | COMPRA VERTICAL SPY P L=765/S=762 x1 débito<=0.54
2026-08-20 12:05:00 | DATA   | backfill SPY 120 S 1 min useRTH=False
2026-08-20 12:05:05 | DATA   | cadena 20260820: 82 contratos (ITM+OTM C/P) capturados y cancelados (spot 765.59)
2026-08-20 12:05:05 | DATA   | cadena persistida 2026-08-20 12:05: 82 filas (fuente=live)
=== NOTIF === 2026-08-20 12:05:16 | ORDEN | COMPRA VERTICAL SPY P L=765/S=761 x1 débito<=0.52
2026-08-20 12:05:21 | DATA   | cadena 20260820: 14 contratos (ITM+OTM C/P) capturados y cancelados (spot 766.01)
=== NOTIF === 2026-08-20 12:05:24 | RIESGO | BAG no cerró (3 pata/s viva/s) — cierre por patas al MID
=== NOTIF === 2026-08-20 12:05:24 | ORDEN | CIERRE MERCADO SPY P 762 x1
=== NOTIF === 2026-08-20 12:05:32 | ORDEN | CIERRE MERCADO SPY P 761 x1
=== NOTIF === 2026-08-20 12:05:40 | ORDEN | CIERRE MERCADO SPY P 765 x2
=== NOTIF === 2026-08-20 12:05:51 | ORDEN | COMPRA VERTICAL SPY C L=766/S=768 x1 débito<=0.59
2026-08-20 12:05:57 | DATA   | cadena 20260820: 14 contratos (ITM+OTM C/P) capturados y cancelados (spot 766.01)
2026-08-20 12:06:00 | DATA   | backfill SPY 120 S 1 min useRTH=False
2026-08-20 12:06:05 | DATA   | cadena 20260820: 82 contratos (ITM+OTM C/P) capturados y cancelados (spot 765.59)
2026-08-20 12:06:05 | DATA   | cadena persistida 2026-08-20 12:06: 82 filas (fuente=live)
=== NOTIF === 2026-08-20 12:06:05 | RIESGO | SYNC 12:06: IBKR tiene 2 pata(s) 0DTE y el sistema se creía PLANO — adoptando
=== NOTIF === 2026-08-20 12:06:05 | RIESGO | ⚠️ 2 pata(s) 0DTE abiertas en IBKR SIN operación abierta en la BD — no se reconstruye; revisar y cerrar a mano
=== NOTIF === 2026-08-20 12:06:24 | RIESGO | BAG no cerró (2 pata/s viva/s) — cierre por patas al MID
=== NOTIF === 2026-08-20 12:06:24 | ORDEN | CIERRE MERCADO SPY C 768 x1
=== NOTIF === 2026-08-20 12:06:33 | ORDEN | CIERRE MERCADO SPY C 766 x1
2026-08-20 12:06:46 | DATA   | cadena 20260820: 98 contratos (ITM+OTM C/P) capturados y cancelados (spot 765.59)
2026-08-20 12:06:53 | DATA   | cadena 20260820: 98 contratos (ITM+OTM C/P) capturados y cancelados (spot 765.59)
2026-08-20 12:07:00 | DATA   | backfill SPY 120 S 1 min useRTH=False
2026-08-20 12:07:01 | DATA   | cadena 20260820: 98 contratos (ITM+OTM C/P) capturados y cancelados (spot 765.59)
2026-08-20 12:07:07 | DATA   | cadena 20260820: 82 contratos (ITM+OTM C/P) capturados y cancelados (spot 765.68)
2026-08-20 12:07:07 | DATA   | cadena persistida 2026-08-20 12:07: 82 filas (fuente=live)
2026-08-20 12:07:09 | DATA   | cadena 20260820: 98 contratos (ITM+OTM C/P) capturados y cancelados (spot 765.59)
2026-08-20 12:07:18 | DATA   | cadena 20260820: 98 contratos (ITM+OTM C/P) capturados y cancelados (spot 765.68)
2026-08-20 12:07:25 | DATA   | cadena 20260820: 98 contratos (ITM+OTM C/P) capturados y cancelados (spot 765.68)
2026-08-20 12:07:33 | DATA   | cadena 20260820: 98 contratos (ITM+OTM C/P) capturados y cancelados (spot 765.68)
2026-08-20 12:07:40 | DATA   | cadena 20260820: 98 contratos (ITM+OTM C/P) capturados y cancelados (spot 765.68)
2026-08-20 12:07:48 | DATA   | cadena 20260820: 98 contratos (ITM+OTM C/P) capturados y cancelados (spot 765.68)
2026-08-20 12:07:55 | DATA   | cadena 20260820: 98 contratos (ITM+OTM C/P) capturados y cancelados (spot 765.68)
2026-08-20 12:08:02 | DATA   | backfill SPY 120 S 1 min useRTH=False
2026-08-20 12:08:02 | DATA   | cadena 20260820: 98 contratos (ITM+OTM C/P) capturados y cancelados (spot 765.68)
2026-08-20 12:08:08 | DATA   | cadena 20260820: 82 contratos (ITM+OTM C/P) capturados y cancelados (spot 765.61)
2026-08-20 12:08:08 | DATA   | cadena persistida 2026-08-20 12:08: 82 filas (fuente=live)
2026-08-20 12:08:11 | DATA   | cadena 20260820: 98 contratos (ITM+OTM C/P) capturados y cancelados (spot 765.68)
2026-08-20 12:08:12 | DATA   | IBKR conectando a 127.0.0.1:4002 clientId=35
=== NOTIF === 2026-08-20 12:08:19 | IBKR | IBKR conectado (paper 4002)
2026-08-20 12:08:20 | DATA   | cadena 20260820: 98 contratos (ITM+OTM C/P) capturados y cancelados (spot 765.61)
2026-08-20 12:08:21 | DATA   | IBKR desconectado
2026-08-20 12:08:27 | DATA   | cadena 20260820: 98 contratos (ITM+OTM C/P) capturados y cancelados (spot 765.61)
2026-08-20 12:08:35 | DATA   | cadena 20260820: 98 contratos (ITM+OTM C/P) capturados y cancelados (spot 765.61)
2026-08-20 12:08:42 | DATA   | cadena 20260820: 98 contratos (ITM+OTM C/P) capturados y cancelados (spot 765.61)
2026-08-20 12:08:49 | DATA   | cadena 20260820: 98 contratos (ITM+OTM C/P) capturados y cancelados (spot 765.61)
2026-08-20 12:08:57 | DATA   | cadena 20260820: 98 contratos (ITM+OTM C/P) capturados y cancelados (spot 765.61)
=== NOTIF === 2026-08-20 12:09:03 | ORDEN | COMPRA VERTICAL SPY C L=763/S=765 x1 débito<=1.61
2026-08-20 12:09:04 | DATA   | backfill SPY 120 S 1 min useRTH=False
2026-08-20 12:09:08 | DATA   | cadena 20260820: 82 contratos (ITM+OTM C/P) capturados y cancelados (spot 765.96)
2026-08-20 12:09:08 | DATA   | cadena persistida 2026-08-20 12:09: 82 filas (fuente=live)
=== NOTIF === 2026-08-20 12:09:27 | ORDEN | COMPRA VERTICAL SPY C L=761/S=763 x1 débito<=1.90
=== NOTIF === 2026-08-20 12:09:52 | ORDEN | COMPRA VERTICAL SPY C L=761/S=764 x1 débito<=2.76
2026-08-20 12:10:03 | DATA   | backfill SPY 120 S 1 min useRTH=False
2026-08-20 12:10:08 | DATA   | cadena 20260820: 82 contratos (ITM+OTM C/P) capturados y cancelados (spot 766.02)
2026-08-20 12:10:08 | DATA   | cadena persistida 2026-08-20 12:10: 82 filas (fuente=live)
=== NOTIF === 2026-08-20 12:10:16 | ORDEN | COMPRA VERTICAL SPY C L=761/S=765 x1 débito<=3.49
=== NOTIF === 2026-08-20 12:10:41 | ORDEN | COMPRA VERTICAL SPY C L=756/S=758 x1 débito<=1.98
2026-08-20 12:11:03 | DATA   | backfill SPY 120 S 1 min useRTH=False
=== NOTIF === 2026-08-20 12:11:06 | ORDEN | COMPRA VERTICAL SPY C L=756/S=759 x1 débito<=2.99
2026-08-20 12:11:08 | DATA   | cadena 20260820: 82 contratos (ITM+OTM C/P) capturados y cancelados (spot 765.86)
2026-08-20 12:11:08 | DATA   | cadena persistida 2026-08-20 12:11: 82 filas (fuente=live)
2026-08-20 12:11:33 | DATA   | cadena 20260820: 98 contratos (ITM+OTM C/P) capturados y cancelados (spot 765.86)
2026-08-20 12:11:40 | DATA   | cadena 20260820: 98 contratos (ITM+OTM C/P) capturados y cancelados (spot 765.86)
=== NOTIF === 2026-08-20 12:11:46 | ORDEN | COMPRA VERTICAL SPY C L=756/S=760 x1 débito<=3.98
2026-08-20 12:12:03 | DATA   | backfill SPY 120 S 1 min useRTH=False
2026-08-20 12:12:07 | DATA   | cadena 20260820: 82 contratos (ITM+OTM C/P) capturados y cancelados (spot 766.00)
2026-08-20 12:12:07 | DATA   | cadena persistida 2026-08-20 12:12: 82 filas (fuente=live)
=== NOTIF === 2026-08-20 12:12:12 | ORDEN | COMPRA VERTICAL SPY C L=746/S=748 x1 débito<=2.02
=== NOTIF === 2026-08-20 12:12:36 | ORDEN | COMPRA VERTICAL SPY C L=746/S=749 x1 débito<=3.13
=== NOTIF === 2026-08-20 12:13:01 | ORDEN | COMPRA VERTICAL SPY C L=746/S=750 x1 débito<=4.00
2026-08-20 12:13:03 | DATA   | backfill SPY 120 S 1 min useRTH=False
2026-08-20 12:13:07 | DATA   | cadena 20260820: 82 contratos (ITM+OTM C/P) capturados y cancelados (spot 765.77)
2026-08-20 12:13:07 | DATA   | cadena persistida 2026-08-20 12:13: 82 filas (fuente=live)
2026-08-20 12:13:21 | DATA   | IBKR conectando a 127.0.0.1:4002 clientId=35
=== NOTIF === 2026-08-20 12:13:21 | IBKR | IBKR conectado (paper 4002)
2026-08-20 12:13:21 | DATA   | IBKR desconectado
2026-08-20 12:13:28 | DATA   | cadena 20260820: 98 contratos (ITM+OTM C/P) capturados y cancelados (spot 765.77)
=== NOTIF === 2026-08-20 12:13:34 | ORDEN | COMPRA VERTICAL SPY C L=771/S=773 x1 débito<=0.03
2026-08-20 12:13:38 | DATA   | cadena 20260820: 14 contratos (ITM+OTM C/P) capturados y cancelados (spot 765.77)
=== NOTIF === 2026-08-20 12:13:41 | RIESGO | BAG no cerró (2 pata/s viva/s) — cierre por patas al MID
=== NOTIF === 2026-08-20 12:13:41 | ORDEN | CIERRE MERCADO SPY C 773 x1
=== NOTIF === 2026-08-20 12:13:49 | ORDEN | CIERRE MERCADO SPY C 771 x1
=== NOTIF === 2026-08-20 12:14:00 | ORDEN | COMPRA VERTICAL SPY P L=761/S=759 x1 débito<=0.03
2026-08-20 12:14:02 | DATA   | backfill SPY 120 S 1 min useRTH=False
2026-08-20 12:14:07 | DATA   | cadena 20260820: 82 contratos (ITM+OTM C/P) capturados y cancelados (spot 765.49)
2026-08-20 12:14:07 | DATA   | cadena persistida 2026-08-20 12:14: 82 filas (fuente=live)
=== NOTIF === 2026-08-20 12:14:25 | ORDEN | COMPRA VERTICAL SPY C L=771/S=774 x1 débito<=0.02
=== NOTIF === 2026-08-20 12:14:49 | ORDEN | COMPRA VERTICAL SPY P L=761/S=758 x1 débito<=0.04
2026-08-20 12:15:02 | DATA   | backfill SPY 120 S 1 min useRTH=False
2026-08-20 12:15:07 | DATA   | cadena 20260820: 82 contratos (ITM+OTM C/P) capturados y cancelados (spot 765.51)
2026-08-20 12:15:07 | DATA   | cadena persistida 2026-08-20 12:15: 82 filas (fuente=live)
=== NOTIF === 2026-08-20 12:15:14 | ORDEN | COMPRA VERTICAL SPY C L=771/S=775 x1 débito<=0.02
=== NOTIF === 2026-08-20 12:15:38 | ORDEN | COMPRA VERTICAL SPY P L=761/S=757 x1 débito<=0.04
2026-08-20 12:16:02 | DATA   | backfill SPY 120 S 1 min useRTH=False
2026-08-20 12:16:05 | DATA   | cadena 20260820: 98 contratos (ITM+OTM C/P) capturados y cancelados (spot 765.51)
2026-08-20 12:16:07 | DATA   | cadena 20260820: 82 contratos (ITM+OTM C/P) capturados y cancelados (spot 765.54)
2026-08-20 12:16:07 | DATA   | cadena persistida 2026-08-20 12:16: 82 filas (fuente=live)
2026-08-20 12:16:16 | DATA   | cadena 20260820: 98 contratos (ITM+OTM C/P) capturados y cancelados (spot 765.54)
=== NOTIF === 2026-08-20 12:16:22 | ORDEN | COMPRA VERTICAL SPY P L=763/S=761 x1 débito<=0.14
=== NOTIF === 2026-08-20 12:16:46 | ORDEN | COMPRA VERTICAL SPY P L=763/S=760 x1 débito<=0.17
2026-08-20 12:16:59 | DATA   | cadena 20260820: 14 contratos (ITM+OTM C/P) capturados y cancelados (spot 765.54)
2026-08-20 12:17:03 | DATA   | backfill SPY 120 S 1 min useRTH=False
2026-08-20 12:17:07 | DATA   | cadena 20260820: 82 contratos (ITM+OTM C/P) capturados y cancelados (spot 765.53)
2026-08-20 12:17:07 | DATA   | cadena persistida 2026-08-20 12:17: 82 filas (fuente=live)
=== NOTIF === 2026-08-20 12:17:07 | RIESGO | SYNC 12:17: IBKR tiene 2 pata(s) 0DTE y el sistema se creía PLANO — adoptando
=== NOTIF === 2026-08-20 12:17:07 | RIESGO | ⚠️ 2 pata(s) 0DTE abiertas en IBKR SIN operación abierta en la BD — no se reconstruye; revisar y cerrar a mano
=== NOTIF === 2026-08-20 12:17:26 | RIESGO | BAG no cerró (2 pata/s viva/s) — cierre por patas al MID
=== NOTIF === 2026-08-20 12:17:26 | ORDEN | CIERRE MERCADO SPY P 760 x1
=== NOTIF === 2026-08-20 12:17:35 | ORDEN | CIERRE MERCADO SPY P 763 x1
=== NOTIF === 2026-08-20 12:17:45 | ORDEN | COMPRA VERTICAL SPY P L=763/S=759 x1 débito<=0.17
2026-08-20 12:17:50 | DATA   | cadena 20260820: 14 contratos (ITM+OTM C/P) capturados y cancelados (spot 765.54)
2026-08-20 12:18:02 | DATA   | backfill SPY 120 S 1 min useRTH=False
2026-08-20 12:18:07 | DATA   | cadena 20260820: 82 contratos (ITM+OTM C/P) capturados y cancelados (spot 765.55)
2026-08-20 12:18:07 | DATA   | cadena persistida 2026-08-20 12:18: 82 filas (fuente=live)
=== NOTIF === 2026-08-20 12:18:07 | RIESGO | SYNC 12:18: IBKR tiene 2 pata(s) 0DTE y el sistema se creía PLANO — adoptando
=== NOTIF === 2026-08-20 12:18:07 | RIESGO | ⚠️ 2 pata(s) 0DTE abiertas en IBKR SIN operación abierta en la BD — no se reconstruye; revisar y cerrar a mano
=== NOTIF === 2026-08-20 12:18:18 | RIESGO | BAG no cerró (2 pata/s viva/s) — cierre por patas al MID
=== NOTIF === 2026-08-20 12:18:18 | ORDEN | CIERRE MERCADO SPY P 759 x1
2026-08-20 12:18:21 | DATA   | IBKR conectando a 127.0.0.1:4002 clientId=35
=== NOTIF === 2026-08-20 12:18:22 | IBKR | IBKR conectado (paper 4002)
2026-08-20 12:18:22 | DATA   | IBKR desconectado
=== NOTIF === 2026-08-20 12:18:26 | ORDEN | CIERRE MERCADO SPY P 763 x1
=== NOTIF === 2026-08-20 12:18:37 | ORDEN | COMPRA VERTICAL SPY P L=765/S=763 x1 débito<=0.45
2026-08-20 12:18:41 | DATA   | cadena 20260820: 14 contratos (ITM+OTM C/P) capturados y cancelados (spot 765.54)
=== NOTIF === 2026-08-20 12:18:45 | RIESGO | BAG no cerró (2 pata/s viva/s) — cierre por patas al MID
=== NOTIF === 2026-08-20 12:18:45 | ORDEN | CIERRE MERCADO SPY P 763 x1
=== NOTIF === 2026-08-20 12:18:53 | ORDEN | CIERRE MERCADO SPY P 765 x1
2026-08-20 12:19:02 | DATA   | backfill SPY 120 S 1 min useRTH=False
=== NOTIF === 2026-08-20 12:19:05 | ORDEN | COMPRA VERTICAL SPY P L=765/S=762 x1 débito<=0.53
2026-08-20 12:19:06 | DATA   | cadena 20260820: 82 contratos (ITM+OTM C/P) capturados y cancelados (spot 765.60)
2026-08-20 12:19:06 | DATA   | cadena persistida 2026-08-20 12:19: 82 filas (fuente=live)
=== NOTIF === 2026-08-20 12:19:07 | ARRANQUE | RECALIBRA 12:19: saldo=1027 nivel 4->8 tope 75->175 unidades 1->1 (ancho FIJO 2)
2026-08-20 12:19:11 | DATA   | cadena 20260820: 14 contratos (ITM+OTM C/P) capturados y cancelados (spot 765.54)
=== NOTIF === 2026-08-20 12:19:14 | RIESGO | BAG no cerró (2 pata/s viva/s) — cierre por patas al MID
=== NOTIF === 2026-08-20 12:19:14 | ORDEN | CIERRE MERCADO SPY P 762 x1
=== NOTIF === 2026-08-20 12:19:22 | ORDEN | CIERRE MERCADO SPY P 765 x1
=== NOTIF === 2026-08-20 12:19:33 | ORDEN | COMPRA VERTICAL SPY P L=765/S=761 x1 débito<=0.56
2026-08-20 12:19:45 | DATA   | cadena 20260820: 14 contratos (ITM+OTM C/P) capturados y cancelados (spot 765.54)
=== NOTIF === 2026-08-20 12:19:49 | RIESGO | BAG no cerró (2 pata/s viva/s) — cierre por patas al MID
=== NOTIF === 2026-08-20 12:19:49 | ORDEN | CIERRE MERCADO SPY P 761 x1
=== NOTIF === 2026-08-20 12:19:57 | ORDEN | CIERRE MERCADO SPY P 765 x1
2026-08-20 12:20:02 | DATA   | backfill SPY 120 S 1 min useRTH=False
2026-08-20 12:20:06 | DATA   | cadena 20260820: 82 contratos (ITM+OTM C/P) capturados y cancelados (spot 765.61)
2026-08-20 12:20:06 | DATA   | cadena persistida 2026-08-20 12:20: 82 filas (fuente=live)
=== NOTIF === 2026-08-20 12:20:06 | ARRANQUE | RECALIBRA 12:20: saldo=418 nivel 8->4 tope 175->75 unidades 1->1 (ancho FIJO 2)
2026-08-20 12:20:11 | DATA   | cadena 20260820: 98 contratos (ITM+OTM C/P) capturados y cancelados (spot 765.61)
2026-08-20 12:20:19 | DATA   | cadena 20260820: 98 contratos (ITM+OTM C/P) capturados y cancelados (spot 765.61)
=== NOTIF === 2026-08-20 12:20:25 | ORDEN | COMPRA VERTICAL SPY P L=766/S=764 x1 débito<=0.74
2026-08-20 12:20:29 | DATA   | cadena 20260820: 14 contratos (ITM+OTM C/P) capturados y cancelados (spot 765.61)
=== NOTIF === 2026-08-20 12:20:32 | RIESGO | BAG no cerró (2 pata/s viva/s) — cierre por patas al MID
=== NOTIF === 2026-08-20 12:20:33 | ORDEN | CIERRE MERCADO SPY P 764 x1
=== NOTIF === 2026-08-20 12:20:41 | ORDEN | CIERRE MERCADO SPY P 766 x1
=== NOTIF === 2026-08-20 12:20:51 | ORDEN | COMPRA VERTICAL SPY P L=766/S=763 x1 débito<=0.91
2026-08-20 12:20:59 | DATA   | cadena 20260820: 14 contratos (ITM+OTM C/P) capturados y cancelados (spot 765.61)
2026-08-20 12:21:01 | DATA   | backfill SPY 120 S 1 min useRTH=False
=== NOTIF === 2026-08-20 12:21:03 | RIESGO | BAG no cerró (2 pata/s viva/s) — cierre por patas al MID
=== NOTIF === 2026-08-20 12:21:03 | ORDEN | CIERRE MERCADO SPY P 763 x1
2026-08-20 12:21:06 | DATA   | cadena 20260820: 82 contratos (ITM+OTM C/P) capturados y cancelados (spot 765.57)
2026-08-20 12:21:06 | DATA   | cadena persistida 2026-08-20 12:21: 82 filas (fuente=live)
=== NOTIF === 2026-08-20 12:21:06 | RIESGO | SYNC 12:21: IBKR tiene 1 pata(s) 0DTE y el sistema se creía PLANO — adoptando
=== NOTIF === 2026-08-20 12:21:06 | RIESGO | ⚠️ 1 pata(s) 0DTE abiertas en IBKR SIN operación abierta en la BD — no se reconstruye; revisar y cerrar a mano
=== NOTIF === 2026-08-20 12:21:11 | ORDEN | CIERRE MERCADO SPY P 766 x1
=== NOTIF === 2026-08-20 12:21:22 | ORDEN | COMPRA VERTICAL SPY P L=766/S=762 x1 débito<=1.01
2026-08-20 12:21:26 | DATA   | cadena 20260820: 14 contratos (ITM+OTM C/P) capturados y cancelados (spot 765.61)
=== NOTIF === 2026-08-20 12:21:30 | RIESGO | BAG no cerró (2 pata/s viva/s) — cierre por patas al MID
=== NOTIF === 2026-08-20 12:21:30 | ORDEN | CIERRE MERCADO SPY P 762 x1
=== NOTIF === 2026-08-20 12:21:38 | ORDEN | CIERRE MERCADO SPY P 766 x1
=== NOTIF === 2026-08-20 12:21:49 | ORDEN | COMPRA VERTICAL SPY C L=763/S=765 x1 débito<=1.56
2026-08-20 12:22:01 | DATA   | backfill SPY 120 S 1 min useRTH=False
2026-08-20 12:22:06 | DATA   | cadena 20260820: 82 contratos (ITM+OTM C/P) capturados y cancelados (spot 765.65)
2026-08-20 12:22:06 | DATA   | cadena persistida 2026-08-20 12:22: 82 filas (fuente=live)
=== NOTIF === 2026-08-20 12:22:13 | ORDEN | COMPRA VERTICAL SPY C L=761/S=763 x1 débito<=1.87
=== NOTIF === 2026-08-20 12:22:38 | ORDEN | COMPRA VERTICAL SPY C L=761/S=764 x1 débito<=2.73
2026-08-20 12:23:01 | DATA   | backfill SPY 120 S 1 min useRTH=False
2026-08-20 12:23:04 | DATA   | cadena 20260820: 98 contratos (ITM+OTM C/P) capturados y cancelados (spot 765.65)
2026-08-20 12:23:07 | DATA   | cadena 20260820: 82 contratos (ITM+OTM C/P) capturados y cancelados (spot 765.54)
2026-08-20 12:23:07 | DATA   | cadena persistida 2026-08-20 12:23: 82 filas (fuente=live)
2026-08-20 12:23:15 | DATA   | cadena 20260820: 98 contratos (ITM+OTM C/P) capturados y cancelados (spot 765.54)
=== NOTIF === 2026-08-20 12:23:21 | ORDEN | COMPRA VERTICAL SPY C L=761/S=765 x1 débito<=3.46
2026-08-20 12:23:22 | DATA   | IBKR conectando a 127.0.0.1:4002 clientId=35
=== NOTIF === 2026-08-20 12:23:22 | IBKR | IBKR conectado (paper 4002)
2026-08-20 12:23:22 | DATA   | IBKR desconectado
=== NOTIF === 2026-08-20 12:23:45 | ORDEN | COMPRA VERTICAL SPY C L=756/S=758 x1 débito<=2.02
2026-08-20 12:24:02 | DATA   | backfill SPY 120 S 1 min useRTH=False
2026-08-20 12:24:07 | DATA   | cadena 20260820: 82 contratos (ITM+OTM C/P) capturados y cancelados (spot 765.79)
2026-08-20 12:24:07 | DATA   | cadena persistida 2026-08-20 12:24: 82 filas (fuente=live)
=== NOTIF === 2026-08-20 12:24:11 | ORDEN | COMPRA VERTICAL SPY C L=756/S=759 x1 débito<=2.99
=== NOTIF === 2026-08-20 12:24:35 | ORDEN | COMPRA VERTICAL SPY C L=756/S=760 x1 débito<=3.91
=== NOTIF === 2026-08-20 12:25:00 | ORDEN | COMPRA VERTICAL SPY C L=746/S=748 x1 débito<=2.00
2026-08-20 12:25:02 | DATA   | backfill SPY 120 S 1 min useRTH=False
2026-08-20 12:25:06 | DATA   | cadena 20260820: 82 contratos (ITM+OTM C/P) capturados y cancelados (spot 765.93)
2026-08-20 12:25:06 | DATA   | cadena persistida 2026-08-20 12:25: 82 filas (fuente=live)
=== NOTIF === 2026-08-20 12:25:25 | ORDEN | COMPRA VERTICAL SPY C L=746/S=749 x1 débito<=3.02
2026-08-20 12:25:51 | DATA   | cadena 20260820: 98 contratos (ITM+OTM C/P) capturados y cancelados (spot 765.93)
2026-08-20 12:25:59 | DATA   | cadena 20260820: 98 contratos (ITM+OTM C/P) capturados y cancelados (spot 765.93)
2026-08-20 12:26:02 | DATA   | backfill SPY 120 S 1 min useRTH=False
=== NOTIF === 2026-08-20 12:26:05 | ORDEN | COMPRA VERTICAL SPY C L=746/S=750 x1 débito<=4.00
2026-08-20 12:26:07 | DATA   | cadena 20260820: 82 contratos (ITM+OTM C/P) capturados y cancelados (spot 765.99)
2026-08-20 12:26:07 | DATA   | cadena persistida 2026-08-20 12:26: 82 filas (fuente=live)
2026-08-20 12:26:32 | DATA   | cadena 20260820: 98 contratos (ITM+OTM C/P) capturados y cancelados (spot 765.99)
2026-08-20 12:26:39 | DATA   | cadena 20260820: 98 contratos (ITM+OTM C/P) capturados y cancelados (spot 765.99)
=== NOTIF === 2026-08-20 12:26:45 | ORDEN | COMPRA VERTICAL SPY P L=761/S=759 x1 débito<=0.03
2026-08-20 12:27:02 | DATA   | backfill SPY 120 S 1 min useRTH=False
2026-08-20 12:27:07 | DATA   | cadena 20260820: 82 contratos (ITM+OTM C/P) capturados y cancelados (spot 765.87)
2026-08-20 12:27:07 | DATA   | cadena persistida 2026-08-20 12:27: 82 filas (fuente=live)
=== NOTIF === 2026-08-20 12:27:11 | ORDEN | COMPRA VERTICAL SPY P L=761/S=758 x1 débito<=0.03
=== NOTIF === 2026-08-20 12:27:35 | ORDEN | COMPRA VERTICAL SPY P L=761/S=757 x1 débito<=0.04
2026-08-20 12:27:40 | DATA   | cadena 20260820: 14 contratos (ITM+OTM C/P) capturados y cancelados (spot 765.99)
=== NOTIF === 2026-08-20 12:27:43 | RIESGO | BAG no cerró (2 pata/s viva/s) — cierre por patas al MID
=== NOTIF === 2026-08-20 12:27:43 | ORDEN | CIERRE MERCADO SPY P 757 x1
=== NOTIF === 2026-08-20 12:27:52 | ORDEN | CIERRE MERCADO SPY P 761 x1
2026-08-20 12:28:02 | DATA   | backfill SPY 120 S 1 min useRTH=False
=== NOTIF === 2026-08-20 12:28:03 | ORDEN | COMPRA VERTICAL SPY P L=763/S=761 x1 débito<=0.10
2026-08-20 12:28:06 | DATA   | cadena 20260820: 82 contratos (ITM+OTM C/P) capturados y cancelados (spot 765.75)
2026-08-20 12:28:06 | DATA   | cadena persistida 2026-08-20 12:28: 82 filas (fuente=live)
=== NOTIF === 2026-08-20 12:28:07 | ARRANQUE | RECALIBRA 12:28: saldo=397 nivel 4->3 tope 75->55 unidades 1->1 (ancho FIJO 2)
2026-08-20 12:28:22 | DATA   | IBKR conectando a 127.0.0.1:4002 clientId=35
=== NOTIF === 2026-08-20 12:28:23 | IBKR | IBKR conectado (paper 4002)
2026-08-20 12:28:23 | DATA   | IBKR desconectado
=== NOTIF === 2026-08-20 12:28:28 | ORDEN | COMPRA VERTICAL SPY P L=763/S=760 x1 débito<=0.13
2026-08-20 12:28:35 | DATA   | cadena 20260820: 14 contratos (ITM+OTM C/P) capturados y cancelados (spot 765.99)
2026-08-20 12:29:02 | DATA   | backfill SPY 120 S 1 min useRTH=False
=== NOTIF === 2026-08-20 12:29:02 | RIESGO | BAG no cerró (2 pata/s viva/s) — cierre por patas al MID
=== NOTIF === 2026-08-20 12:29:03 | ORDEN | CIERRE MERCADO SPY P 760 x1
2026-08-20 12:29:06 | DATA   | cadena 20260820: 82 contratos (ITM+OTM C/P) capturados y cancelados (spot 765.80)
2026-08-20 12:29:06 | DATA   | cadena persistida 2026-08-20 12:29: 82 filas (fuente=live)
=== NOTIF === 2026-08-20 12:29:06 | RIESGO | SYNC 12:29: IBKR tiene 1 pata(s) 0DTE y el sistema se creía PLANO — adoptando
=== NOTIF === 2026-08-20 12:29:06 | RIESGO | ⚠️ 1 pata(s) 0DTE abiertas en IBKR SIN operación abierta en la BD — no se reconstruye; revisar y cerrar a mano
=== NOTIF === 2026-08-20 12:29:11 | ORDEN | CIERRE MERCADO SPY P 763 x1
=== NOTIF === 2026-08-20 12:29:22 | ORDEN | COMPRA VERTICAL SPY P L=763/S=759 x1 débito<=0.12
2026-08-20 12:29:49 | DATA   | cadena 20260820: 98 contratos (ITM+OTM C/P) capturados y cancelados (spot 765.80)
2026-08-20 12:29:56 | DATA   | cadena 20260820: 98 contratos (ITM+OTM C/P) capturados y cancelados (spot 765.80)
2026-08-20 12:30:01 | DATA   | backfill SPY 120 S 1 min useRTH=False
2026-08-20 12:30:04 | DATA   | cadena 20260820: 98 contratos (ITM+OTM C/P) capturados y cancelados (spot 765.80)
2026-08-20 12:30:08 | DATA   | cadena 20260820: 82 contratos (ITM+OTM C/P) capturados y cancelados (spot 765.75)
2026-08-20 12:30:08 | DATA   | cadena persistida 2026-08-20 12:30: 82 filas (fuente=live)
2026-08-20 12:30:13 | DATA   | cadena 20260820: 98 contratos (ITM+OTM C/P) capturados y cancelados (spot 765.75)
2026-08-20 12:30:21 | DATA   | cadena 20260820: 98 contratos (ITM+OTM C/P) capturados y cancelados (spot 765.75)
2026-08-20 12:30:29 | DATA   | cadena 20260820: 98 contratos (ITM+OTM C/P) capturados y cancelados (spot 765.75)
2026-08-20 12:30:36 | DATA   | cadena 20260820: 98 contratos (ITM+OTM C/P) capturados y cancelados (spot 765.75)
=== NOTIF === 2026-08-20 12:30:42 | ORDEN | COMPRA VERTICAL SPY C L=766/S=768 x1 débito<=0.47
2026-08-20 12:30:52 | DATA   | cadena 20260820: 14 contratos (ITM+OTM C/P) capturados y cancelados (spot 765.75)
2026-08-20 12:31:03 | DATA   | backfill SPY 120 S 1 min useRTH=False
2026-08-20 12:31:08 | DATA   | cadena 20260820: 82 contratos (ITM+OTM C/P) capturados y cancelados (spot 765.49)
2026-08-20 12:31:08 | DATA   | cadena persistida 2026-08-20 12:31: 82 filas (fuente=live)
=== NOTIF === 2026-08-20 12:31:08 | RIESGO | SYNC 12:31: IBKR tiene 2 pata(s) 0DTE y el sistema se creía PLANO — adoptando
=== NOTIF === 2026-08-20 12:31:08 | RIESGO | ⚠️ 2 pata(s) 0DTE abiertas en IBKR SIN operación abierta en la BD — no se reconstruye; revisar y cerrar a mano
=== NOTIF === 2026-08-20 12:31:20 | RIESGO | BAG no cerró (2 pata/s viva/s) — cierre por patas al MID
=== NOTIF === 2026-08-20 12:31:20 | ORDEN | CIERRE MERCADO SPY C 768 x1
=== NOTIF === 2026-08-20 12:31:28 | ORDEN | CIERRE MERCADO SPY C 766 x1
=== NOTIF === 2026-08-20 12:31:39 | ORDEN | COMPRA VERTICAL SPY P L=766/S=764 x1 débito<=0.80
2026-08-20 12:31:43 | DATA   | cadena 20260820: 14 contratos (ITM+OTM C/P) capturados y cancelados (spot 765.75)
2026-08-20 12:31:50 | DATA   | IBKR conectando a 127.0.0.1:4002 clientId=33
=== NOTIF === 2026-08-20 12:31:50 | IBKR | IBKR conectado (paper 4002)
2026-08-20 12:31:50 | DATA   | IBKR desconectado
2026-08-20 12:32:03 | DATA   | backfill SPY 120 S 1 min useRTH=False
2026-08-20 12:32:08 | DATA   | cadena 20260820: 82 contratos (ITM+OTM C/P) capturados y cancelados (spot 765.41)
2026-08-20 12:32:08 | DATA   | cadena persistida 2026-08-20 12:32: 82 filas (fuente=live)
=== NOTIF === 2026-08-20 12:32:08 | RIESGO | SYNC 12:32: IBKR tiene 2 pata(s) 0DTE y el sistema se creía PLANO — adoptando
=== NOTIF === 2026-08-20 12:32:08 | RIESGO | ⚠️ 2 pata(s) 0DTE abiertas en IBKR SIN operación abierta en la BD — no se reconstruye; revisar y cerrar a mano
=== NOTIF === 2026-08-20 12:32:08 | ARRANQUE | RECALIBRA 12:32: saldo=984 nivel 3->7 tope 55->140 unidades 1->1 (ancho FIJO 2)
=== NOTIF === 2026-08-20 12:32:11 | RIESGO | BAG no cerró (2 pata/s viva/s) — cierre por patas al MID
=== NOTIF === 2026-08-20 12:32:11 | ORDEN | CIERRE MERCADO SPY P 764 x1
=== NOTIF === 2026-08-20 12:32:19 | ORDEN | CIERRE MERCADO SPY P 766 x1
=== NOTIF === 2026-08-20 12:32:30 | ORDEN | COMPRA VERTICAL SPY P L=766/S=763 x1 débito<=0.94
2026-08-20 12:32:35 | DATA   | IBKR conectando a 127.0.0.1:4002 clientId=34
=== NOTIF === 2026-08-20 12:32:35 | IBKR | IBKR conectado (paper 4002)
2026-08-20 12:32:41 | DATA   | cadena 20260820: 98 contratos (ITM+OTM C/P) capturados y cancelados (spot 765.41)
2026-08-20 12:32:48 | DATA   | cadena 20260820: 98 contratos (ITM+OTM C/P) capturados y cancelados (spot 765.41)
=== NOTIF === 2026-08-20 12:32:48 | RIESGO | BAG no cerró (2 pata/s viva/s) — cierre por patas al MID
=== NOTIF === 2026-08-20 12:32:51 | ORDEN | CIERRE MERCADO SPY P 763 x1
=== NOTIF === 2026-08-20 12:32:59 | ORDEN | CIERRE MERCADO SPY P 766 x1
2026-08-20 12:33:03 | DATA   | backfill SPY 120 S 1 min useRTH=False
2026-08-20 12:33:07 | DATA   | cadena 20260820: 82 contratos (ITM+OTM C/P) capturados y cancelados (spot 765.49)
2026-08-20 12:33:07 | DATA   | cadena persistida 2026-08-20 12:33: 82 filas (fuente=live)
=== NOTIF === 2026-08-20 12:33:08 | ARRANQUE | RECALIBRA 12:33: saldo=389 nivel 7->3 tope 140->55 unidades 1->1 (ancho FIJO 2)
2026-08-20 12:33:14 | DATA   | cadena 20260820: 98 contratos (ITM+OTM C/P) capturados y cancelados (spot 765.49)
2026-08-20 12:33:21 | DATA   | cadena 20260820: 98 contratos (ITM+OTM C/P) capturados y cancelados (spot 765.49)
2026-08-20 12:33:23 | DATA   | IBKR conectando a 127.0.0.1:4002 clientId=35
=== NOTIF === 2026-08-20 12:33:26 | IBKR | IBKR conectado (paper 4002)
2026-08-20 12:33:28 | DATA   | IBKR desconectado
2026-08-20 12:33:29 | DATA   | cadena 20260820: 98 contratos (ITM+OTM C/P) capturados y cancelados (spot 765.49)
2026-08-20 12:33:36 | DATA   | cadena 20260820: 98 contratos (ITM+OTM C/P) capturados y cancelados (spot 765.49)
=== NOTIF === 2026-08-20 12:33:42 | ORDEN | COMPRA VERTICAL SPY P L=760/S=756 x1 débito<=0.02
2026-08-20 12:34:03 | DATA   | backfill SPY 120 S 1 min useRTH=False
2026-08-20 12:34:07 | DATA   | cadena 20260820: 82 contratos (ITM+OTM C/P) capturados y cancelados (spot 765.76)
2026-08-20 12:34:07 | DATA   | cadena persistida 2026-08-20 12:34: 82 filas (fuente=live)
=== NOTIF === 2026-08-20 12:34:09 | ORDEN | COMPRA VERTICAL SPY P L=762/S=760 x1 débito<=0.05
=== NOTIF === 2026-08-20 12:34:33 | ORDEN | COMPRA VERTICAL SPY P L=762/S=759 x1 débito<=0.06
=== NOTIF === 2026-08-20 12:34:59 | ORDEN | COMPRA VERTICAL SPY P L=762/S=758 x1 débito<=0.06
2026-08-20 12:35:02 | DATA   | backfill SPY 120 S 1 min useRTH=False
2026-08-20 12:35:04 | DATA   | cadena 20260820: 14 contratos (ITM+OTM C/P) capturados y cancelados (spot 765.49)
2026-08-20 12:35:08 | DATA   | cadena 20260820: 82 contratos (ITM+OTM C/P) capturados y cancelados (spot 766.08)
2026-08-20 12:35:08 | DATA   | cadena persistida 2026-08-20 12:35: 82 filas (fuente=live)
=== NOTIF === 2026-08-20 12:35:08 | RIESGO | SYNC 12:35: IBKR tiene 3 pata(s) 0DTE y el sistema se creía PLANO — adoptando
=== NOTIF === 2026-08-20 12:35:08 | RIESGO | ⚠️ 3 pata(s) 0DTE abiertas en IBKR SIN operación abierta en la BD — no se reconstruye; revisar y cerrar a mano
=== NOTIF === 2026-08-20 12:35:33 | RIESGO | BAG no cerró (3 pata/s viva/s) — cierre por patas al MID
=== NOTIF === 2026-08-20 12:35:33 | ORDEN | CIERRE MERCADO SPY P 759 x1
=== NOTIF === 2026-08-20 12:35:41 | ORDEN | CIERRE MERCADO SPY P 758 x1
=== NOTIF === 2026-08-20 12:35:49 | ORDEN | CIERRE MERCADO SPY P 762 x2
=== NOTIF === 2026-08-20 12:36:00 | ORDEN | COMPRA VERTICAL SPY P L=763/S=761 x1 débito<=0.08
2026-08-20 12:36:03 | DATA   | backfill SPY 120 S 1 min useRTH=False
2026-08-20 12:36:07 | DATA   | cadena 20260820: 82 contratos (ITM+OTM C/P) capturados y cancelados (spot 766.12)
2026-08-20 12:36:07 | DATA   | cadena persistida 2026-08-20 12:36: 82 filas (fuente=live)
=== NOTIF === 2026-08-20 12:36:24 | ORDEN | COMPRA VERTICAL SPY P L=763/S=760 x1 débito<=0.09
2026-08-20 12:36:38 | DATA   | cadena 20260820: 14 contratos (ITM+OTM C/P) capturados y cancelados (spot 765.49)
2026-08-20 12:37:02 | DATA   | backfill SPY 120 S 1 min useRTH=False
=== NOTIF === 2026-08-20 12:37:06 | RIESGO | BAG no cerró (2 pata/s viva/s) — cierre por patas al MID
2026-08-20 12:37:07 | DATA   | cadena 20260820: 82 contratos (ITM+OTM C/P) capturados y cancelados (spot 766.28)
2026-08-20 12:37:07 | DATA   | cadena persistida 2026-08-20 12:37: 82 filas (fuente=live)
=== NOTIF === 2026-08-20 12:37:07 | RIESGO | SYNC 12:37: IBKR tiene 2 pata(s) 0DTE y el sistema se creía PLANO — adoptando
=== NOTIF === 2026-08-20 12:37:07 | RIESGO | ⚠️ 2 pata(s) 0DTE abiertas en IBKR SIN operación abierta en la BD — no se reconstruye; revisar y cerrar a mano
=== NOTIF === 2026-08-20 12:37:07 | ORDEN | CIERRE MERCADO SPY P 760 x1
=== NOTIF === 2026-08-20 12:37:15 | ORDEN | CIERRE MERCADO SPY P 763 x1
2026-08-20 12:37:29 | DATA   | cadena 20260820: 98 contratos (ITM+OTM C/P) capturados y cancelados (spot 766.28)
2026-08-20 12:37:36 | DATA   | cadena 20260820: 98 contratos (ITM+OTM C/P) capturados y cancelados (spot 766.28)
=== NOTIF === 2026-08-20 12:37:42 | ORDEN | COMPRA VERTICAL SPY P L=764/S=760 x1 débito<=0.17
2026-08-20 12:38:02 | DATA   | backfill SPY 120 S 1 min useRTH=False
2026-08-20 12:38:07 | DATA   | cadena 20260820: 82 contratos (ITM+OTM C/P) capturados y cancelados (spot 766.20)
2026-08-20 12:38:07 | DATA   | cadena persistida 2026-08-20 12:38: 82 filas (fuente=live)
=== NOTIF === 2026-08-20 12:38:08 | ORDEN | COMPRA VERTICAL SPY P L=765/S=763 x1 débito<=0.30
2026-08-20 12:38:28 | DATA   | IBKR conectando a 127.0.0.1:4002 clientId=35
=== NOTIF === 2026-08-20 12:38:28 | IBKR | IBKR conectado (paper 4002)
2026-08-20 12:38:29 | DATA   | IBKR desconectado
=== NOTIF === 2026-08-20 12:38:33 | ORDEN | COMPRA VERTICAL SPY P L=765/S=762 x1 débito<=0.34
2026-08-20 12:38:38 | DATA   | cadena 20260820: 14 contratos (ITM+OTM C/P) capturados y cancelados (spot 766.28)
=== NOTIF === 2026-08-20 12:38:41 | RIESGO | BAG no cerró (2 pata/s viva/s) — cierre por patas al MID
=== NOTIF === 2026-08-20 12:38:41 | ORDEN | CIERRE MERCADO SPY P 762 x1
=== NOTIF === 2026-08-20 12:38:49 | ORDEN | CIERRE MERCADO SPY P 765 x1
=== NOTIF === 2026-08-20 12:39:00 | ORDEN | COMPRA VERTICAL SPY P L=765/S=761 x1 débito<=0.34
2026-08-20 12:39:02 | DATA   | backfill SPY 120 S 1 min useRTH=False
2026-08-20 12:39:06 | DATA   | cadena 20260820: 82 contratos (ITM+OTM C/P) capturados y cancelados (spot 766.27)
2026-08-20 12:39:06 | DATA   | cadena persistida 2026-08-20 12:39: 82 filas (fuente=live)
=== NOTIF === 2026-08-20 12:39:25 | ORDEN | COMPRA VERTICAL SPY P L=766/S=764 x1 débito<=0.51
2026-08-20 12:39:34 | DATA   | cadena 20260820: 14 contratos (ITM+OTM C/P) capturados y cancelados (spot 766.28)
2026-08-20 12:40:02 | DATA   | backfill SPY 120 S 1 min useRTH=False
=== NOTIF === 2026-08-20 12:40:02 | RIESGO | BAG no cerró (2 pata/s viva/s) — cierre por patas al MID
=== NOTIF === 2026-08-20 12:40:03 | ORDEN | CIERRE MERCADO SPY P 764 x1
2026-08-20 12:40:06 | DATA   | cadena 20260820: 82 contratos (ITM+OTM C/P) capturados y cancelados (spot 766.30)
2026-08-20 12:40:06 | DATA   | cadena persistida 2026-08-20 12:40: 82 filas (fuente=live)
=== NOTIF === 2026-08-20 12:40:06 | RIESGO | SYNC 12:40: IBKR tiene 1 pata(s) 0DTE y el sistema se creía PLANO — adoptando
=== NOTIF === 2026-08-20 12:40:06 | RIESGO | ⚠️ 1 pata(s) 0DTE abiertas en IBKR SIN operación abierta en la BD — no se reconstruye; revisar y cerrar a mano
=== NOTIF === 2026-08-20 12:40:11 | ORDEN | CIERRE MERCADO SPY P 766 x1
=== NOTIF === 2026-08-20 12:40:22 | ORDEN | COMPRA VERTICAL SPY P L=766/S=763 x1 débito<=0.55
2026-08-20 12:40:29 | DATA   | cadena 20260820: 14 contratos (ITM+OTM C/P) capturados y cancelados (spot 766.28)
=== NOTIF === 2026-08-20 12:40:32 | RIESGO | BAG no cerró (2 pata/s viva/s) — cierre por patas al MID
=== NOTIF === 2026-08-20 12:40:32 | ORDEN | CIERRE MERCADO SPY P 763 x1
=== NOTIF === 2026-08-20 12:40:41 | ORDEN | CIERRE MERCADO SPY P 766 x1
2026-08-20 12:40:54 | DATA   | cadena 20260820: 98 contratos (ITM+OTM C/P) capturados y cancelados (spot 766.30)
2026-08-20 12:41:01 | DATA   | cadena 20260820: 98 contratos (ITM+OTM C/P) capturados y cancelados (spot 766.30)
2026-08-20 12:41:01 | DATA   | backfill SPY 120 S 1 min useRTH=False
2026-08-20 12:41:08 | DATA   | cadena 20260820: 82 contratos (ITM+OTM C/P) capturados y cancelados (spot 766.45)
2026-08-20 12:41:08 | DATA   | cadena persistida 2026-08-20 12:41: 82 filas (fuente=live)
=== NOTIF === 2026-08-20 12:41:09 | ORDEN | COMPRA VERTICAL SPY P L=766/S=762 x1 débito<=0.56
2026-08-20 12:41:16 | DATA   | cadena 20260820: 14 contratos (ITM+OTM C/P) capturados y cancelados (spot 766.30)
=== NOTIF === 2026-08-20 12:41:20 | RIESGO | BAG no cerró (2 pata/s viva/s) — cierre por patas al MID
=== NOTIF === 2026-08-20 12:41:20 | ORDEN | CIERRE MERCADO SPY P 762 x1
=== NOTIF === 2026-08-20 12:41:28 | ORDEN | CIERRE MERCADO SPY P 766 x1
=== NOTIF === 2026-08-20 12:41:39 | ORDEN | COMPRA VERTICAL SPY C L=765/S=767 x1 débito<=1.23
2026-08-20 12:41:49 | DATA   | cadena 20260820: 14 contratos (ITM+OTM C/P) capturados y cancelados (spot 766.30)
=== NOTIF === 2026-08-20 12:41:52 | RIESGO | BAG no cerró (2 pata/s viva/s) — cierre por patas al MID
=== NOTIF === 2026-08-20 12:41:52 | ORDEN | CIERRE MERCADO SPY C 767 x1
=== NOTIF === 2026-08-20 12:42:00 | ORDEN | CIERRE MERCADO SPY C 765 x1
2026-08-20 12:42:03 | DATA   | backfill SPY 120 S 1 min useRTH=False
2026-08-20 12:42:07 | DATA   | cadena 20260820: 82 contratos (ITM+OTM C/P) capturados y cancelados (spot 766.38)
2026-08-20 12:42:07 | DATA   | cadena persistida 2026-08-20 12:42: 82 filas (fuente=live)
=== NOTIF === 2026-08-20 12:42:11 | ORDEN | COMPRA VERTICAL SPY P L=767/S=765 x1 débito<=0.80
2026-08-20 12:42:17 | DATA   | cadena 20260820: 14 contratos (ITM+OTM C/P) capturados y cancelados (spot 766.30)
=== NOTIF === 2026-08-20 12:42:20 | RIESGO | BAG no cerró (2 pata/s viva/s) — cierre por patas al MID
=== NOTIF === 2026-08-20 12:42:20 | ORDEN | CIERRE MERCADO SPY P 765 x1
=== NOTIF === 2026-08-20 12:42:28 | ORDEN | CIERRE MERCADO SPY P 767 x1
=== NOTIF === 2026-08-20 12:42:39 | ORDEN | COMPRA VERTICAL SPY P L=767/S=764 x1 débito<=0.93
2026-08-20 12:43:02 | DATA   | backfill SPY 120 S 1 min useRTH=False
=== NOTIF === 2026-08-20 12:43:04 | ORDEN | COMPRA VERTICAL SPY P L=767/S=763 x1 débito<=1.06
2026-08-20 12:43:07 | DATA   | cadena 20260820: 82 contratos (ITM+OTM C/P) capturados y cancelados (spot 766.32)
2026-08-20 12:43:07 | DATA   | cadena persistida 2026-08-20 12:43: 82 filas (fuente=live)
=== NOTIF === 2026-08-20 12:43:07 | RIESGO | SYNC 12:43: IBKR tiene 2 pata(s) 0DTE y el sistema se creía PLANO — adoptando
=== NOTIF === 2026-08-20 12:43:07 | RIESGO | ⚠️ 2 pata(s) 0DTE abiertas en IBKR SIN operación abierta en la BD — no se reconstruye; revisar y cerrar a mano
2026-08-20 12:43:09 | DATA   | cadena 20260820: 14 contratos (ITM+OTM C/P) capturados y cancelados (spot 766.30)
=== NOTIF === 2026-08-20 12:43:13 | RIESGO | BAG no cerró (2 pata/s viva/s) — cierre por patas al MID
=== NOTIF === 2026-08-20 12:43:13 | ORDEN | CIERRE MERCADO SPY P 763 x1
=== NOTIF === 2026-08-20 12:43:21 | ORDEN | CIERRE MERCADO SPY P 767 x1
2026-08-20 12:43:29 | DATA   | IBKR conectando a 127.0.0.1:4002 clientId=35
=== NOTIF === 2026-08-20 12:43:29 | IBKR | IBKR conectado (paper 4002)
2026-08-20 12:43:30 | DATA   | IBKR desconectado
=== NOTIF === 2026-08-20 12:43:32 | ORDEN | COMPRA VERTICAL SPY C L=764/S=766 x1 débito<=1.54
2026-08-20 12:43:37 | DATA   | cadena 20260820: 14 contratos (ITM+OTM C/P) capturados y cancelados (spot 766.30)
2026-08-20 12:44:02 | DATA   | backfill SPY 120 S 1 min useRTH=False
=== NOTIF === 2026-08-20 12:44:04 | RIESGO | BAG no cerró (2 pata/s viva/s) — cierre por patas al MID
=== NOTIF === 2026-08-20 12:44:05 | ORDEN | CIERRE MERCADO SPY C 766 x1
2026-08-20 12:44:07 | DATA   | cadena 20260820: 82 contratos (ITM+OTM C/P) capturados y cancelados (spot 766.33)
2026-08-20 12:44:07 | DATA   | cadena persistida 2026-08-20 12:44: 82 filas (fuente=live)
=== NOTIF === 2026-08-20 12:44:07 | RIESGO | SYNC 12:44: IBKR tiene 1 pata(s) 0DTE y el sistema se creía PLANO — adoptando
=== NOTIF === 2026-08-20 12:44:07 | RIESGO | ⚠️ 1 pata(s) 0DTE abiertas en IBKR SIN operación abierta en la BD — no se reconstruye; revisar y cerrar a mano
=== NOTIF === 2026-08-20 12:44:13 | ORDEN | CIERRE MERCADO SPY C 764 x1
2026-08-20 12:44:26 | DATA   | cadena 20260820: 98 contratos (ITM+OTM C/P) capturados y cancelados (spot 766.33)
2026-08-20 12:44:34 | DATA   | cadena 20260820: 98 contratos (ITM+OTM C/P) capturados y cancelados (spot 766.33)
=== NOTIF === 2026-08-20 12:44:40 | ORDEN | COMPRA VERTICAL SPY C L=764/S=767 x1 débito<=2.10
2026-08-20 12:45:02 | DATA   | backfill SPY 120 S 1 min useRTH=False
2026-08-20 12:45:07 | DATA   | cadena 20260820: 82 contratos (ITM+OTM C/P) capturados y cancelados (spot 766.64)
2026-08-20 12:45:07 | DATA   | cadena persistida 2026-08-20 12:45: 82 filas (fuente=live)
=== NOTIF === 2026-08-20 12:45:07 | RIESGO | SYNC 12:45: IBKR tiene 2 pata(s) 0DTE y el sistema se creía PLANO — adoptando
=== NOTIF === 2026-08-20 12:45:07 | RIESGO | ⚠️ 2 pata(s) 0DTE abiertas en IBKR SIN operación abierta en la BD — no se reconstruye; revisar y cerrar a mano
=== NOTIF === 2026-08-20 12:45:07 | ORDEN | COMPRA VERTICAL SPY P L=768/S=765 x1 débito<=1.47
=== NOTIF === 2026-08-20 12:45:13 | ORDEN | COMPRA VERTICAL SPY C L=764/S=768 x1 débito<=2.34
=== NOTIF === 2026-08-20 12:45:18 | ORDEN | COMPRA VERTICAL SPY P L=768/S=764 x1 débito<=1.71
=== NOTIF === 2026-08-20 12:45:23 | ORDEN | COMPRA VERTICAL SPY C L=763/S=765 x1 débito<=1.77
=== NOTIF === 2026-08-20 12:45:27 | ORDEN | COMPRA VERTICAL SPY P L=769/S=767 x1 débito<=1.61
2026-08-20 12:45:35 | DATA   | cadena 20260820: 98 contratos (ITM+OTM C/P) capturados y cancelados (spot 766.64)
=== NOTIF === 2026-08-20 12:45:35 | RIESGO | BAG no cerró (2 pata/s viva/s) — cierre por patas al MID
=== NOTIF === 2026-08-20 12:45:38 | ORDEN | CIERRE MERCADO SPY C 767 x1
=== NOTIF === 2026-08-20 12:45:46 | ORDEN | CIERRE MERCADO SPY C 764 x1
=== NOTIF === 2026-08-20 12:45:54 | RIESGO | BAG no cerró (1 pata/s viva/s) — cierre por patas a MERCADO (último recurso)
=== NOTIF === 2026-08-20 12:45:54 | ORDEN | CIERRE MERCADO SPY C 764 x1
2026-08-20 12:46:02 | DATA   | backfill SPY 120 S 1 min useRTH=False
2026-08-20 12:46:06 | DATA   | cadena 20260820: 82 contratos (ITM+OTM C/P) capturados y cancelados (spot 766.38)
2026-08-20 12:46:06 | DATA   | cadena persistida 2026-08-20 12:46: 82 filas (fuente=live)
=== NOTIF === 2026-08-20 12:46:07 | ORDEN | COMPRA VERTICAL SPY C L=764/S=767 x1 débito<=2.07
=== NOTIF === 2026-08-20 12:46:32 | ORDEN | COMPRA VERTICAL SPY P L=770/S=767 x1 débito<=2.54
2026-08-20 12:46:52 | DATA   | cadena 20260820: 14 contratos (ITM+OTM C/P) capturados y cancelados (spot 766.64)
2026-08-20 12:47:01 | DATA   | backfill SPY 120 S 1 min useRTH=False
2026-08-20 12:47:06 | DATA   | cadena 20260820: 82 contratos (ITM+OTM C/P) capturados y cancelados (spot 766.59)
2026-08-20 12:47:06 | DATA   | cadena persistida 2026-08-20 12:47: 82 filas (fuente=live)
=== NOTIF === 2026-08-20 12:47:06 | RIESGO | SYNC 12:47: IBKR tiene 2 pata(s) 0DTE y el sistema se creía PLANO — adoptando
=== NOTIF === 2026-08-20 12:47:06 | RIESGO | ⚠️ 2 pata(s) 0DTE abiertas en IBKR SIN operación abierta en la BD — no se reconstruye; revisar y cerrar a mano
=== NOTIF === 2026-08-20 12:47:19 | RIESGO | BAG no cerró (2 pata/s viva/s) — cierre por patas al MID
=== NOTIF === 2026-08-20 12:47:20 | ORDEN | CIERRE MERCADO SPY P 767 x1
=== NOTIF === 2026-08-20 12:47:28 | ORDEN | CIERRE MERCADO SPY P 770 x1
=== NOTIF === 2026-08-20 12:47:36 | RIESGO | BAG no cerró (2 pata/s viva/s) — cierre por patas a MERCADO (último recurso)
=== NOTIF === 2026-08-20 12:47:36 | ORDEN | CIERRE MERCADO SPY P 767 x1
=== NOTIF === 2026-08-20 12:47:44 | ORDEN | CIERRE MERCADO SPY P 770 x1
=== NOTIF === 2026-08-20 12:47:52 | RIESGO | ⚠️ NO SE PUDO CERRAR: [(767.0, 'P', -1.0), (770.0, 'P', 1.0)] — CERRAR A MANO ANTES DE LAS 16:00 (§12)
=== NOTIF === 2026-08-20 12:47:56 | ORDEN | COMPRA VERTICAL SPY C L=764/S=768 x1 débito<=2.44
=== NOTIF === 2026-08-20 12:48:01 | ORDEN | COMPRA VERTICAL SPY P L=770/S=766 x1 débito<=2.97
2026-08-20 12:48:01 | DATA   | backfill SPY 120 S 1 min useRTH=False
2026-08-20 12:48:06 | DATA   | cadena 20260820: 82 contratos (ITM+OTM C/P) capturados y cancelados (spot 766.55)
2026-08-20 12:48:06 | DATA   | cadena persistida 2026-08-20 12:48: 82 filas (fuente=live)
=== NOTIF === 2026-08-20 12:48:06 | RIESGO | SYNC 12:48: IBKR tiene 2 pata(s) 0DTE y el sistema se creía PLANO — adoptando
=== NOTIF === 2026-08-20 12:48:06 | RIESGO | ⚠️ 2 pata(s) 0DTE abiertas en IBKR SIN operación abierta en la BD — no se reconstruye; revisar y cerrar a mano
=== NOTIF === 2026-08-20 12:48:07 | ORDEN | COMPRA VERTICAL SPY C L=763/S=765 x1 débito<=1.79
=== NOTIF === 2026-08-20 12:48:13 | ORDEN | COMPRA VERTICAL SPY P L=771/S=769 x1 débito<=1.89
2026-08-20 12:48:20 | DATA   | cadena 20260820: 98 contratos (ITM+OTM C/P) capturados y cancelados (spot 766.55)
=== NOTIF === 2026-08-20 12:48:20 | RIESGO | BAG no cerró (2 pata/s viva/s) — cierre por patas al MID
=== NOTIF === 2026-08-20 12:48:24 | ORDEN | CIERRE MERCADO SPY P 767 x1
=== NOTIF === 2026-08-20 12:48:32 | ORDEN | CIERRE MERCADO SPY P 770 x1
=== NOTIF === 2026-08-20 12:48:40 | RIESGO | BAG no cerró (2 pata/s viva/s) — cierre por patas a MERCADO (último recurso)
=== NOTIF === 2026-08-20 12:48:40 | ORDEN | CIERRE MERCADO SPY P 767 x1
=== NOTIF === 2026-08-20 12:48:48 | ORDEN | CIERRE MERCADO SPY P 770 x1
=== NOTIF === 2026-08-20 12:48:56 | RIESGO | ⚠️ NO SE PUDO CERRAR: [(767.0, 'P', -1.0), (770.0, 'P', 1.0)] — CERRAR A MANO ANTES DE LAS 16:00 (§12)
=== NOTIF === 2026-08-20 12:49:00 | ORDEN | COMPRA VERTICAL SPY C L=763/S=766 x1 débito<=2.48
2026-08-20 12:49:01 | DATA   | backfill SPY 120 S 1 min useRTH=False
2026-08-20 12:49:05 | DATA   | cadena 20260820: 82 contratos (ITM+OTM C/P) capturados y cancelados (spot 766.43)
2026-08-20 12:49:05 | DATA   | cadena persistida 2026-08-20 12:49: 82 filas (fuente=live)
=== NOTIF === 2026-08-20 12:49:05 | RIESGO | SYNC 12:49: IBKR tiene 2 pata(s) 0DTE y el sistema se creía PLANO — adoptando
=== NOTIF === 2026-08-20 12:49:05 | RIESGO | ⚠️ 2 pata(s) 0DTE abiertas en IBKR SIN operación abierta en la BD — no se reconstruye; revisar y cerrar a mano
=== NOTIF === 2026-08-20 12:49:07 | ORDEN | COMPRA VERTICAL SPY C L=763/S=767 x1 débito<=2.98
=== NOTIF === 2026-08-20 12:49:13 | ORDEN | COMPRA VERTICAL SPY C L=762/S=764 x1 débito<=1.89
=== NOTIF === 2026-08-20 12:49:17 | ORDEN | COMPRA VERTICAL SPY C L=762/S=765 x1 débito<=2.76
=== NOTIF === 2026-08-20 12:49:22 | ORDEN | COMPRA VERTICAL SPY C L=762/S=766 x1 débito<=3.48
2026-08-20 12:49:29 | DATA   | cadena 20260820: 98 contratos (ITM+OTM C/P) capturados y cancelados (spot 766.43)
2026-08-20 12:49:37 | DATA   | cadena 20260820: 98 contratos (ITM+OTM C/P) capturados y cancelados (spot 766.43)
=== NOTIF === 2026-08-20 12:49:37 | RIESGO | BAG no cerró (2 pata/s viva/s) — cierre por patas al MID
=== NOTIF === 2026-08-20 12:49:40 | ORDEN | CIERRE MERCADO SPY P 767 x1
=== NOTIF === 2026-08-20 12:49:48 | ORDEN | CIERRE MERCADO SPY P 770 x1
=== NOTIF === 2026-08-20 12:49:56 | RIESGO | BAG no cerró (2 pata/s viva/s) — cierre por patas a MERCADO (último recurso)
=== NOTIF === 2026-08-20 12:49:56 | ORDEN | CIERRE MERCADO SPY P 767 x1
2026-08-20 12:50:00 | DATA   | backfill SPY 120 S 1 min useRTH=False
=== NOTIF === 2026-08-20 12:50:05 | ORDEN | CIERRE MERCADO SPY P 770 x1
2026-08-20 12:50:05 | DATA   | cadena 20260820: 82 contratos (ITM+OTM C/P) capturados y cancelados (spot 766.37)
2026-08-20 12:50:05 | DATA   | cadena persistida 2026-08-20 12:50: 82 filas (fuente=live)
=== NOTIF === 2026-08-20 12:50:05 | RIESGO | SYNC 12:50: IBKR tiene 2 pata(s) 0DTE y el sistema se creía PLANO — adoptando
=== NOTIF === 2026-08-20 12:50:05 | RIESGO | ⚠️ 2 pata(s) 0DTE abiertas en IBKR SIN operación abierta en la BD — no se reconstruye; revisar y cerrar a mano
=== NOTIF === 2026-08-20 12:50:13 | RIESGO | ⚠️ NO SE PUDO CERRAR: [(767.0, 'P', -1.0), (770.0, 'P', 1.0)] — CERRAR A MANO ANTES DE LAS 16:00 (§12)
2026-08-20 12:50:18 | DATA   | cadena 20260820: 98 contratos (ITM+OTM C/P) capturados y cancelados (spot 766.37)
=== NOTIF === 2026-08-20 12:50:18 | RIESGO | BAG no cerró (2 pata/s viva/s) — cierre por patas al MID
=== NOTIF === 2026-08-20 12:50:21 | ORDEN | CIERRE MERCADO SPY P 767 x1
=== NOTIF === 2026-08-20 12:50:29 | ORDEN | CIERRE MERCADO SPY P 770 x1
=== NOTIF === 2026-08-20 12:50:37 | RIESGO | BAG no cerró (2 pata/s viva/s) — cierre por patas a MERCADO (último recurso)
=== NOTIF === 2026-08-20 12:50:37 | ORDEN | CIERRE MERCADO SPY P 767 x1
=== NOTIF === 2026-08-20 12:50:45 | ORDEN | CIERRE MERCADO SPY P 770 x1
=== NOTIF === 2026-08-20 12:50:53 | RIESGO | ⚠️ NO SE PUDO CERRAR: [(767.0, 'P', -1.0), (770.0, 'P', 1.0)] — CERRAR A MANO ANTES DE LAS 16:00 (§12)
2026-08-20 12:50:58 | DATA   | cadena 20260820: 98 contratos (ITM+OTM C/P) capturados y cancelados (spot 766.37)
=== NOTIF === 2026-08-20 12:50:58 | RIESGO | BAG no cerró (2 pata/s viva/s) — cierre por patas al MID
2026-08-20 12:51:00 | DATA   | backfill SPY 120 S 1 min useRTH=False
=== NOTIF === 2026-08-20 12:51:02 | ORDEN | CIERRE MERCADO SPY P 767 x1
2026-08-20 12:51:05 | DATA   | cadena 20260820: 82 contratos (ITM+OTM C/P) capturados y cancelados (spot 766.42)
2026-08-20 12:51:05 | DATA   | cadena persistida 2026-08-20 12:51: 82 filas (fuente=live)
=== NOTIF === 2026-08-20 12:51:05 | RIESGO | SYNC 12:51: IBKR tiene 2 pata(s) 0DTE y el sistema se creía PLANO — adoptando
=== NOTIF === 2026-08-20 12:51:05 | RIESGO | ⚠️ 2 pata(s) 0DTE abiertas en IBKR SIN operación abierta en la BD — no se reconstruye; revisar y cerrar a mano
=== NOTIF === 2026-08-20 12:51:10 | ORDEN | CIERRE MERCADO SPY P 770 x1
=== NOTIF === 2026-08-20 12:51:18 | RIESGO | BAG no cerró (2 pata/s viva/s) — cierre por patas a MERCADO (último recurso)
=== NOTIF === 2026-08-20 12:51:18 | ORDEN | CIERRE MERCADO SPY P 767 x1
=== NOTIF === 2026-08-20 12:51:26 | ORDEN | CIERRE MERCADO SPY P 770 x1
=== NOTIF === 2026-08-20 12:51:34 | RIESGO | ⚠️ NO SE PUDO CERRAR: [(767.0, 'P', -1.0), (770.0, 'P', 1.0)] — CERRAR A MANO ANTES DE LAS 16:00 (§12)
2026-08-20 12:51:39 | DATA   | cadena 20260820: 98 contratos (ITM+OTM C/P) capturados y cancelados (spot 766.42)
=== NOTIF === 2026-08-20 12:51:39 | RIESGO | BAG no cerró (2 pata/s viva/s) — cierre por patas al MID
=== NOTIF === 2026-08-20 12:51:42 | ORDEN | CIERRE MERCADO SPY P 767 x1
=== NOTIF === 2026-08-20 12:51:50 | ORDEN | CIERRE MERCADO SPY P 770 x1
=== NOTIF === 2026-08-20 12:51:58 | RIESGO | BAG no cerró (2 pata/s viva/s) — cierre por patas a MERCADO (último recurso)
=== NOTIF === 2026-08-20 12:51:58 | ORDEN | CIERRE MERCADO SPY P 767 x1
2026-08-20 12:52:00 | DATA   | backfill SPY 120 S 1 min useRTH=False
2026-08-20 12:52:05 | DATA   | cadena 20260820: 82 contratos (ITM+OTM C/P) capturados y cancelados (spot 766.29)
2026-08-20 12:52:05 | DATA   | cadena persistida 2026-08-20 12:52: 82 filas (fuente=live)
=== NOTIF === 2026-08-20 12:52:05 | RIESGO | SYNC 12:52: IBKR tiene 2 pata(s) 0DTE y el sistema se creía PLANO — adoptando
=== NOTIF === 2026-08-20 12:52:05 | RIESGO | ⚠️ 2 pata(s) 0DTE abiertas en IBKR SIN operación abierta en la BD — no se reconstruye; revisar y cerrar a mano
=== NOTIF === 2026-08-20 12:52:07 | ORDEN | CIERRE MERCADO SPY P 770 x1
=== NOTIF === 2026-08-20 12:52:15 | RIESGO | ⚠️ NO SE PUDO CERRAR: [(767.0, 'P', -1.0), (770.0, 'P', 1.0)] — CERRAR A MANO ANTES DE LAS 16:00 (§12)
2026-08-20 12:52:20 | DATA   | cadena 20260820: 98 contratos (ITM+OTM C/P) capturados y cancelados (spot 766.29)
=== NOTIF === 2026-08-20 12:52:20 | RIESGO | BAG no cerró (2 pata/s viva/s) — cierre por patas al MID
=== NOTIF === 2026-08-20 12:52:24 | ORDEN | CIERRE MERCADO SPY P 767 x1
=== NOTIF === 2026-08-20 12:52:32 | ORDEN | CIERRE MERCADO SPY P 770 x1
=== NOTIF === 2026-08-20 12:52:40 | RIESGO | BAG no cerró (2 pata/s viva/s) — cierre por patas a MERCADO (último recurso)
=== NOTIF === 2026-08-20 12:52:40 | ORDEN | CIERRE MERCADO SPY P 767 x1
=== NOTIF === 2026-08-20 12:52:48 | ORDEN | CIERRE MERCADO SPY P 770 x1
=== NOTIF === 2026-08-20 12:52:56 | RIESGO | ⚠️ NO SE PUDO CERRAR: [(767.0, 'P', -1.0), (770.0, 'P', 1.0)] — CERRAR A MANO ANTES DE LAS 16:00 (§12)
2026-08-20 12:53:00 | DATA   | backfill SPY 120 S 1 min useRTH=False
=== NOTIF === 2026-08-20 12:53:01 | ORDEN | COMPRA VERTICAL SPY P L=761/S=757 x1 débito<=0.02
2026-08-20 12:53:04 | DATA   | cadena 20260820: 82 contratos (ITM+OTM C/P) capturados y cancelados (spot 766.26)
2026-08-20 12:53:04 | DATA   | cadena persistida 2026-08-20 12:53: 82 filas (fuente=live)
=== NOTIF === 2026-08-20 12:53:04 | RIESGO | SYNC 12:53: IBKR tiene 2 pata(s) 0DTE y el sistema se creía PLANO — adoptando
=== NOTIF === 2026-08-20 12:53:04 | RIESGO | ⚠️ 2 pata(s) 0DTE abiertas en IBKR SIN operación abierta en la BD — no se reconstruye; revisar y cerrar a mano
=== NOTIF === 2026-08-20 12:53:26 | ORDEN | COMPRA VERTICAL SPY P L=763/S=761 x1 débito<=0.05
=== NOTIF === 2026-08-20 12:53:51 | ORDEN | COMPRA VERTICAL SPY P L=763/S=760 x1 débito<=0.06
2026-08-20 12:54:00 | DATA   | backfill SPY 120 S 1 min useRTH=False
2026-08-20 12:54:04 | DATA   | cadena 20260820: 82 contratos (ITM+OTM C/P) capturados y cancelados (spot 766.22)
2026-08-20 12:54:04 | DATA   | cadena persistida 2026-08-20 12:54: 82 filas (fuente=live)
=== NOTIF === 2026-08-20 12:54:04 | RIESGO | SYNC 12:54: IBKR tiene 2 pata(s) 0DTE y el sistema se creía PLANO — adoptando
=== NOTIF === 2026-08-20 12:54:04 | RIESGO | ⚠️ 2 pata(s) 0DTE abiertas en IBKR SIN operación abierta en la BD — no se reconstruye; revisar y cerrar a mano
=== NOTIF === 2026-08-20 12:54:15 | ORDEN | COMPRA VERTICAL SPY P L=763/S=759 x1 débito<=0.06
=== NOTIF === 2026-08-20 12:54:40 | ORDEN | COMPRA VERTICAL SPY P L=764/S=762 x1 débito<=0.13
=== NOTIF === 2026-08-20 12:55:04 | ORDEN | COMPRA VERTICAL SPY P L=764/S=761 x1 débito<=0.14
2026-08-20 12:55:04 | DATA   | backfill SPY 120 S 1 min useRTH=False
2026-08-20 12:55:09 | DATA   | cadena 20260820: 82 contratos (ITM+OTM C/P) capturados y cancelados (spot 766.18)
2026-08-20 12:55:09 | DATA   | cadena persistida 2026-08-20 12:55: 82 filas (fuente=live)
=== NOTIF === 2026-08-20 12:55:09 | RIESGO | SYNC 12:55: IBKR tiene 2 pata(s) 0DTE y el sistema se creía PLANO — adoptando
=== NOTIF === 2026-08-20 12:55:09 | RIESGO | ⚠️ 2 pata(s) 0DTE abiertas en IBKR SIN operación abierta en la BD — no se reconstruye; revisar y cerrar a mano
2026-08-20 12:55:23 | DATA   | cadena 20260820: 14 contratos (ITM+OTM C/P) capturados y cancelados (spot 766.29)
=== NOTIF === 2026-08-20 12:55:51 | RIESGO | BAG no cerró (4 pata/s viva/s) — cierre por patas al MID
=== NOTIF === 2026-08-20 12:55:51 | ORDEN | CIERRE MERCADO SPY P 767 x1
=== NOTIF === 2026-08-20 12:55:59 | ORDEN | CIERRE MERCADO SPY P 761 x1
2026-08-20 12:56:04 | DATA   | backfill SPY 120 S 1 min useRTH=False
=== NOTIF === 2026-08-20 12:56:07 | ORDEN | CIERRE MERCADO SPY P 770 x1
2026-08-20 12:56:09 | DATA   | cadena 20260820: 82 contratos (ITM+OTM C/P) capturados y cancelados (spot 766.14)
2026-08-20 12:56:09 | DATA   | cadena persistida 2026-08-20 12:56: 82 filas (fuente=live)
=== NOTIF === 2026-08-20 12:56:09 | RIESGO | SYNC 12:56: IBKR tiene 3 pata(s) 0DTE y el sistema se creía PLANO — adoptando
=== NOTIF === 2026-08-20 12:56:09 | RIESGO | ⚠️ 3 pata(s) 0DTE abiertas en IBKR SIN operación abierta en la BD — no se reconstruye; revisar y cerrar a mano
=== NOTIF === 2026-08-20 12:56:15 | ORDEN | CIERRE MERCADO SPY P 764 x1
=== NOTIF === 2026-08-20 12:56:23 | RIESGO | BAG no cerró (2 pata/s viva/s) — cierre por patas a MERCADO (último recurso)
=== NOTIF === 2026-08-20 12:56:23 | ORDEN | CIERRE MERCADO SPY P 767 x1
=== NOTIF === 2026-08-20 12:56:31 | ORDEN | CIERRE MERCADO SPY P 770 x1
=== NOTIF === 2026-08-20 12:56:39 | RIESGO | ⚠️ NO SE PUDO CERRAR: [(767.0, 'P', -1.0), (770.0, 'P', 1.0)] — CERRAR A MANO ANTES DE LAS 16:00 (§12)
2026-08-20 12:56:45 | DATA   | cadena 20260820: 98 contratos (ITM+OTM C/P) capturados y cancelados (spot 766.14)
=== NOTIF === 2026-08-20 12:56:45 | RIESGO | BAG no cerró (2 pata/s viva/s) — cierre por patas al MID
=== NOTIF === 2026-08-20 12:56:47 | ORDEN | CIERRE MERCADO SPY P 767 x1
=== NOTIF === 2026-08-20 12:56:55 | ORDEN | CIERRE MERCADO SPY P 770 x1
=== NOTIF === 2026-08-20 12:57:03 | RIESGO | BAG no cerró (2 pata/s viva/s) — cierre por patas a MERCADO (último recurso)
=== NOTIF === 2026-08-20 12:57:03 | ORDEN | CIERRE MERCADO SPY P 767 x1
2026-08-20 12:57:04 | DATA   | backfill SPY 120 S 1 min useRTH=False
2026-08-20 12:57:09 | DATA   | cadena 20260820: 82 contratos (ITM+OTM C/P) capturados y cancelados (spot 766.11)
2026-08-20 12:57:09 | DATA   | cadena persistida 2026-08-20 12:57: 82 filas (fuente=live)
=== NOTIF === 2026-08-20 12:57:09 | RIESGO | SYNC 12:57: IBKR tiene 2 pata(s) 0DTE y el sistema se creía PLANO — adoptando
=== NOTIF === 2026-08-20 12:57:09 | RIESGO | ⚠️ 2 pata(s) 0DTE abiertas en IBKR SIN operación abierta en la BD — no se reconstruye; revisar y cerrar a mano
=== NOTIF === 2026-08-20 12:57:11 | ORDEN | CIERRE MERCADO SPY P 770 x1
=== NOTIF === 2026-08-20 12:57:19 | RIESGO | ⚠️ NO SE PUDO CERRAR: [(767.0, 'P', -1.0), (770.0, 'P', 1.0)] — CERRAR A MANO ANTES DE LAS 16:00 (§12)
=== NOTIF === 2026-08-20 12:57:24 | ORDEN | COMPRA VERTICAL SPY C L=768/S=772 x1 débito<=0.12
=== NOTIF === 2026-08-20 12:57:48 | ORDEN | COMPRA VERTICAL SPY P L=764/S=760 x1 débito<=0.15
2026-08-20 12:58:04 | DATA   | cadena 20260820: 14 contratos (ITM+OTM C/P) capturados y cancelados (spot 766.14)
2026-08-20 12:58:04 | DATA   | backfill SPY 120 S 1 min useRTH=False
2026-08-20 12:58:09 | DATA   | cadena 20260820: 82 contratos (ITM+OTM C/P) capturados y cancelados (spot 766.12)
2026-08-20 12:58:09 | DATA   | cadena persistida 2026-08-20 12:58: 82 filas (fuente=live)
=== NOTIF === 2026-08-20 12:58:09 | RIESGO | SYNC 12:58: IBKR tiene 4 pata(s) 0DTE y el sistema se creía PLANO — adoptando
=== NOTIF === 2026-08-20 12:58:09 | RIESGO | ⚠️ 4 pata(s) 0DTE abiertas en IBKR SIN operación abierta en la BD — no se reconstruye; revisar y cerrar a mano
=== NOTIF === 2026-08-20 12:58:31 | RIESGO | BAG no cerró (4 pata/s viva/s) — cierre por patas al MID
=== NOTIF === 2026-08-20 12:58:31 | ORDEN | CIERRE MERCADO SPY P 767 x1
=== NOTIF === 2026-08-20 12:58:40 | ORDEN | CIERRE MERCADO SPY P 760 x1
=== NOTIF === 2026-08-20 12:58:48 | ORDEN | CIERRE MERCADO SPY P 770 x1
=== NOTIF === 2026-08-20 12:58:56 | ORDEN | CIERRE MERCADO SPY P 764 x1
=== NOTIF === 2026-08-20 12:59:04 | RIESGO | BAG no cerró (2 pata/s viva/s) — cierre por patas a MERCADO (último recurso)
=== NOTIF === 2026-08-20 12:59:04 | ORDEN | CIERRE MERCADO SPY P 767 x1
2026-08-20 12:59:04 | DATA   | backfill SPY 120 S 1 min useRTH=False
2026-08-20 12:59:09 | DATA   | cadena 20260820: 82 contratos (ITM+OTM C/P) capturados y cancelados (spot 766.24)
2026-08-20 12:59:09 | DATA   | cadena persistida 2026-08-20 12:59: 82 filas (fuente=live)
=== NOTIF === 2026-08-20 12:59:09 | RIESGO | SYNC 12:59: IBKR tiene 2 pata(s) 0DTE y el sistema se creía PLANO — adoptando
=== NOTIF === 2026-08-20 12:59:09 | RIESGO | ⚠️ 2 pata(s) 0DTE abiertas en IBKR SIN operación abierta en la BD — no se reconstruye; revisar y cerrar a mano
=== NOTIF === 2026-08-20 12:59:12 | ORDEN | CIERRE MERCADO SPY P 770 x1
=== NOTIF === 2026-08-20 12:59:20 | RIESGO | ⚠️ NO SE PUDO CERRAR: [(767.0, 'P', -1.0), (770.0, 'P', 1.0)] — CERRAR A MANO ANTES DE LAS 16:00 (§12)
=== NOTIF === 2026-08-20 12:59:24 | ORDEN | COMPRA VERTICAL SPY C L=767/S=769 x1 débito<=0.36
=== NOTIF === 2026-08-20 12:59:49 | ORDEN | COMPRA VERTICAL SPY P L=765/S=763 x1 débito<=0.19
2026-08-20 13:00:04 | DATA   | backfill SPY 120 S 1 min useRTH=False
2026-08-20 13:00:08 | DATA   | cadena 20260820: 82 contratos (ITM+OTM C/P) capturados y cancelados (spot 766.42)
2026-08-20 13:00:08 | DATA   | cadena persistida 2026-08-20 13:00: 82 filas (fuente=live)
=== NOTIF === 2026-08-20 13:00:08 | RIESGO | SYNC 13:00: IBKR tiene 2 pata(s) 0DTE y el sistema se creía PLANO — adoptando
=== NOTIF === 2026-08-20 13:00:08 | RIESGO | ⚠️ 2 pata(s) 0DTE abiertas en IBKR SIN operación abierta en la BD — no se reconstruye; revisar y cerrar a mano
=== NOTIF === 2026-08-20 13:00:14 | ORDEN | COMPRA VERTICAL SPY C L=767/S=770 x1 débito<=0.40
2026-08-20 13:00:34 | DATA   | cadena 20260820: 14 contratos (ITM+OTM C/P) capturados y cancelados (spot 766.14)
=== NOTIF === 2026-08-20 13:01:02 | RIESGO | BAG no cerró (4 pata/s viva/s) — cierre por patas al MID
=== NOTIF === 2026-08-20 13:01:02 | ORDEN | CIERRE MERCADO SPY P 767 x1
2026-08-20 13:01:04 | DATA   | backfill SPY 120 S 1 min useRTH=False
2026-08-20 13:01:08 | DATA   | cadena 20260820: 82 contratos (ITM+OTM C/P) capturados y cancelados (spot 766.28)
2026-08-20 13:01:08 | DATA   | cadena persistida 2026-08-20 13:01: 82 filas (fuente=live)
=== NOTIF === 2026-08-20 13:01:08 | RIESGO | SYNC 13:01: IBKR tiene 4 pata(s) 0DTE y el sistema se creía PLANO — adoptando
=== NOTIF === 2026-08-20 13:01:08 | RIESGO | ⚠️ 4 pata(s) 0DTE abiertas en IBKR SIN operación abierta en la BD — no se reconstruye; revisar y cerrar a mano
=== NOTIF === 2026-08-20 13:01:11 | ORDEN | CIERRE MERCADO SPY C 770 x1
=== NOTIF === 2026-08-20 13:01:19 | ORDEN | CIERRE MERCADO SPY P 770 x1
=== NOTIF === 2026-08-20 13:01:27 | ORDEN | CIERRE MERCADO SPY C 767 x1
=== NOTIF === 2026-08-20 13:01:35 | RIESGO | BAG no cerró (2 pata/s viva/s) — cierre por patas a MERCADO (último recurso)
=== NOTIF === 2026-08-20 13:01:35 | ORDEN | CIERRE MERCADO SPY P 767 x1
=== NOTIF === 2026-08-20 13:01:43 | ORDEN | CIERRE MERCADO SPY P 770 x1
=== NOTIF === 2026-08-20 13:01:51 | RIESGO | ⚠️ NO SE PUDO CERRAR: [(767.0, 'P', -1.0), (770.0, 'P', 1.0)] — CERRAR A MANO ANTES DE LAS 16:00 (§12)
=== NOTIF === 2026-08-20 13:01:55 | ORDEN | COMPRA VERTICAL SPY P L=765/S=762 x1 débito<=0.31
2026-08-20 13:02:03 | DATA   | backfill SPY 120 S 1 min useRTH=False
2026-08-20 13:02:08 | DATA   | cadena 20260820: 82 contratos (ITM+OTM C/P) capturados y cancelados (spot 766.04)
2026-08-20 13:02:08 | DATA   | cadena persistida 2026-08-20 13:02: 82 filas (fuente=live)
=== NOTIF === 2026-08-20 13:02:08 | RIESGO | SYNC 13:02: IBKR tiene 4 pata(s) 0DTE y el sistema se creía PLANO — adoptando
=== NOTIF === 2026-08-20 13:02:08 | RIESGO | ⚠️ 4 pata(s) 0DTE abiertas en IBKR SIN operación abierta en la BD — no se reconstruye; revisar y cerrar a mano
2026-08-20 13:02:13 | DATA   | cadena 20260820: 14 contratos (ITM+OTM C/P) capturados y cancelados (spot 766.14)
=== NOTIF === 2026-08-20 13:02:16 | RIESGO | BAG no cerró (4 pata/s viva/s) — cierre por patas al MID
=== NOTIF === 2026-08-20 13:02:16 | ORDEN | CIERRE MERCADO SPY P 767 x1
=== NOTIF === 2026-08-20 13:02:24 | ORDEN | CIERRE MERCADO SPY P 762 x1
=== NOTIF === 2026-08-20 13:02:32 | ORDEN | CIERRE MERCADO SPY P 770 x1
=== NOTIF === 2026-08-20 13:02:40 | ORDEN | CIERRE MERCADO SPY P 765 x1
=== NOTIF === 2026-08-20 13:02:48 | RIESGO | BAG no cerró (2 pata/s viva/s) — cierre por patas a MERCADO (último recurso)
=== NOTIF === 2026-08-20 13:02:48 | ORDEN | CIERRE MERCADO SPY P 767 x1
=== NOTIF === 2026-08-20 13:02:56 | ORDEN | CIERRE MERCADO SPY P 770 x1
2026-08-20 13:03:03 | DATA   | backfill SPY 120 S 1 min useRTH=False
=== NOTIF === 2026-08-20 13:03:04 | RIESGO | ⚠️ NO SE PUDO CERRAR: [(767.0, 'P', -1.0), (770.0, 'P', 1.0)] — CERRAR A MANO ANTES DE LAS 16:00 (§12)
2026-08-20 13:03:09 | DATA   | cadena 20260820: 82 contratos (ITM+OTM C/P) capturados y cancelados (spot 766.02)
2026-08-20 13:03:09 | DATA   | cadena persistida 2026-08-20 13:03: 82 filas (fuente=live)
=== NOTIF === 2026-08-20 13:03:09 | RIESGO | SYNC 13:03: IBKR tiene 2 pata(s) 0DTE y el sistema se creía PLANO — adoptando
=== NOTIF === 2026-08-20 13:03:09 | RIESGO | ⚠️ 2 pata(s) 0DTE abiertas en IBKR SIN operación abierta en la BD — no se reconstruye; revisar y cerrar a mano
2026-08-20 13:03:10 | DATA   | cadena 20260820: 98 contratos (ITM+OTM C/P) capturados y cancelados (spot 766.02)
=== NOTIF === 2026-08-20 13:03:10 | RIESGO | BAG no cerró (2 pata/s viva/s) — cierre por patas al MID
=== NOTIF === 2026-08-20 13:03:15 | ORDEN | CIERRE MERCADO SPY P 767 x1
=== NOTIF === 2026-08-20 13:03:23 | ORDEN | CIERRE MERCADO SPY P 770 x1
=== NOTIF === 2026-08-20 13:03:31 | RIESGO | BAG no cerró (2 pata/s viva/s) — cierre por patas a MERCADO (último recurso)
=== NOTIF === 2026-08-20 13:03:31 | ORDEN | CIERRE MERCADO SPY P 767 x1
=== NOTIF === 2026-08-20 13:03:39 | ORDEN | CIERRE MERCADO SPY P 770 x1
=== NOTIF === 2026-08-20 13:03:47 | RIESGO | ⚠️ NO SE PUDO CERRAR: [(767.0, 'P', -1.0), (770.0, 'P', 1.0)] — CERRAR A MANO ANTES DE LAS 16:00 (§12)
2026-08-20 13:03:52 | DATA   | cadena 20260820: 98 contratos (ITM+OTM C/P) capturados y cancelados (spot 766.02)
=== NOTIF === 2026-08-20 13:03:52 | RIESGO | BAG no cerró (2 pata/s viva/s) — cierre por patas al MID
=== NOTIF === 2026-08-20 13:03:56 | ORDEN | CIERRE MERCADO SPY P 767 x1
=== NOTIF === 2026-08-20 13:04:04 | ORDEN | CIERRE MERCADO SPY P 770 x1
2026-08-20 13:04:04 | DATA   | backfill SPY 120 S 1 min useRTH=False
2026-08-20 13:04:08 | DATA   | cadena 20260820: 82 contratos (ITM+OTM C/P) capturados y cancelados (spot 766.01)
2026-08-20 13:04:08 | DATA   | cadena persistida 2026-08-20 13:04: 82 filas (fuente=live)
=== NOTIF === 2026-08-20 13:04:08 | RIESGO | SYNC 13:04: IBKR tiene 2 pata(s) 0DTE y el sistema se creía PLANO — adoptando
=== NOTIF === 2026-08-20 13:04:08 | RIESGO | ⚠️ 2 pata(s) 0DTE abiertas en IBKR SIN operación abierta en la BD — no se reconstruye; revisar y cerrar a mano
=== NOTIF === 2026-08-20 13:04:12 | RIESGO | BAG no cerró (2 pata/s viva/s) — cierre por patas a MERCADO (último recurso)
=== NOTIF === 2026-08-20 13:04:12 | ORDEN | CIERRE MERCADO SPY P 767 x1
=== NOTIF === 2026-08-20 13:04:20 | ORDEN | CIERRE MERCADO SPY P 770 x1
=== NOTIF === 2026-08-20 13:04:28 | RIESGO | ⚠️ NO SE PUDO CERRAR: [(767.0, 'P', -1.0), (770.0, 'P', 1.0)] — CERRAR A MANO ANTES DE LAS 16:00 (§12)
=== NOTIF === 2026-08-20 13:04:32 | ORDEN | COMPRA VERTICAL SPY P L=765/S=761 x1 débito<=0.32
=== NOTIF === 2026-08-20 13:04:57 | ORDEN | COMPRA VERTICAL SPY C L=764/S=766 x1 débito<=1.48
=== NOTIF === 2026-08-20 13:05:02 | ORDEN | COMPRA VERTICAL SPY C L=763/S=765 x1 débito<=1.73
2026-08-20 13:05:03 | DATA   | backfill SPY 120 S 1 min useRTH=False
2026-08-20 13:05:08 | DATA   | cadena 20260820: 82 contratos (ITM+OTM C/P) capturados y cancelados (spot 766.07)
2026-08-20 13:05:08 | DATA   | cadena persistida 2026-08-20 13:05: 82 filas (fuente=live)
=== NOTIF === 2026-08-20 13:05:08 | RIESGO | SYNC 13:05: IBKR tiene 2 pata(s) 0DTE y el sistema se creía PLANO — adoptando
=== NOTIF === 2026-08-20 13:05:08 | RIESGO | ⚠️ 2 pata(s) 0DTE abiertas en IBKR SIN operación abierta en la BD — no se reconstruye; revisar y cerrar a mano
=== NOTIF === 2026-08-20 13:05:08 | ORDEN | COMPRA VERTICAL SPY C L=763/S=766 x1 débito<=2.33
=== NOTIF === 2026-08-20 13:05:14 | ORDEN | COMPRA VERTICAL SPY C L=762/S=764 x1 débito<=1.85
=== NOTIF === 2026-08-20 13:05:19 | ORDEN | COMPRA VERTICAL SPY C L=762/S=765 x1 débito<=2.67
2026-08-20 13:05:26 | DATA   | cadena 20260820: 98 contratos (ITM+OTM C/P) capturados y cancelados (spot 766.07)
=== NOTIF === 2026-08-20 13:05:26 | RIESGO | BAG no cerró (2 pata/s viva/s) — cierre por patas al MID
=== NOTIF === 2026-08-20 13:05:30 | ORDEN | CIERRE MERCADO SPY P 767 x1
=== NOTIF === 2026-08-20 13:05:38 | ORDEN | CIERRE MERCADO SPY P 770 x1
=== NOTIF === 2026-08-20 13:05:46 | RIESGO | BAG no cerró (2 pata/s viva/s) — cierre por patas a MERCADO (último recurso)
=== NOTIF === 2026-08-20 13:05:46 | ORDEN | CIERRE MERCADO SPY P 767 x1
=== NOTIF === 2026-08-20 13:05:54 | ORDEN | CIERRE MERCADO SPY P 770 x1
=== NOTIF === 2026-08-20 13:06:02 | RIESGO | ⚠️ NO SE PUDO CERRAR: [(767.0, 'P', -1.0), (770.0, 'P', 1.0)] — CERRAR A MANO ANTES DE LAS 16:00 (§12)
2026-08-20 13:06:03 | DATA   | backfill SPY 120 S 1 min useRTH=False
2026-08-20 13:06:07 | DATA   | cadena 20260820: 98 contratos (ITM+OTM C/P) capturados y cancelados (spot 766.07)
=== NOTIF === 2026-08-20 13:06:07 | RIESGO | BAG no cerró (2 pata/s viva/s) — cierre por patas al MID
2026-08-20 13:06:09 | DATA   | cadena 20260820: 82 contratos (ITM+OTM C/P) capturados y cancelados (spot 765.98)
2026-08-20 13:06:09 | DATA   | cadena persistida 2026-08-20 13:06: 82 filas (fuente=live)
=== NOTIF === 2026-08-20 13:06:09 | RIESGO | SYNC 13:06: IBKR tiene 2 pata(s) 0DTE y el sistema se creía PLANO — adoptando
=== NOTIF === 2026-08-20 13:06:09 | RIESGO | ⚠️ 2 pata(s) 0DTE abiertas en IBKR SIN operación abierta en la BD — no se reconstruye; revisar y cerrar a mano
=== NOTIF === 2026-08-20 13:06:12 | ORDEN | CIERRE MERCADO SPY P 767 x1
=== NOTIF === 2026-08-20 13:06:20 | ORDEN | CIERRE MERCADO SPY P 770 x1
=== NOTIF === 2026-08-20 13:06:28 | RIESGO | BAG no cerró (2 pata/s viva/s) — cierre por patas a MERCADO (último recurso)
=== NOTIF === 2026-08-20 13:06:28 | ORDEN | CIERRE MERCADO SPY P 767 x1
=== NOTIF === 2026-08-20 13:06:36 | ORDEN | CIERRE MERCADO SPY P 770 x1
=== NOTIF === 2026-08-20 13:06:44 | RIESGO | ⚠️ NO SE PUDO CERRAR: [(767.0, 'P', -1.0), (770.0, 'P', 1.0)] — CERRAR A MANO ANTES DE LAS 16:00 (§12)
2026-08-20 13:06:49 | DATA   | cadena 20260820: 98 contratos (ITM+OTM C/P) capturados y cancelados (spot 765.98)
=== NOTIF === 2026-08-20 13:06:49 | RIESGO | BAG no cerró (2 pata/s viva/s) — cierre por patas al MID
=== NOTIF === 2026-08-20 13:06:53 | ORDEN | CIERRE MERCADO SPY P 767 x1
=== NOTIF === 2026-08-20 13:07:01 | ORDEN | CIERRE MERCADO SPY P 770 x1
2026-08-20 13:07:04 | DATA   | backfill SPY 120 S 1 min useRTH=False
=== NOTIF === 2026-08-20 13:07:09 | RIESGO | BAG no cerró (2 pata/s viva/s) — cierre por patas a MERCADO (último recurso)
2026-08-20 13:07:09 | DATA   | cadena 20260820: 82 contratos (ITM+OTM C/P) capturados y cancelados (spot 765.81)
2026-08-20 13:07:09 | DATA   | cadena persistida 2026-08-20 13:07: 82 filas (fuente=live)
=== NOTIF === 2026-08-20 13:07:09 | RIESGO | SYNC 13:07: IBKR tiene 2 pata(s) 0DTE y el sistema se creía PLANO — adoptando
=== NOTIF === 2026-08-20 13:07:09 | RIESGO | ⚠️ 2 pata(s) 0DTE abiertas en IBKR SIN operación abierta en la BD — no se reconstruye; revisar y cerrar a mano
=== NOTIF === 2026-08-20 13:07:09 | ORDEN | CIERRE MERCADO SPY P 767 x1
=== NOTIF === 2026-08-20 13:07:17 | ORDEN | CIERRE MERCADO SPY P 770 x1
=== NOTIF === 2026-08-20 13:07:25 | RIESGO | ⚠️ NO SE PUDO CERRAR: [(767.0, 'P', -1.0), (770.0, 'P', 1.0)] — CERRAR A MANO ANTES DE LAS 16:00 (§12)
2026-08-20 13:07:31 | DATA   | cadena 20260820: 98 contratos (ITM+OTM C/P) capturados y cancelados (spot 765.81)
=== NOTIF === 2026-08-20 13:07:31 | RIESGO | BAG no cerró (2 pata/s viva/s) — cierre por patas al MID
=== NOTIF === 2026-08-20 13:07:34 | ORDEN | CIERRE MERCADO SPY P 767 x1
=== NOTIF === 2026-08-20 13:07:42 | ORDEN | CIERRE MERCADO SPY P 770 x1
=== NOTIF === 2026-08-20 13:07:50 | RIESGO | BAG no cerró (2 pata/s viva/s) — cierre por patas a MERCADO (último recurso)
=== NOTIF === 2026-08-20 13:07:50 | ORDEN | CIERRE MERCADO SPY P 767 x1
=== NOTIF === 2026-08-20 13:07:58 | ORDEN | CIERRE MERCADO SPY P 770 x1
2026-08-20 13:08:04 | DATA   | backfill SPY 120 S 1 min useRTH=False
=== NOTIF === 2026-08-20 13:08:06 | RIESGO | ⚠️ NO SE PUDO CERRAR: [(767.0, 'P', -1.0), (770.0, 'P', 1.0)] — CERRAR A MANO ANTES DE LAS 16:00 (§12)
2026-08-20 13:08:09 | DATA   | cadena 20260820: 82 contratos (ITM+OTM C/P) capturados y cancelados (spot 765.75)
2026-08-20 13:08:09 | DATA   | cadena persistida 2026-08-20 13:08: 82 filas (fuente=live)
=== NOTIF === 2026-08-20 13:08:09 | RIESGO | SYNC 13:08: IBKR tiene 2 pata(s) 0DTE y el sistema se creía PLANO — adoptando
=== NOTIF === 2026-08-20 13:08:09 | RIESGO | ⚠️ 2 pata(s) 0DTE abiertas en IBKR SIN operación abierta en la BD — no se reconstruye; revisar y cerrar a mano
=== NOTIF === 2026-08-20 13:08:11 | ORDEN | COMPRA VERTICAL SPY C L=761/S=763 x1 débito<=1.99
=== NOTIF === 2026-08-20 13:08:16 | ORDEN | COMPRA VERTICAL SPY C L=761/S=764 x1 débito<=2.85
=== NOTIF === 2026-08-20 13:08:21 | ORDEN | COMPRA VERTICAL SPY C L=761/S=765 x1 débito<=3.55
2026-08-20 13:08:29 | DATA   | cadena 20260820: 98 contratos (ITM+OTM C/P) capturados y cancelados (spot 765.75)
2026-08-20 13:08:36 | DATA   | cadena 20260820: 98 contratos (ITM+OTM C/P) capturados y cancelados (spot 765.75)
=== NOTIF === 2026-08-20 13:08:36 | RIESGO | BAG no cerró (2 pata/s viva/s) — cierre por patas al MID
=== NOTIF === 2026-08-20 13:08:39 | ORDEN | CIERRE MERCADO SPY P 767 x1
=== NOTIF === 2026-08-20 13:08:47 | ORDEN | CIERRE MERCADO SPY P 770 x1
=== NOTIF === 2026-08-20 13:08:55 | RIESGO | BAG no cerró (2 pata/s viva/s) — cierre por patas a MERCADO (último recurso)
=== NOTIF === 2026-08-20 13:08:55 | ORDEN | CIERRE MERCADO SPY P 767 x1
=== NOTIF === 2026-08-20 13:09:03 | ORDEN | CIERRE MERCADO SPY P 770 x1
2026-08-20 13:09:04 | DATA   | backfill SPY 120 S 1 min useRTH=False
2026-08-20 13:09:08 | DATA   | cadena 20260820: 82 contratos (ITM+OTM C/P) capturados y cancelados (spot 765.69)
2026-08-20 13:09:08 | DATA   | cadena persistida 2026-08-20 13:09: 82 filas (fuente=live)
=== NOTIF === 2026-08-20 13:09:08 | RIESGO | SYNC 13:09: IBKR tiene 2 pata(s) 0DTE y el sistema se creía PLANO — adoptando
=== NOTIF === 2026-08-20 13:09:08 | RIESGO | ⚠️ 2 pata(s) 0DTE abiertas en IBKR SIN operación abierta en la BD — no se reconstruye; revisar y cerrar a mano
=== NOTIF === 2026-08-20 13:09:11 | RIESGO | ⚠️ NO SE PUDO CERRAR: [(767.0, 'P', -1.0), (770.0, 'P', 1.0)] — CERRAR A MANO ANTES DE LAS 16:00 (§12)
=== NOTIF === 2026-08-20 13:09:16 | ORDEN | COMPRA VERTICAL SPY P L=761/S=759 x1 débito<=0.02
=== NOTIF === 2026-08-20 13:09:40 | ORDEN | COMPRA VERTICAL SPY P L=761/S=758 x1 débito<=0.02
2026-08-20 13:10:04 | DATA   | backfill SPY 120 S 1 min useRTH=False
=== NOTIF === 2026-08-20 13:10:06 | ORDEN | COMPRA VERTICAL SPY P L=761/S=757 x1 débito<=0.02
2026-08-20 13:10:08 | DATA   | cadena 20260820: 82 contratos (ITM+OTM C/P) capturados y cancelados (spot 765.68)
2026-08-20 13:10:08 | DATA   | cadena persistida 2026-08-20 13:10: 82 filas (fuente=live)
=== NOTIF === 2026-08-20 13:10:08 | RIESGO | SYNC 13:10: IBKR tiene 2 pata(s) 0DTE y el sistema se creía PLANO — adoptando
=== NOTIF === 2026-08-20 13:10:08 | RIESGO | ⚠️ 2 pata(s) 0DTE abiertas en IBKR SIN operación abierta en la BD — no se reconstruye; revisar y cerrar a mano
=== NOTIF === 2026-08-20 13:10:31 | ORDEN | COMPRA VERTICAL SPY P L=763/S=761 x1 débito<=0.07
=== NOTIF === 2026-08-20 13:10:55 | ORDEN | COMPRA VERTICAL SPY P L=763/S=760 x1 débito<=0.09
2026-08-20 13:11:03 | DATA   | backfill SPY 120 S 1 min useRTH=False
2026-08-20 13:11:08 | DATA   | cadena 20260820: 82 contratos (ITM+OTM C/P) capturados y cancelados (spot 765.64)
2026-08-20 13:11:08 | DATA   | cadena persistida 2026-08-20 13:11: 82 filas (fuente=live)
=== NOTIF === 2026-08-20 13:11:08 | RIESGO | SYNC 13:11: IBKR tiene 2 pata(s) 0DTE y el sistema se creía PLANO — adoptando
=== NOTIF === 2026-08-20 13:11:08 | RIESGO | ⚠️ 2 pata(s) 0DTE abiertas en IBKR SIN operación abierta en la BD — no se reconstruye; revisar y cerrar a mano
=== NOTIF === 2026-08-20 13:11:20 | ORDEN | COMPRA VERTICAL SPY P L=763/S=759 x1 débito<=0.10
2026-08-20 13:11:37 | DATA   | cadena 20260820: 14 contratos (ITM+OTM C/P) capturados y cancelados (spot 765.75)
2026-08-20 13:12:03 | DATA   | backfill SPY 120 S 1 min useRTH=False
=== NOTIF === 2026-08-20 13:12:04 | RIESGO | BAG no cerró (4 pata/s viva/s) — cierre por patas al MID
=== NOTIF === 2026-08-20 13:12:05 | ORDEN | CIERRE MERCADO SPY P 767 x1
2026-08-20 13:12:07 | DATA   | cadena 20260820: 82 contratos (ITM+OTM C/P) capturados y cancelados (spot 765.74)
2026-08-20 13:12:07 | DATA   | cadena persistida 2026-08-20 13:12: 82 filas (fuente=live)
=== NOTIF === 2026-08-20 13:12:07 | RIESGO | SYNC 13:12: IBKR tiene 4 pata(s) 0DTE y el sistema se creía PLANO — adoptando
=== NOTIF === 2026-08-20 13:12:07 | RIESGO | ⚠️ 4 pata(s) 0DTE abiertas en IBKR SIN operación abierta en la BD — no se reconstruye; revisar y cerrar a mano
=== NOTIF === 2026-08-20 13:12:13 | ORDEN | CIERRE MERCADO SPY P 759 x1
=== NOTIF === 2026-08-20 13:12:21 | ORDEN | CIERRE MERCADO SPY P 770 x1
=== NOTIF === 2026-08-20 13:12:30 | ORDEN | CIERRE MERCADO SPY P 763 x1
=== NOTIF === 2026-08-20 13:12:38 | RIESGO | BAG no cerró (2 pata/s viva/s) — cierre por patas a MERCADO (último recurso)
=== NOTIF === 2026-08-20 13:12:38 | ORDEN | CIERRE MERCADO SPY P 767 x1
=== NOTIF === 2026-08-20 13:12:46 | ORDEN | CIERRE MERCADO SPY P 770 x1
=== NOTIF === 2026-08-20 13:12:54 | RIESGO | ⚠️ NO SE PUDO CERRAR: [(767.0, 'P', -1.0), (770.0, 'P', 1.0)] — CERRAR A MANO ANTES DE LAS 16:00 (§12)
2026-08-20 13:12:59 | DATA   | cadena 20260820: 98 contratos (ITM+OTM C/P) capturados y cancelados (spot 765.74)
=== NOTIF === 2026-08-20 13:12:59 | RIESGO | BAG no cerró (2 pata/s viva/s) — cierre por patas al MID
=== NOTIF === 2026-08-20 13:13:02 | ORDEN | CIERRE MERCADO SPY P 767 x1
2026-08-20 13:13:02 | DATA   | backfill SPY 120 S 1 min useRTH=False
2026-08-20 13:13:07 | DATA   | cadena 20260820: 82 contratos (ITM+OTM C/P) capturados y cancelados (spot 765.77)
2026-08-20 13:13:07 | DATA   | cadena persistida 2026-08-20 13:13: 82 filas (fuente=live)
=== NOTIF === 2026-08-20 13:13:07 | RIESGO | SYNC 13:13: IBKR tiene 2 pata(s) 0DTE y el sistema se creía PLANO — adoptando
=== NOTIF === 2026-08-20 13:13:07 | RIESGO | ⚠️ 2 pata(s) 0DTE abiertas en IBKR SIN operación abierta en la BD — no se reconstruye; revisar y cerrar a mano
=== NOTIF === 2026-08-20 13:13:10 | ORDEN | CIERRE MERCADO SPY P 770 x1
=== NOTIF === 2026-08-20 13:13:18 | RIESGO | BAG no cerró (2 pata/s viva/s) — cierre por patas a MERCADO (último recurso)
=== NOTIF === 2026-08-20 13:13:18 | ORDEN | CIERRE MERCADO SPY P 767 x1
=== NOTIF === 2026-08-20 13:13:26 | ORDEN | CIERRE MERCADO SPY P 770 x1
=== NOTIF === 2026-08-20 13:13:34 | RIESGO | ⚠️ NO SE PUDO CERRAR: [(767.0, 'P', -1.0), (770.0, 'P', 1.0)] — CERRAR A MANO ANTES DE LAS 16:00 (§12)
2026-08-20 13:13:40 | DATA   | cadena 20260820: 98 contratos (ITM+OTM C/P) capturados y cancelados (spot 765.77)
=== NOTIF === 2026-08-20 13:13:40 | RIESGO | BAG no cerró (2 pata/s viva/s) — cierre por patas al MID
=== NOTIF === 2026-08-20 13:13:43 | ORDEN | CIERRE MERCADO SPY P 767 x1
=== NOTIF === 2026-08-20 13:13:51 | ORDEN | CIERRE MERCADO SPY P 770 x1
=== NOTIF === 2026-08-20 13:13:59 | RIESGO | BAG no cerró (2 pata/s viva/s) — cierre por patas a MERCADO (último recurso)
=== NOTIF === 2026-08-20 13:13:59 | ORDEN | CIERRE MERCADO SPY P 767 x1
2026-08-20 13:14:02 | DATA   | backfill SPY 120 S 1 min useRTH=False
2026-08-20 13:14:07 | DATA   | cadena 20260820: 82 contratos (ITM+OTM C/P) capturados y cancelados (spot 765.62)
2026-08-20 13:14:07 | DATA   | cadena persistida 2026-08-20 13:14: 82 filas (fuente=live)
=== NOTIF === 2026-08-20 13:14:07 | RIESGO | SYNC 13:14: IBKR tiene 2 pata(s) 0DTE y el sistema se creía PLANO — adoptando
=== NOTIF === 2026-08-20 13:14:07 | RIESGO | ⚠️ 2 pata(s) 0DTE abiertas en IBKR SIN operación abierta en la BD — no se reconstruye; revisar y cerrar a mano
=== NOTIF === 2026-08-20 13:14:08 | ORDEN | CIERRE MERCADO SPY P 770 x1
=== NOTIF === 2026-08-20 13:14:16 | RIESGO | ⚠️ NO SE PUDO CERRAR: [(767.0, 'P', -1.0), (770.0, 'P', 1.0)] — CERRAR A MANO ANTES DE LAS 16:00 (§12)
=== NOTIF === 2026-08-20 13:14:32 | ORDEN | COMPRA VERTICAL SPY P L=764/S=762 x1 débito<=0.18
=== NOTIF === 2026-08-20 13:14:57 | ORDEN | COMPRA VERTICAL SPY P L=764/S=761 x1 débito<=0.21
2026-08-20 13:15:04 | DATA   | backfill SPY 120 S 1 min useRTH=False
2026-08-20 13:15:09 | DATA   | cadena 20260820: 82 contratos (ITM+OTM C/P) capturados y cancelados (spot 765.52)
2026-08-20 13:15:09 | DATA   | cadena persistida 2026-08-20 13:15: 82 filas (fuente=live)
=== NOTIF === 2026-08-20 13:15:09 | RIESGO | SYNC 13:15: IBKR tiene 4 pata(s) 0DTE y el sistema se creía PLANO — adoptando
=== NOTIF === 2026-08-20 13:15:09 | RIESGO | ⚠️ 4 pata(s) 0DTE abiertas en IBKR SIN operación abierta en la BD — no se reconstruye; revisar y cerrar a mano
2026-08-20 13:15:11 | DATA   | cadena 20260820: 14 contratos (ITM+OTM C/P) capturados y cancelados (spot 765.77)
=== NOTIF === 2026-08-20 13:15:39 | RIESGO | BAG no cerró (4 pata/s viva/s) — cierre por patas al MID
=== NOTIF === 2026-08-20 13:15:39 | ORDEN | CIERRE MERCADO SPY P 767 x1
=== NOTIF === 2026-08-20 13:15:47 | ORDEN | CIERRE MERCADO SPY P 761 x1
=== NOTIF === 2026-08-20 13:15:55 | ORDEN | CIERRE MERCADO SPY P 770 x1
=== NOTIF === 2026-08-20 13:16:04 | ORDEN | CIERRE MERCADO SPY P 764 x1
2026-08-20 13:16:04 | DATA   | backfill SPY 120 S 1 min useRTH=False
2026-08-20 13:16:09 | DATA   | cadena 20260820: 82 contratos (ITM+OTM C/P) capturados y cancelados (spot 765.28)
2026-08-20 13:16:09 | DATA   | cadena persistida 2026-08-20 13:16: 82 filas (fuente=live)
=== NOTIF === 2026-08-20 13:16:09 | RIESGO | SYNC 13:16: IBKR tiene 2 pata(s) 0DTE y el sistema se creía PLANO — adoptando
=== NOTIF === 2026-08-20 13:16:09 | RIESGO | ⚠️ 2 pata(s) 0DTE abiertas en IBKR SIN operación abierta en la BD — no se reconstruye; revisar y cerrar a mano
=== NOTIF === 2026-08-20 13:16:12 | RIESGO | BAG no cerró (2 pata/s viva/s) — cierre por patas a MERCADO (último recurso)
=== NOTIF === 2026-08-20 13:16:12 | ORDEN | CIERRE MERCADO SPY P 767 x1
=== NOTIF === 2026-08-20 13:16:20 | ORDEN | CIERRE MERCADO SPY P 770 x1
=== NOTIF === 2026-08-20 13:16:28 | RIESGO | ⚠️ NO SE PUDO CERRAR: [(767.0, 'P', -1.0), (770.0, 'P', 1.0)] — CERRAR A MANO ANTES DE LAS 16:00 (§12)
=== NOTIF === 2026-08-20 13:16:32 | ORDEN | COMPRA VERTICAL SPY P L=764/S=760 x1 débito<=0.31
=== NOTIF === 2026-08-20 13:16:57 | ORDEN | COMPRA VERTICAL SPY C L=762/S=764 x1 débito<=1.72
=== NOTIF === 2026-08-20 13:17:02 | ORDEN | COMPRA VERTICAL SPY C L=761/S=763 x1 débito<=1.92
2026-08-20 13:17:04 | DATA   | backfill SPY 120 S 1 min useRTH=False
=== NOTIF === 2026-08-20 13:17:07 | ORDEN | COMPRA VERTICAL SPY C L=761/S=764 x1 débito<=2.67
2026-08-20 13:17:08 | DATA   | cadena 20260820: 82 contratos (ITM+OTM C/P) capturados y cancelados (spot 765.15)
2026-08-20 13:17:08 | DATA   | cadena persistida 2026-08-20 13:17: 82 filas (fuente=live)
=== NOTIF === 2026-08-20 13:17:08 | RIESGO | SYNC 13:17: IBKR tiene 2 pata(s) 0DTE y el sistema se creía PLANO — adoptando
=== NOTIF === 2026-08-20 13:17:08 | RIESGO | ⚠️ 2 pata(s) 0DTE abiertas en IBKR SIN operación abierta en la BD — no se reconstruye; revisar y cerrar a mano
2026-08-20 13:17:15 | DATA   | cadena 20260820: 98 contratos (ITM+OTM C/P) capturados y cancelados (spot 765.15)
=== NOTIF === 2026-08-20 13:17:15 | RIESGO | BAG no cerró (2 pata/s viva/s) — cierre por patas al MID
=== NOTIF === 2026-08-20 13:17:18 | ORDEN | CIERRE MERCADO SPY P 767 x1
=== NOTIF === 2026-08-20 13:17:26 | ORDEN | CIERRE MERCADO SPY P 770 x1
=== NOTIF === 2026-08-20 13:17:34 | RIESGO | BAG no cerró (2 pata/s viva/s) — cierre por patas a MERCADO (último recurso)
=== NOTIF === 2026-08-20 13:17:34 | ORDEN | CIERRE MERCADO SPY P 767 x1
=== NOTIF === 2026-08-20 13:17:42 | ORDEN | CIERRE MERCADO SPY P 770 x1
=== NOTIF === 2026-08-20 13:17:50 | RIESGO | ⚠️ NO SE PUDO CERRAR: [(767.0, 'P', -1.0), (770.0, 'P', 1.0)] — CERRAR A MANO ANTES DE LAS 16:00 (§12)
2026-08-20 13:17:55 | DATA   | cadena 20260820: 98 contratos (ITM+OTM C/P) capturados y cancelados (spot 765.15)
=== NOTIF === 2026-08-20 13:17:55 | RIESGO | BAG no cerró (2 pata/s viva/s) — cierre por patas al MID
=== NOTIF === 2026-08-20 13:17:59 | ORDEN | CIERRE MERCADO SPY P 767 x1
2026-08-20 13:18:03 | DATA   | backfill SPY 120 S 1 min useRTH=False
=== NOTIF === 2026-08-20 13:18:07 | ORDEN | CIERRE MERCADO SPY P 770 x1
2026-08-20 13:18:08 | DATA   | cadena 20260820: 82 contratos (ITM+OTM C/P) capturados y cancelados (spot 765.05)
2026-08-20 13:18:08 | DATA   | cadena persistida 2026-08-20 13:18: 82 filas (fuente=live)
=== NOTIF === 2026-08-20 13:18:08 | RIESGO | SYNC 13:18: IBKR tiene 2 pata(s) 0DTE y el sistema se creía PLANO — adoptando
=== NOTIF === 2026-08-20 13:18:08 | RIESGO | ⚠️ 2 pata(s) 0DTE abiertas en IBKR SIN operación abierta en la BD — no se reconstruye; revisar y cerrar a mano
=== NOTIF === 2026-08-20 13:18:15 | RIESGO | BAG no cerró (2 pata/s viva/s) — cierre por patas a MERCADO (último recurso)
=== NOTIF === 2026-08-20 13:18:15 | ORDEN | CIERRE MERCADO SPY P 767 x1
=== NOTIF === 2026-08-20 13:18:24 | ORDEN | CIERRE MERCADO SPY P 770 x1
=== NOTIF === 2026-08-20 13:18:32 | RIESGO | ⚠️ NO SE PUDO CERRAR: [(767.0, 'P', -1.0), (770.0, 'P', 1.0)] — CERRAR A MANO ANTES DE LAS 16:00 (§12)
2026-08-20 13:18:37 | DATA   | cadena 20260820: 98 contratos (ITM+OTM C/P) capturados y cancelados (spot 765.05)
=== NOTIF === 2026-08-20 13:18:37 | RIESGO | BAG no cerró (2 pata/s viva/s) — cierre por patas al MID
=== NOTIF === 2026-08-20 13:18:40 | ORDEN | CIERRE MERCADO SPY P 767 x1
=== NOTIF === 2026-08-20 13:18:48 | ORDEN | CIERRE MERCADO SPY P 770 x1
=== NOTIF === 2026-08-20 13:18:56 | RIESGO | BAG no cerró (2 pata/s viva/s) — cierre por patas a MERCADO (último recurso)
=== NOTIF === 2026-08-20 13:18:56 | ORDEN | CIERRE MERCADO SPY P 767 x1
2026-08-20 13:19:03 | DATA   | backfill SPY 120 S 1 min useRTH=False
=== NOTIF === 2026-08-20 13:19:05 | ORDEN | CIERRE MERCADO SPY P 770 x1
2026-08-20 13:19:08 | DATA   | cadena 20260820: 82 contratos (ITM+OTM C/P) capturados y cancelados (spot 765.04)
2026-08-20 13:19:08 | DATA   | cadena persistida 2026-08-20 13:19: 82 filas (fuente=live)
=== NOTIF === 2026-08-20 13:19:08 | RIESGO | SYNC 13:19: IBKR tiene 2 pata(s) 0DTE y el sistema se creía PLANO — adoptando
=== NOTIF === 2026-08-20 13:19:08 | RIESGO | ⚠️ 2 pata(s) 0DTE abiertas en IBKR SIN operación abierta en la BD — no se reconstruye; revisar y cerrar a mano
=== NOTIF === 2026-08-20 13:19:13 | RIESGO | ⚠️ NO SE PUDO CERRAR: [(767.0, 'P', -1.0), (770.0, 'P', 1.0)] — CERRAR A MANO ANTES DE LAS 16:00 (§12)
2026-08-20 13:19:18 | DATA   | cadena 20260820: 98 contratos (ITM+OTM C/P) capturados y cancelados (spot 765.04)
=== NOTIF === 2026-08-20 13:19:18 | RIESGO | BAG no cerró (2 pata/s viva/s) — cierre por patas al MID
=== NOTIF === 2026-08-20 13:19:21 | ORDEN | CIERRE MERCADO SPY P 767 x1
=== NOTIF === 2026-08-20 13:19:29 | ORDEN | CIERRE MERCADO SPY P 770 x1
=== NOTIF === 2026-08-20 13:19:37 | RIESGO | BAG no cerró (2 pata/s viva/s) — cierre por patas a MERCADO (último recurso)
=== NOTIF === 2026-08-20 13:19:37 | ORDEN | CIERRE MERCADO SPY P 767 x1
=== NOTIF === 2026-08-20 13:19:46 | ORDEN | CIERRE MERCADO SPY P 770 x1
=== NOTIF === 2026-08-20 13:19:54 | RIESGO | ⚠️ NO SE PUDO CERRAR: [(767.0, 'P', -1.0), (770.0, 'P', 1.0)] — CERRAR A MANO ANTES DE LAS 16:00 (§12)
2026-08-20 13:19:59 | DATA   | cadena 20260820: 98 contratos (ITM+OTM C/P) capturados y cancelados (spot 765.04)
2026-08-20 13:20:03 | DATA   | backfill SPY 120 S 1 min useRTH=False
2026-08-20 13:20:06 | DATA   | cadena 20260820: 98 contratos (ITM+OTM C/P) capturados y cancelados (spot 765.04)
=== NOTIF === 2026-08-20 13:20:06 | RIESGO | BAG no cerró (2 pata/s viva/s) — cierre por patas al MID
=== NOTIF === 2026-08-20 13:20:10 | ORDEN | CIERRE MERCADO SPY P 767 x1
2026-08-20 13:20:10 | DATA   | cadena 20260820: 82 contratos (ITM+OTM C/P) capturados y cancelados (spot 764.86)
2026-08-20 13:20:10 | DATA   | cadena persistida 2026-08-20 13:20: 82 filas (fuente=live)
=== NOTIF === 2026-08-20 13:20:10 | RIESGO | SYNC 13:20: IBKR tiene 2 pata(s) 0DTE y el sistema se creía PLANO — adoptando
=== NOTIF === 2026-08-20 13:20:10 | RIESGO | ⚠️ 2 pata(s) 0DTE abiertas en IBKR SIN operación abierta en la BD — no se reconstruye; revisar y cerrar a mano
=== NOTIF === 2026-08-20 13:20:18 | ORDEN | CIERRE MERCADO SPY P 770 x1
=== NOTIF === 2026-08-20 13:20:26 | RIESGO | BAG no cerró (2 pata/s viva/s) — cierre por patas a MERCADO (último recurso)
=== NOTIF === 2026-08-20 13:20:26 | ORDEN | CIERRE MERCADO SPY P 767 x1
=== NOTIF === 2026-08-20 13:20:34 | ORDEN | CIERRE MERCADO SPY P 770 x1
=== NOTIF === 2026-08-20 13:20:42 | RIESGO | ⚠️ NO SE PUDO CERRAR: [(767.0, 'P', -1.0), (770.0, 'P', 1.0)] — CERRAR A MANO ANTES DE LAS 16:00 (§12)
=== NOTIF === 2026-08-20 13:20:47 | ORDEN | COMPRA VERTICAL SPY P L=760/S=758 x1 débito<=0.01
2026-08-20 13:21:00 | DATA   | backfill SPY 120 S 1 min useRTH=False
2026-08-20 13:21:05 | DATA   | cadena 20260820: 82 contratos (ITM+OTM C/P) capturados y cancelados (spot 765.00)
2026-08-20 13:21:05 | DATA   | cadena persistida 2026-08-20 13:21: 82 filas (fuente=live)
=== NOTIF === 2026-08-20 13:21:05 | RIESGO | SYNC 13:21: IBKR tiene 2 pata(s) 0DTE y el sistema se creía PLANO — adoptando
=== NOTIF === 2026-08-20 13:21:05 | RIESGO | ⚠️ 2 pata(s) 0DTE abiertas en IBKR SIN operación abierta en la BD — no se reconstruye; revisar y cerrar a mano
=== NOTIF === 2026-08-20 13:21:11 | ORDEN | COMPRA VERTICAL SPY P L=760/S=757 x1 débito<=0.02
=== NOTIF === 2026-08-20 13:21:36 | ORDEN | COMPRA VERTICAL SPY P L=760/S=756 x1 débito<=0.02
2026-08-20 13:22:00 | DATA   | backfill SPY 120 S 1 min useRTH=False
=== NOTIF === 2026-08-20 13:22:01 | ORDEN | COMPRA VERTICAL SPY P L=762/S=760 x1 débito<=0.06
2026-08-20 13:22:05 | DATA   | cadena 20260820: 82 contratos (ITM+OTM C/P) capturados y cancelados (spot 764.98)
2026-08-20 13:22:05 | DATA   | cadena persistida 2026-08-20 13:22: 82 filas (fuente=live)
=== NOTIF === 2026-08-20 13:22:05 | RIESGO | SYNC 13:22: IBKR tiene 2 pata(s) 0DTE y el sistema se creía PLANO — adoptando
=== NOTIF === 2026-08-20 13:22:05 | RIESGO | ⚠️ 2 pata(s) 0DTE abiertas en IBKR SIN operación abierta en la BD — no se reconstruye; revisar y cerrar a mano
2026-08-20 13:22:21 | DATA   | cadena 20260820: 14 contratos (ITM+OTM C/P) capturados y cancelados (spot 765.04)
=== NOTIF === 2026-08-20 13:22:49 | RIESGO | BAG no cerró (4 pata/s viva/s) — cierre por patas al MID
=== NOTIF === 2026-08-20 13:22:49 | ORDEN | CIERRE MERCADO SPY P 767 x1
=== NOTIF === 2026-08-20 13:22:57 | ORDEN | CIERRE MERCADO SPY P 760 x1
2026-08-20 13:23:00 | DATA   | backfill SPY 120 S 1 min useRTH=False
2026-08-20 13:23:04 | DATA   | cadena 20260820: 82 contratos (ITM+OTM C/P) capturados y cancelados (spot 765.14)
2026-08-20 13:23:04 | DATA   | cadena persistida 2026-08-20 13:23: 82 filas (fuente=live)
=== NOTIF === 2026-08-20 13:23:04 | RIESGO | SYNC 13:23: IBKR tiene 3 pata(s) 0DTE y el sistema se creía PLANO — adoptando
=== NOTIF === 2026-08-20 13:23:04 | RIESGO | ⚠️ 3 pata(s) 0DTE abiertas en IBKR SIN operación abierta en la BD — no se reconstruye; revisar y cerrar a mano
=== NOTIF === 2026-08-20 13:23:06 | ORDEN | CIERRE MERCADO SPY P 770 x1
=== NOTIF === 2026-08-20 13:23:14 | ORDEN | CIERRE MERCADO SPY P 762 x1
=== NOTIF === 2026-08-20 13:23:22 | RIESGO | BAG no cerró (2 pata/s viva/s) — cierre por patas a MERCADO (último recurso)
=== NOTIF === 2026-08-20 13:23:22 | ORDEN | CIERRE MERCADO SPY P 767 x1
=== NOTIF === 2026-08-20 13:23:30 | ORDEN | CIERRE MERCADO SPY P 770 x1
=== NOTIF === 2026-08-20 13:23:38 | RIESGO | ⚠️ NO SE PUDO CERRAR: [(767.0, 'P', -1.0), (770.0, 'P', 1.0)] — CERRAR A MANO ANTES DE LAS 16:00 (§12)
=== NOTIF === 2026-08-20 13:23:42 | ORDEN | COMPRA VERTICAL SPY P L=762/S=759 x1 débito<=0.06
2026-08-20 13:24:04 | DATA   | backfill SPY 120 S 1 min useRTH=False
=== NOTIF === 2026-08-20 13:24:07 | ORDEN | COMPRA VERTICAL SPY P L=762/S=758 x1 débito<=0.07
2026-08-20 13:24:09 | DATA   | cadena 20260820: 82 contratos (ITM+OTM C/P) capturados y cancelados (spot 765.14)
2026-08-20 13:24:09 | DATA   | cadena persistida 2026-08-20 13:24: 82 filas (fuente=live)
=== NOTIF === 2026-08-20 13:24:09 | RIESGO | SYNC 13:24: IBKR tiene 2 pata(s) 0DTE y el sistema se creía PLANO — adoptando
=== NOTIF === 2026-08-20 13:24:09 | RIESGO | ⚠️ 2 pata(s) 0DTE abiertas en IBKR SIN operación abierta en la BD — no se reconstruye; revisar y cerrar a mano
2026-08-20 13:24:17 | DATA   | cadena 20260820: 14 contratos (ITM+OTM C/P) capturados y cancelados (spot 765.04)
=== NOTIF === 2026-08-20 13:24:45 | RIESGO | BAG no cerró (4 pata/s viva/s) — cierre por patas al MID
=== NOTIF === 2026-08-20 13:24:45 | ORDEN | CIERRE MERCADO SPY P 767 x1
=== NOTIF === 2026-08-20 13:24:53 | ORDEN | CIERRE MERCADO SPY P 758 x1
=== NOTIF === 2026-08-20 13:25:01 | ORDEN | CIERRE MERCADO SPY P 770 x1
2026-08-20 13:25:04 | DATA   | backfill SPY 120 S 1 min useRTH=False
2026-08-20 13:25:09 | DATA   | cadena 20260820: 82 contratos (ITM+OTM C/P) capturados y cancelados (spot 765.02)
2026-08-20 13:25:09 | DATA   | cadena persistida 2026-08-20 13:25: 82 filas (fuente=live)
=== NOTIF === 2026-08-20 13:25:09 | RIESGO | SYNC 13:25: IBKR tiene 3 pata(s) 0DTE y el sistema se creía PLANO — adoptando
=== NOTIF === 2026-08-20 13:25:09 | RIESGO | ⚠️ 3 pata(s) 0DTE abiertas en IBKR SIN operación abierta en la BD — no se reconstruye; revisar y cerrar a mano
=== NOTIF === 2026-08-20 13:25:10 | ORDEN | CIERRE MERCADO SPY P 762 x1
=== NOTIF === 2026-08-20 13:25:18 | RIESGO | BAG no cerró (2 pata/s viva/s) — cierre por patas a MERCADO (último recurso)
=== NOTIF === 2026-08-20 13:25:18 | ORDEN | CIERRE MERCADO SPY P 767 x1
=== NOTIF === 2026-08-20 13:25:26 | ORDEN | CIERRE MERCADO SPY P 770 x1
=== NOTIF === 2026-08-20 13:25:34 | RIESGO | ⚠️ NO SE PUDO CERRAR: [(767.0, 'P', -1.0), (770.0, 'P', 1.0)] — CERRAR A MANO ANTES DE LAS 16:00 (§12)
2026-08-20 13:25:40 | DATA   | cadena 20260820: 98 contratos (ITM+OTM C/P) capturados y cancelados (spot 765.02)
=== NOTIF === 2026-08-20 13:25:40 | RIESGO | BAG no cerró (2 pata/s viva/s) — cierre por patas al MID
=== NOTIF === 2026-08-20 13:25:43 | ORDEN | CIERRE MERCADO SPY P 767 x1
=== NOTIF === 2026-08-20 13:25:51 | ORDEN | CIERRE MERCADO SPY P 770 x1
=== NOTIF === 2026-08-20 13:25:59 | RIESGO | BAG no cerró (2 pata/s viva/s) — cierre por patas a MERCADO (último recurso)
=== NOTIF === 2026-08-20 13:25:59 | ORDEN | CIERRE MERCADO SPY P 767 x1
2026-08-20 13:26:04 | DATA   | backfill SPY 120 S 1 min useRTH=False
=== NOTIF === 2026-08-20 13:26:08 | ORDEN | CIERRE MERCADO SPY P 770 x1
2026-08-20 13:26:09 | DATA   | cadena 20260820: 82 contratos (ITM+OTM C/P) capturados y cancelados (spot 764.93)
2026-08-20 13:26:09 | DATA   | cadena persistida 2026-08-20 13:26: 82 filas (fuente=live)
=== NOTIF === 2026-08-20 13:26:09 | RIESGO | SYNC 13:26: IBKR tiene 2 pata(s) 0DTE y el sistema se creía PLANO — adoptando
=== NOTIF === 2026-08-20 13:26:09 | RIESGO | ⚠️ 2 pata(s) 0DTE abiertas en IBKR SIN operación abierta en la BD — no se reconstruye; revisar y cerrar a mano
=== NOTIF === 2026-08-20 13:26:16 | RIESGO | ⚠️ NO SE PUDO CERRAR: [(767.0, 'P', -1.0), (770.0, 'P', 1.0)] — CERRAR A MANO ANTES DE LAS 16:00 (§12)
=== NOTIF === 2026-08-20 13:26:20 | ORDEN | COMPRA VERTICAL SPY C L=767/S=769 x1 débito<=0.09
=== NOTIF === 2026-08-20 13:26:45 | ORDEN | COMPRA VERTICAL SPY P L=763/S=761 x1 débito<=0.14
2026-08-20 13:26:52 | DATA   | cadena 20260820: 14 contratos (ITM+OTM C/P) capturados y cancelados (spot 765.02)
2026-08-20 13:27:04 | DATA   | backfill SPY 120 S 1 min useRTH=False
2026-08-20 13:27:08 | DATA   | cadena 20260820: 82 contratos (ITM+OTM C/P) capturados y cancelados (spot 764.93)
2026-08-20 13:27:08 | DATA   | cadena persistida 2026-08-20 13:27: 82 filas (fuente=live)
=== NOTIF === 2026-08-20 13:27:08 | RIESGO | SYNC 13:27: IBKR tiene 4 pata(s) 0DTE y el sistema se creía PLANO — adoptando
=== NOTIF === 2026-08-20 13:27:08 | RIESGO | ⚠️ 4 pata(s) 0DTE abiertas en IBKR SIN operación abierta en la BD — no se reconstruye; revisar y cerrar a mano
=== NOTIF === 2026-08-20 13:27:08 | ARRANQUE | RECALIBRA 13:27: saldo=918 nivel 3->7 tope 55->140 unidades 1->1 (ancho FIJO 2)
2026-08-20 13:27:31 | DATA   | IBKR conectando a 127.0.0.1:4002 clientId=33
2026-08-20 13:28:21 | DATA   | IBKR conectando a 127.0.0.1:4002 clientId=33
=== NOTIF === 2026-08-20 13:28:24 | IBKR | IBKR conectado (paper 4002)
2026-08-20 13:28:24 | DATA   | IBKR desconectado
2026-08-20 13:28:41 | DATA   | IBKR conectando a 127.0.0.1:4002 clientId=34
=== NOTIF === 2026-08-20 13:28:41 | IBKR | IBKR conectado (paper 4002)
=== NOTIF === 2026-08-20 13:28:41 | RIESGO | BAG no cerró (4 pata/s viva/s) — cierre por patas al MID
=== NOTIF === 2026-08-20 13:28:41 | ORDEN | CIERRE MERCADO SPY P 767 x1
=== NOTIF === 2026-08-20 13:28:49 | ORDEN | CIERRE MERCADO SPY P 761 x1
=== NOTIF === 2026-08-20 13:28:57 | ORDEN | CIERRE MERCADO SPY P 770 x1
=== NOTIF === 2026-08-20 13:29:05 | ORDEN | CIERRE MERCADO SPY P 763 x1
2026-08-20 13:29:15 | DATA   | IBKR desconectado
=== NOTIF === 2026-08-20 13:29:32 | ARRANQUE | ARRANQUE del sistema vivo — 2026-08-20 (0DTE 20260820)
2026-08-20 13:29:32 | DATA   | IBKR conectando a 127.0.0.1:4002 clientId=17
=== NOTIF === 2026-08-20 13:29:32 | IBKR | IBKR conectado (paper 4002)
=== NOTIF === 2026-08-20 13:29:32 | ARRANQUE | Autocalibra: saldo=711 nivel=6 ancho=2 tope=110 unidades=1
=== NOTIF === 2026-08-20 13:29:32 | ARRANQUE | BACKFILL de arranque (SPY premarket + ETF + día anterior)
2026-08-20 13:29:32 | DATA   | backfill SPY 2 D 1 min useRTH=False
2026-08-20 13:29:34 | DATA   | backfill SPY: 1291 barras persistidas (fecha 2026-08-20)
2026-08-20 13:29:35 | DATA   | backfill DIA: 36 barras
2026-08-20 13:29:36 | DATA   | backfill TLT: 36 barras
2026-08-20 13:29:36 | DATA   | día anterior (2026-08-19, cierres RTH): cierre=769.18 máx=772.23 mín=768.29
2026-08-20 13:29:36 | DATA   | día anterior (cierres RTH): max=772.23 min=768.29 cierre=769.18
=== NOTIF === 2026-08-20 13:29:36 | ARRANQUE | Sistema EN MARCHA — esperando barras (todo activo)
2026-08-20 13:29:36 | DATA   | backfill SPY 120 S 1 min useRTH=False
2026-08-20 13:29:40 | DATA   | cadena 20260820: 82 contratos (ITM+OTM C/P) capturados y cancelados (spot 764.79)
2026-08-20 13:29:40 | DATA   | cadena persistida 2026-08-20 13:29: 82 filas (fuente=live)
2026-08-20 13:29:44 | DATA   | IBKR conectando a 127.0.0.1:4002 clientId=34
=== NOTIF === 2026-08-20 13:29:45 | IBKR | IBKR conectado (paper 4002)
2026-08-20 13:29:49 | DATA   | IBKR conectando a 127.0.0.1:4002 clientId=35
2026-08-20 13:29:50 | DATA   | cadena 20260820: 98 contratos (ITM+OTM C/P) capturados y cancelados (spot 764.79)
=== NOTIF === 2026-08-20 13:29:52 | IBKR | IBKR conectado (paper 4002)
2026-08-20 13:29:54 | DATA   | IBKR desconectado
2026-08-20 13:29:57 | DATA   | cadena 20260820: 98 contratos (ITM+OTM C/P) capturados y cancelados (spot 764.79)
2026-08-20 13:30:00 | DATA   | backfill SPY 120 S 1 min useRTH=False
=== NOTIF === 2026-08-20 13:30:04 | ORDEN | COMPRA VERTICAL SPY P L=760/S=758 x1 débito<=0.01
2026-08-20 13:30:05 | DATA   | cadena 20260820: 82 contratos (ITM+OTM C/P) capturados y cancelados (spot 764.78)
2026-08-20 13:30:05 | DATA   | cadena persistida 2026-08-20 13:30: 82 filas (fuente=live)
=== NOTIF === 2026-08-20 13:30:28 | ORDEN | COMPRA VERTICAL SPY P L=760/S=757 x1 débito<=0.02
=== NOTIF === 2026-08-20 13:30:53 | ORDEN | COMPRA VERTICAL SPY P L=760/S=756 x1 débito<=0.02
2026-08-20 13:31:00 | DATA   | backfill SPY 120 S 1 min useRTH=False
2026-08-20 13:31:05 | DATA   | cadena 20260820: 82 contratos (ITM+OTM C/P) capturados y cancelados (spot 764.72)
2026-08-20 13:31:05 | DATA   | cadena persistida 2026-08-20 13:31: 82 filas (fuente=live)
=== NOTIF === 2026-08-20 13:31:18 | ORDEN | COMPRA VERTICAL SPY P L=762/S=760 x1 débito<=0.07
2026-08-20 13:31:37 | DATA   | cadena 20260820: 14 contratos (ITM+OTM C/P) capturados y cancelados (spot 764.79)
=== NOTIF === 2026-08-20 13:31:41 | RIESGO | BAG no cerró (2 pata/s viva/s) — cierre por patas al MID
=== NOTIF === 2026-08-20 13:31:41 | ORDEN | CIERRE MERCADO SPY P 760 x1
=== NOTIF === 2026-08-20 13:31:49 | ORDEN | CIERRE MERCADO SPY P 762 x1
=== NOTIF === 2026-08-20 13:32:00 | ORDEN | COMPRA VERTICAL SPY P L=762/S=759 x1 débito<=0.07
2026-08-20 13:32:00 | DATA   | backfill SPY 120 S 1 min useRTH=False
2026-08-20 13:32:05 | DATA   | cadena 20260820: 82 contratos (ITM+OTM C/P) capturados y cancelados (spot 764.85)
2026-08-20 13:32:05 | DATA   | cadena persistida 2026-08-20 13:32: 82 filas (fuente=live)
=== NOTIF === 2026-08-20 13:32:24 | ORDEN | COMPRA VERTICAL SPY P L=762/S=758 x1 débito<=0.08
2026-08-20 13:32:51 | DATA   | cadena 20260820: 98 contratos (ITM+OTM C/P) capturados y cancelados (spot 764.85)
2026-08-20 13:32:59 | DATA   | cadena 20260820: 98 contratos (ITM+OTM C/P) capturados y cancelados (spot 764.85)
2026-08-20 13:33:00 | DATA   | backfill SPY 120 S 1 min useRTH=False
2026-08-20 13:33:05 | DATA   | cadena 20260820: 82 contratos (ITM+OTM C/P) capturados y cancelados (spot 764.74)
2026-08-20 13:33:05 | DATA   | cadena persistida 2026-08-20 13:33: 82 filas (fuente=live)
=== NOTIF === 2026-08-20 13:33:05 | ORDEN | COMPRA VERTICAL SPY P L=763/S=761 x1 débito<=0.15
2026-08-20 13:33:14 | DATA   | cadena 20260820: 14 contratos (ITM+OTM C/P) capturados y cancelados (spot 764.85)
=== NOTIF === 2026-08-20 13:33:18 | RIESGO | BAG no cerró (2 pata/s viva/s) — cierre por patas al MID
=== NOTIF === 2026-08-20 13:33:18 | ORDEN | CIERRE MERCADO SPY P 761 x1
=== NOTIF === 2026-08-20 13:33:26 | ORDEN | CIERRE MERCADO SPY P 763 x1
=== NOTIF === 2026-08-20 13:33:37 | ORDEN | COMPRA VERTICAL SPY P L=763/S=760 x1 débito<=0.17
2026-08-20 13:34:00 | DATA   | backfill SPY 120 S 1 min useRTH=False
=== NOTIF === 2026-08-20 13:34:03 | ORDEN | COMPRA VERTICAL SPY P L=763/S=759 x1 débito<=0.19
2026-08-20 13:34:05 | DATA   | cadena 20260820: 82 contratos (ITM+OTM C/P) capturados y cancelados (spot 764.71)
2026-08-20 13:34:05 | DATA   | cadena persistida 2026-08-20 13:34: 82 filas (fuente=live)
=== NOTIF === 2026-08-20 13:34:27 | ORDEN | COMPRA VERTICAL SPY C L=761/S=763 x1 débito<=1.85
2026-08-20 13:34:51 | DATA   | cadena 20260820: 14 contratos (ITM+OTM C/P) capturados y cancelados (spot 764.85)
2026-08-20 13:34:54 | DATA   | IBKR conectando a 127.0.0.1:4002 clientId=35
=== NOTIF === 2026-08-20 13:34:55 | IBKR | IBKR conectado (paper 4002)
=== NOTIF === 2026-08-20 13:34:55 | RIESGO | BAG no cerró (2 pata/s viva/s) — cierre por patas al MID
=== NOTIF === 2026-08-20 13:34:55 | ORDEN | CIERRE MERCADO SPY C 763 x1
2026-08-20 13:34:55 | DATA   | IBKR desconectado
2026-08-20 13:35:00 | DATA   | backfill SPY 120 S 1 min useRTH=False
=== NOTIF === 2026-08-20 13:35:04 | ORDEN | CIERRE MERCADO SPY C 761 x1
2026-08-20 13:35:04 | DATA   | cadena 20260820: 82 contratos (ITM+OTM C/P) capturados y cancelados (spot 764.61)
2026-08-20 13:35:04 | DATA   | cadena persistida 2026-08-20 13:35: 82 filas (fuente=live)
=== NOTIF === 2026-08-20 13:35:04 | RIESGO | SYNC 13:35: IBKR tiene 1 pata(s) 0DTE y el sistema se creía PLANO — adoptando
=== NOTIF === 2026-08-20 13:35:04 | RIESGO | ⚠️ 1 pata(s) 0DTE abiertas en IBKR SIN operación abierta en la BD — no se reconstruye; revisar y cerrar a mano
=== NOTIF === 2026-08-20 13:35:15 | ORDEN | COMPRA VERTICAL SPY C L=760/S=762 x1 débito<=1.90
=== NOTIF === 2026-08-20 13:35:39 | ORDEN | COMPRA VERTICAL SPY C L=760/S=763 x1 débito<=2.83
2026-08-20 13:36:00 | DATA   | backfill SPY 120 S 1 min useRTH=False
2026-08-20 13:36:04 | DATA   | cadena 20260820: 82 contratos (ITM+OTM C/P) capturados y cancelados (spot 764.65)
2026-08-20 13:36:04 | DATA   | cadena persistida 2026-08-20 13:36: 82 filas (fuente=live)
2026-08-20 13:36:08 | DATA   | cadena 20260820: 98 contratos (ITM+OTM C/P) capturados y cancelados (spot 764.65)
2026-08-20 13:36:15 | DATA   | cadena 20260820: 98 contratos (ITM+OTM C/P) capturados y cancelados (spot 764.65)
=== NOTIF === 2026-08-20 13:36:21 | ORDEN | COMPRA VERTICAL SPY C L=760/S=764 x1 débito<=3.60
2026-08-20 13:36:48 | DATA   | cadena 20260820: 98 contratos (ITM+OTM C/P) capturados y cancelados (spot 764.65)
2026-08-20 13:36:55 | DATA   | cadena 20260820: 98 contratos (ITM+OTM C/P) capturados y cancelados (spot 764.65)
=== NOTIF === 2026-08-20 13:37:01 | ORDEN | COMPRA VERTICAL SPY P L=760/S=758 x1 débito<=0.01
2026-08-20 13:37:04 | DATA   | backfill SPY 120 S 1 min useRTH=False
2026-08-20 13:37:09 | DATA   | cadena 20260820: 82 contratos (ITM+OTM C/P) capturados y cancelados (spot 764.57)
2026-08-20 13:37:09 | DATA   | cadena persistida 2026-08-20 13:37: 82 filas (fuente=live)
=== NOTIF === 2026-08-20 13:37:26 | ORDEN | COMPRA VERTICAL SPY P L=760/S=757 x1 débito<=0.02
=== NOTIF === 2026-08-20 13:37:51 | ORDEN | COMPRA VERTICAL SPY P L=760/S=756 x1 débito<=0.03
2026-08-20 13:38:04 | DATA   | backfill SPY 120 S 1 min useRTH=False
2026-08-20 13:38:08 | DATA   | cadena 20260820: 82 contratos (ITM+OTM C/P) capturados y cancelados (spot 764.43)
2026-08-20 13:38:08 | DATA   | cadena persistida 2026-08-20 13:38: 82 filas (fuente=live)
=== NOTIF === 2026-08-20 13:38:15 | ORDEN | COMPRA VERTICAL SPY P L=762/S=760 x1 débito<=0.10
=== NOTIF === 2026-08-20 13:38:40 | ORDEN | COMPRA VERTICAL SPY P L=762/S=759 x1 débito<=0.12
2026-08-20 13:38:47 | DATA   | cadena 20260820: 14 contratos (ITM+OTM C/P) capturados y cancelados (spot 764.65)
=== NOTIF === 2026-08-20 13:38:50 | RIESGO | BAG no cerró (2 pata/s viva/s) — cierre por patas al MID
=== NOTIF === 2026-08-20 13:38:50 | ORDEN | CIERRE MERCADO SPY P 759 x1
=== NOTIF === 2026-08-20 13:38:58 | ORDEN | CIERRE MERCADO SPY P 762 x1
2026-08-20 13:39:04 | DATA   | backfill SPY 120 S 1 min useRTH=False
2026-08-20 13:39:08 | DATA   | cadena 20260820: 82 contratos (ITM+OTM C/P) capturados y cancelados (spot 764.50)
2026-08-20 13:39:08 | DATA   | cadena persistida 2026-08-20 13:39: 82 filas (fuente=live)
=== NOTIF === 2026-08-20 13:39:11 | ORDEN | COMPRA VERTICAL SPY P L=762/S=758 x1 débito<=0.10
2026-08-20 13:39:18 | DATA   | cadena 20260820: 14 contratos (ITM+OTM C/P) capturados y cancelados (spot 764.65)
=== NOTIF === 2026-08-20 13:39:22 | RIESGO | BAG no cerró (2 pata/s viva/s) — cierre por patas al MID
=== NOTIF === 2026-08-20 13:39:22 | ORDEN | CIERRE MERCADO SPY P 758 x1
=== NOTIF === 2026-08-20 13:39:30 | ORDEN | CIERRE MERCADO SPY P 762 x1
2026-08-20 13:39:43 | DATA   | cadena 20260820: 98 contratos (ITM+OTM C/P) capturados y cancelados (spot 764.50)
2026-08-20 13:39:51 | DATA   | cadena 20260820: 98 contratos (ITM+OTM C/P) capturados y cancelados (spot 764.50)
2026-08-20 13:39:55 | DATA   | IBKR conectando a 127.0.0.1:4002 clientId=35
=== NOTIF === 2026-08-20 13:39:55 | IBKR | IBKR conectado (paper 4002)
2026-08-20 13:39:56 | DATA   | IBKR desconectado
=== NOTIF === 2026-08-20 13:39:57 | ORDEN | COMPRA VERTICAL SPY P L=762/S=760 x1 débito<=0.09
2026-08-20 13:40:03 | DATA   | backfill SPY 120 S 1 min useRTH=False
2026-08-20 13:40:08 | DATA   | cadena 20260820: 82 contratos (ITM+OTM C/P) capturados y cancelados (spot 764.48)
2026-08-20 13:40:08 | DATA   | cadena persistida 2026-08-20 13:40: 82 filas (fuente=live)
=== NOTIF === 2026-08-20 13:40:21 | ORDEN | COMPRA VERTICAL SPY P L=762/S=759 x1 débito<=0.10
=== NOTIF === 2026-08-20 13:40:46 | ORDEN | COMPRA VERTICAL SPY P L=762/S=758 x1 débito<=0.12
2026-08-20 13:41:03 | DATA   | backfill SPY 120 S 1 min useRTH=False
2026-08-20 13:41:08 | DATA   | cadena 20260820: 82 contratos (ITM+OTM C/P) capturados y cancelados (spot 764.37)
2026-08-20 13:41:08 | DATA   | cadena persistida 2026-08-20 13:41: 82 filas (fuente=live)
=== NOTIF === 2026-08-20 13:41:12 | ORDEN | COMPRA VERTICAL SPY P L=764/S=762 x1 débito<=0.42
2026-08-20 13:41:28 | DATA   | cadena 20260820: 14 contratos (ITM+OTM C/P) capturados y cancelados (spot 764.50)
=== NOTIF === 2026-08-20 13:41:32 | RIESGO | BAG no cerró (2 pata/s viva/s) — cierre por patas al MID
=== NOTIF === 2026-08-20 13:41:32 | ORDEN | CIERRE MERCADO SPY P 762 x1
=== NOTIF === 2026-08-20 13:41:40 | ORDEN | CIERRE MERCADO SPY P 764 x1
=== NOTIF === 2026-08-20 13:41:51 | ORDEN | COMPRA VERTICAL SPY P L=764/S=761 x1 débito<=0.51
2026-08-20 13:42:03 | DATA   | backfill SPY 120 S 1 min useRTH=False
2026-08-20 13:42:07 | DATA   | cadena 20260820: 82 contratos (ITM+OTM C/P) capturados y cancelados (spot 764.31)
2026-08-20 13:42:07 | DATA   | cadena persistida 2026-08-20 13:42: 82 filas (fuente=live)
=== NOTIF === 2026-08-20 13:42:15 | ORDEN | COMPRA VERTICAL SPY P L=764/S=760 x1 débito<=0.59
2026-08-20 13:42:19 | DATA   | cadena 20260820: 14 contratos (ITM+OTM C/P) capturados y cancelados (spot 764.50)
=== NOTIF === 2026-08-20 13:42:23 | RIESGO | BAG no cerró (2 pata/s viva/s) — cierre por patas al MID
=== NOTIF === 2026-08-20 13:42:23 | ORDEN | CIERRE MERCADO SPY P 760 x1
=== NOTIF === 2026-08-20 13:42:31 | ORDEN | CIERRE MERCADO SPY P 764 x1
2026-08-20 13:42:45 | DATA   | cadena 20260820: 98 contratos (ITM+OTM C/P) capturados y cancelados (spot 764.31)
2026-08-20 13:42:52 | DATA   | cadena 20260820: 98 contratos (ITM+OTM C/P) capturados y cancelados (spot 764.31)
2026-08-20 13:42:59 | DATA   | cadena 20260820: 98 contratos (ITM+OTM C/P) capturados y cancelados (spot 764.31)
2026-08-20 13:43:03 | DATA   | backfill SPY 120 S 1 min useRTH=False
2026-08-20 13:43:07 | DATA   | cadena 20260820: 98 contratos (ITM+OTM C/P) capturados y cancelados (spot 764.31)
2026-08-20 13:43:09 | DATA   | cadena 20260820: 82 contratos (ITM+OTM C/P) capturados y cancelados (spot 764.35)
2026-08-20 13:43:09 | DATA   | cadena persistida 2026-08-20 13:43: 82 filas (fuente=live)
2026-08-20 13:43:18 | DATA   | cadena 20260820: 98 contratos (ITM+OTM C/P) capturados y cancelados (spot 764.35)
2026-08-20 13:43:25 | DATA   | cadena 20260820: 98 contratos (ITM+OTM C/P) capturados y cancelados (spot 764.35)
=== NOTIF === 2026-08-20 13:43:31 | ORDEN | COMPRA VERTICAL SPY P L=764/S=760 x1 débito<=0.56
=== NOTIF === 2026-08-20 13:43:56 | ORDEN | COMPRA VERTICAL SPY C L=762/S=764 x1 débito<=1.55
2026-08-20 13:44:04 | DATA   | backfill SPY 120 S 1 min useRTH=False
2026-08-20 13:44:08 | DATA   | cadena 20260820: 82 contratos (ITM+OTM C/P) capturados y cancelados (spot 764.29)
2026-08-20 13:44:08 | DATA   | cadena persistida 2026-08-20 13:44: 82 filas (fuente=live)
=== NOTIF === 2026-08-20 13:44:21 | ORDEN | COMPRA VERTICAL SPY C L=761/S=763 x1 débito<=1.79
=== NOTIF === 2026-08-20 13:44:45 | ORDEN | COMPRA VERTICAL SPY C L=761/S=764 x1 débito<=2.53
2026-08-20 13:44:56 | DATA   | IBKR conectando a 127.0.0.1:4002 clientId=35
=== NOTIF === 2026-08-20 13:44:56 | IBKR | IBKR conectado (paper 4002)
2026-08-20 13:44:56 | DATA   | IBKR desconectado
2026-08-20 13:45:04 | DATA   | backfill SPY 120 S 1 min useRTH=False
2026-08-20 13:45:08 | DATA   | cadena 20260820: 82 contratos (ITM+OTM C/P) capturados y cancelados (spot 764.45)
2026-08-20 13:45:08 | DATA   | cadena persistida 2026-08-20 13:45: 82 filas (fuente=live)
=== NOTIF === 2026-08-20 13:45:10 | ORDEN | COMPRA VERTICAL SPY C L=760/S=762 x1 débito<=1.88
=== NOTIF === 2026-08-20 13:45:35 | ORDEN | COMPRA VERTICAL SPY C L=760/S=763 x1 débito<=2.79
2026-08-20 13:46:01 | DATA   | backfill SPY 120 S 1 min useRTH=False
2026-08-20 13:46:06 | DATA   | cadena 20260820: 98 contratos (ITM+OTM C/P) capturados y cancelados (spot 764.45)
2026-08-20 13:46:14 | DATA   | cadena 20260820: 98 contratos (ITM+OTM C/P) capturados y cancelados (spot 764.45)
2026-08-20 13:46:14 | DATA   | cadena 20260820: 82 contratos (ITM+OTM C/P) capturados y cancelados (spot 764.58)
2026-08-20 13:46:14 | DATA   | cadena persistida 2026-08-20 13:46: 82 filas (fuente=live)
2026-08-20 13:46:24 | DATA   | cadena 20260820: 98 contratos (ITM+OTM C/P) capturados y cancelados (spot 764.58)
2026-08-20 13:46:31 | DATA   | cadena 20260820: 98 contratos (ITM+OTM C/P) capturados y cancelados (spot 764.58)
=== NOTIF === 2026-08-20 13:46:37 | ORDEN | COMPRA VERTICAL SPY C L=760/S=762 x1 débito<=1.92
=== NOTIF === 2026-08-20 13:47:02 | ORDEN | COMPRA VERTICAL SPY C L=760/S=763 x1 débito<=2.83
2026-08-20 13:47:04 | DATA   | backfill SPY 120 S 1 min useRTH=False
2026-08-20 13:47:09 | DATA   | cadena 20260820: 82 contratos (ITM+OTM C/P) capturados y cancelados (spot 764.66)
2026-08-20 13:47:09 | DATA   | cadena persistida 2026-08-20 13:47: 82 filas (fuente=live)
2026-08-20 13:47:29 | DATA   | cadena 20260820: 98 contratos (ITM+OTM C/P) capturados y cancelados (spot 764.66)
2026-08-20 13:47:36 | DATA   | cadena 20260820: 98 contratos (ITM+OTM C/P) capturados y cancelados (spot 764.66)
=== NOTIF === 2026-08-20 13:47:42 | ORDEN | COMPRA VERTICAL SPY P L=760/S=758 x1 débito<=0.02
2026-08-20 13:48:04 | DATA   | backfill SPY 120 S 1 min useRTH=False
2026-08-20 13:48:05 | DATA   | cadena 20260820: 14 contratos (ITM+OTM C/P) capturados y cancelados (spot 764.66)
2026-08-20 13:48:09 | DATA   | cadena 20260820: 82 contratos (ITM+OTM C/P) capturados y cancelados (spot 764.72)
2026-08-20 13:48:09 | DATA   | cadena persistida 2026-08-20 13:48: 82 filas (fuente=live)
=== NOTIF === 2026-08-20 13:48:09 | RIESGO | SYNC 13:48: IBKR tiene 2 pata(s) 0DTE y el sistema se creía PLANO — adoptando
=== NOTIF === 2026-08-20 13:48:09 | RIESGO | ⚠️ 2 pata(s) 0DTE abiertas en IBKR SIN operación abierta en la BD — no se reconstruye; revisar y cerrar a mano
=== NOTIF === 2026-08-20 13:48:09 | RIESGO | BAG no cerró (2 pata/s viva/s) — cierre por patas al MID
=== NOTIF === 2026-08-20 13:48:10 | ORDEN | CIERRE MERCADO SPY P 758 x1
=== NOTIF === 2026-08-20 13:48:18 | ORDEN | CIERRE MERCADO SPY P 760 x1
=== NOTIF === 2026-08-20 13:48:29 | ORDEN | COMPRA VERTICAL SPY P L=760/S=757 x1 débito<=0.01
=== NOTIF === 2026-08-20 13:48:53 | ORDEN | COMPRA VERTICAL SPY P L=760/S=756 x1 débito<=0.01
2026-08-20 13:49:04 | DATA   | backfill SPY 120 S 1 min useRTH=False
2026-08-20 13:49:09 | DATA   | cadena 20260820: 82 contratos (ITM+OTM C/P) capturados y cancelados (spot 764.75)
2026-08-20 13:49:09 | DATA   | cadena persistida 2026-08-20 13:49: 82 filas (fuente=live)
=== NOTIF === 2026-08-20 13:49:18 | ORDEN | COMPRA VERTICAL SPY P L=762/S=760 x1 débito<=0.05
=== NOTIF === 2026-08-20 13:49:43 | ORDEN | COMPRA VERTICAL SPY P L=762/S=759 x1 débito<=0.06
2026-08-20 13:49:59 | DATA   | IBKR conectando a 127.0.0.1:4002 clientId=35
=== NOTIF === 2026-08-20 13:50:00 | IBKR | IBKR conectado (paper 4002)
2026-08-20 13:50:00 | DATA   | IBKR desconectado
2026-08-20 13:50:04 | DATA   | backfill SPY 120 S 1 min useRTH=False
2026-08-20 13:50:08 | DATA   | cadena 20260820: 82 contratos (ITM+OTM C/P) capturados y cancelados (spot 764.72)
2026-08-20 13:50:08 | DATA   | cadena persistida 2026-08-20 13:50: 82 filas (fuente=live)
=== NOTIF === 2026-08-20 13:50:08 | ORDEN | COMPRA VERTICAL SPY P L=762/S=758 x1 débito<=0.07
2026-08-20 13:50:27 | DATA   | cadena 20260820: 14 contratos (ITM+OTM C/P) capturados y cancelados (spot 764.66)
=== NOTIF === 2026-08-20 13:50:30 | RIESGO | BAG no cerró (2 pata/s viva/s) — cierre por patas al MID
=== NOTIF === 2026-08-20 13:50:30 | ORDEN | CIERRE MERCADO SPY P 758 x1
=== NOTIF === 2026-08-20 13:50:38 | ORDEN | CIERRE MERCADO SPY P 762 x1
2026-08-20 13:50:51 | DATA   | cadena 20260820: 98 contratos (ITM+OTM C/P) capturados y cancelados (spot 764.72)
2026-08-20 13:50:59 | DATA   | cadena 20260820: 98 contratos (ITM+OTM C/P) capturados y cancelados (spot 764.72)
2026-08-20 13:51:03 | DATA   | backfill SPY 120 S 1 min useRTH=False
=== NOTIF === 2026-08-20 13:51:06 | ORDEN | COMPRA VERTICAL SPY P L=763/S=761 x1 débito<=0.11
2026-08-20 13:51:08 | DATA   | cadena 20260820: 82 contratos (ITM+OTM C/P) capturados y cancelados (spot 764.95)
2026-08-20 13:51:08 | DATA   | cadena persistida 2026-08-20 13:51: 82 filas (fuente=live)
=== NOTIF === 2026-08-20 13:51:31 | ORDEN | COMPRA VERTICAL SPY C L=767/S=770 x1 débito<=0.08
=== NOTIF === 2026-08-20 13:51:55 | ORDEN | COMPRA VERTICAL SPY P L=763/S=760 x1 débito<=0.13
2026-08-20 13:52:03 | DATA   | backfill SPY 120 S 1 min useRTH=False
2026-08-20 13:52:07 | DATA   | cadena 20260820: 82 contratos (ITM+OTM C/P) capturados y cancelados (spot 764.91)
2026-08-20 13:52:07 | DATA   | cadena persistida 2026-08-20 13:52: 82 filas (fuente=live)
=== NOTIF === 2026-08-20 13:52:20 | ORDEN | COMPRA VERTICAL SPY C L=767/S=771 x1 débito<=0.07
=== NOTIF === 2026-08-20 13:52:44 | ORDEN | COMPRA VERTICAL SPY P L=763/S=759 x1 débito<=0.14
2026-08-20 13:53:03 | DATA   | backfill SPY 120 S 1 min useRTH=False
2026-08-20 13:53:07 | DATA   | cadena 20260820: 82 contratos (ITM+OTM C/P) capturados y cancelados (spot 764.82)
2026-08-20 13:53:07 | DATA   | cadena persistida 2026-08-20 13:53: 82 filas (fuente=live)
=== NOTIF === 2026-08-20 13:53:10 | ORDEN | COMPRA VERTICAL SPY C L=766/S=768 x1 débito<=0.18
2026-08-20 13:53:36 | DATA   | cadena 20260820: 98 contratos (ITM+OTM C/P) capturados y cancelados (spot 764.82)
2026-08-20 13:53:44 | DATA   | cadena 20260820: 98 contratos (ITM+OTM C/P) capturados y cancelados (spot 764.82)
2026-08-20 13:53:51 | DATA   | cadena 20260820: 98 contratos (ITM+OTM C/P) capturados y cancelados (spot 764.82)
=== NOTIF === 2026-08-20 13:53:57 | ORDEN | COMPRA VERTICAL SPY P L=764/S=761 x1 débito<=0.31
2026-08-20 13:54:02 | DATA   | backfill SPY 120 S 1 min useRTH=False
2026-08-20 13:54:07 | DATA   | cadena 20260820: 82 contratos (ITM+OTM C/P) capturados y cancelados (spot 764.84)
2026-08-20 13:54:07 | DATA   | cadena persistida 2026-08-20 13:54: 82 filas (fuente=live)
=== NOTIF === 2026-08-20 13:54:22 | ORDEN | COMPRA VERTICAL SPY P L=764/S=760 x1 débito<=0.34
2026-08-20 13:54:27 | DATA   | cadena 20260820: 14 contratos (ITM+OTM C/P) capturados y cancelados (spot 764.82)
=== NOTIF === 2026-08-20 13:54:30 | RIESGO | BAG no cerró (2 pata/s viva/s) — cierre por patas al MID
=== NOTIF === 2026-08-20 13:54:30 | ORDEN | CIERRE MERCADO SPY P 760 x1
=== NOTIF === 2026-08-20 13:54:38 | ORDEN | CIERRE MERCADO SPY P 764 x1
=== NOTIF === 2026-08-20 13:54:49 | ORDEN | COMPRA VERTICAL SPY P L=765/S=763 x1 débito<=0.61
2026-08-20 13:54:58 | DATA   | cadena 20260820: 14 contratos (ITM+OTM C/P) capturados y cancelados (spot 764.82)
2026-08-20 13:55:00 | DATA   | IBKR conectando a 127.0.0.1:4002 clientId=35
=== NOTIF === 2026-08-20 13:55:00 | IBKR | IBKR conectado (paper 4002)
2026-08-20 13:55:00 | DATA   | IBKR desconectado
=== NOTIF === 2026-08-20 13:55:02 | RIESGO | BAG no cerró (2 pata/s viva/s) — cierre por patas al MID
=== NOTIF === 2026-08-20 13:55:02 | ORDEN | CIERRE MERCADO SPY P 763 x1
2026-08-20 13:55:02 | DATA   | backfill SPY 120 S 1 min useRTH=False
2026-08-20 13:55:07 | DATA   | cadena 20260820: 82 contratos (ITM+OTM C/P) capturados y cancelados (spot 764.77)
2026-08-20 13:55:07 | DATA   | cadena persistida 2026-08-20 13:55: 82 filas (fuente=live)
=== NOTIF === 2026-08-20 13:55:07 | RIESGO | SYNC 13:55: IBKR tiene 1 pata(s) 0DTE y el sistema se creía PLANO — adoptando
=== NOTIF === 2026-08-20 13:55:07 | RIESGO | ⚠️ 1 pata(s) 0DTE abiertas en IBKR SIN operación abierta en la BD — no se reconstruye; revisar y cerrar a mano
=== NOTIF === 2026-08-20 13:55:10 | ORDEN | CIERRE MERCADO SPY P 765 x1
=== NOTIF === 2026-08-20 13:55:21 | ORDEN | COMPRA VERTICAL SPY P L=765/S=762 x1 débito<=0.75
2026-08-20 13:55:25 | DATA   | cadena 20260820: 14 contratos (ITM+OTM C/P) capturados y cancelados (spot 764.82)
=== NOTIF === 2026-08-20 13:55:29 | RIESGO | BAG no cerró (2 pata/s viva/s) — cierre por patas al MID
=== NOTIF === 2026-08-20 13:55:29 | ORDEN | CIERRE MERCADO SPY P 762 x1
=== NOTIF === 2026-08-20 13:55:37 | ORDEN | CIERRE MERCADO SPY P 765 x1
=== NOTIF === 2026-08-20 13:55:47 | ORDEN | COMPRA VERTICAL SPY P L=765/S=761 x1 débito<=0.79
2026-08-20 13:55:52 | DATA   | cadena 20260820: 14 contratos (ITM+OTM C/P) capturados y cancelados (spot 764.82)
=== NOTIF === 2026-08-20 13:55:56 | RIESGO | BAG no cerró (2 pata/s viva/s) — cierre por patas al MID
=== NOTIF === 2026-08-20 13:55:56 | ORDEN | CIERRE MERCADO SPY P 761 x1
2026-08-20 13:56:02 | DATA   | backfill SPY 120 S 1 min useRTH=False
=== NOTIF === 2026-08-20 13:56:04 | ORDEN | CIERRE MERCADO SPY P 765 x1
2026-08-20 13:56:06 | DATA   | cadena 20260820: 82 contratos (ITM+OTM C/P) capturados y cancelados (spot 764.74)
2026-08-20 13:56:06 | DATA   | cadena persistida 2026-08-20 13:56: 82 filas (fuente=live)
=== NOTIF === 2026-08-20 13:56:15 | ORDEN | COMPRA VERTICAL SPY C L=763/S=765 x1 débito<=1.39
2026-08-20 13:56:20 | DATA   | cadena 20260820: 14 contratos (ITM+OTM C/P) capturados y cancelados (spot 764.82)
=== NOTIF === 2026-08-20 13:56:24 | RIESGO | BAG no cerró (2 pata/s viva/s) — cierre por patas al MID
=== NOTIF === 2026-08-20 13:56:24 | ORDEN | CIERRE MERCADO SPY C 765 x1
=== NOTIF === 2026-08-20 13:56:32 | ORDEN | CIERRE MERCADO SPY C 763 x1
2026-08-20 13:56:45 | DATA   | cadena 20260820: 98 contratos (ITM+OTM C/P) capturados y cancelados (spot 764.74)
2026-08-20 13:56:52 | DATA   | cadena 20260820: 98 contratos (ITM+OTM C/P) capturados y cancelados (spot 764.74)
2026-08-20 13:57:00 | DATA   | cadena 20260820: 98 contratos (ITM+OTM C/P) capturados y cancelados (spot 764.74)
2026-08-20 13:57:01 | DATA   | backfill SPY 120 S 1 min useRTH=False
2026-08-20 13:57:08 | DATA   | cadena 20260820: 82 contratos (ITM+OTM C/P) capturados y cancelados (spot 764.79)
2026-08-20 13:57:08 | DATA   | cadena persistida 2026-08-20 13:57: 82 filas (fuente=live)
2026-08-20 13:57:08 | DATA   | cadena 20260820: 98 contratos (ITM+OTM C/P) capturados y cancelados (spot 764.74)
2026-08-20 13:57:18 | DATA   | cadena 20260820: 98 contratos (ITM+OTM C/P) capturados y cancelados (spot 764.79)
2026-08-20 13:57:26 | DATA   | cadena 20260820: 98 contratos (ITM+OTM C/P) capturados y cancelados (spot 764.79)
=== NOTIF === 2026-08-20 13:57:32 | ORDEN | COMPRA VERTICAL SPY C L=762/S=764 x1 débito<=1.70
=== NOTIF === 2026-08-20 13:57:56 | ORDEN | COMPRA VERTICAL SPY C L=761/S=763 x1 débito<=1.86
2026-08-20 13:58:03 | DATA   | backfill SPY 120 S 1 min useRTH=False
2026-08-20 13:58:08 | DATA   | cadena 20260820: 82 contratos (ITM+OTM C/P) capturados y cancelados (spot 764.81)
2026-08-20 13:58:08 | DATA   | cadena persistida 2026-08-20 13:58: 82 filas (fuente=live)
=== NOTIF === 2026-08-20 13:58:21 | ORDEN | COMPRA VERTICAL SPY C L=761/S=764 x1 débito<=2.69
=== NOTIF === 2026-08-20 13:58:45 | ORDEN | COMPRA VERTICAL SPY C L=760/S=762 x1 débito<=1.96
2026-08-20 13:59:03 | DATA   | backfill SPY 120 S 1 min useRTH=False
2026-08-20 13:59:08 | DATA   | cadena 20260820: 82 contratos (ITM+OTM C/P) capturados y cancelados (spot 764.68)
2026-08-20 13:59:08 | DATA   | cadena persistida 2026-08-20 13:59: 82 filas (fuente=live)
=== NOTIF === 2026-08-20 13:59:11 | ORDEN | COMPRA VERTICAL SPY C L=760/S=763 x1 débito<=2.83
=== NOTIF === 2026-08-20 13:59:35 | ORDEN | COMPRA VERTICAL SPY C L=760/S=764 x1 débito<=3.65
2026-08-20 13:59:59 | DATA   | cadena 20260820: 14 contratos (ITM+OTM C/P) capturados y cancelados (spot 764.79)
2026-08-20 14:00:00 | DATA   | IBKR conectando a 127.0.0.1:4002 clientId=35
=== NOTIF === 2026-08-20 14:00:01 | IBKR | IBKR conectado (paper 4002)
2026-08-20 14:00:01 | DATA   | IBKR desconectado
=== NOTIF === 2026-08-20 14:00:02 | RIESGO | BAG no cerró (2 pata/s viva/s) — cierre por patas al MID
=== NOTIF === 2026-08-20 14:00:02 | ORDEN | CIERRE MERCADO SPY C 764 x1
2026-08-20 14:00:03 | DATA   | backfill SPY 120 S 1 min useRTH=False
2026-08-20 14:00:07 | DATA   | cadena 20260820: 82 contratos (ITM+OTM C/P) capturados y cancelados (spot 764.54)
2026-08-20 14:00:07 | DATA   | cadena persistida 2026-08-20 14:00: 82 filas (fuente=live)
=== NOTIF === 2026-08-20 14:00:07 | RIESGO | SYNC 14:00: IBKR tiene 1 pata(s) 0DTE y el sistema se creía PLANO — adoptando
=== NOTIF === 2026-08-20 14:00:07 | RIESGO | ⚠️ 1 pata(s) 0DTE abiertas en IBKR SIN operación abierta en la BD — no se reconstruye; revisar y cerrar a mano
=== NOTIF === 2026-08-20 14:00:10 | ORDEN | CIERRE MERCADO SPY C 760 x1
2026-08-20 14:00:23 | DATA   | cadena 20260820: 98 contratos (ITM+OTM C/P) capturados y cancelados (spot 764.54)
2026-08-20 14:00:31 | DATA   | cadena 20260820: 98 contratos (ITM+OTM C/P) capturados y cancelados (spot 764.54)
2026-08-20 14:00:38 | DATA   | cadena 20260820: 98 contratos (ITM+OTM C/P) capturados y cancelados (spot 764.54)
2026-08-20 14:00:45 | DATA   | cadena 20260820: 98 contratos (ITM+OTM C/P) capturados y cancelados (spot 764.54)
=== NOTIF === 2026-08-20 14:00:51 | ORDEN | COMPRA VERTICAL SPY P L=760/S=758 x1 débito<=0.02
2026-08-20 14:01:02 | DATA   | backfill SPY 120 S 1 min useRTH=False
2026-08-20 14:01:07 | DATA   | cadena 20260820: 82 contratos (ITM+OTM C/P) capturados y cancelados (spot 764.36)
2026-08-20 14:01:07 | DATA   | cadena persistida 2026-08-20 14:01: 82 filas (fuente=live)
=== NOTIF === 2026-08-20 14:01:16 | ORDEN | COMPRA VERTICAL SPY P L=760/S=757 x1 débito<=0.02
=== NOTIF === 2026-08-20 14:01:41 | ORDEN | COMPRA VERTICAL SPY P L=760/S=756 x1 débito<=0.02
2026-08-20 14:02:02 | DATA   | backfill SPY 120 S 1 min useRTH=False
2026-08-20 14:02:07 | DATA   | cadena 20260820: 82 contratos (ITM+OTM C/P) capturados y cancelados (spot 764.27)
2026-08-20 14:02:07 | DATA   | cadena persistida 2026-08-20 14:02: 82 filas (fuente=live)
=== NOTIF === 2026-08-20 14:02:07 | ORDEN | COMPRA VERTICAL SPY P L=762/S=760 x1 débito<=0.10
=== NOTIF === 2026-08-20 14:02:32 | ORDEN | COMPRA VERTICAL SPY P L=762/S=759 x1 débito<=0.12
=== NOTIF === 2026-08-20 14:02:58 | ORDEN | COMPRA VERTICAL SPY P L=762/S=758 x1 débito<=0.16
2026-08-20 14:03:02 | DATA   | backfill SPY 120 S 1 min useRTH=False
2026-08-20 14:03:03 | DATA   | cadena 20260820: 14 contratos (ITM+OTM C/P) capturados y cancelados (spot 764.54)
2026-08-20 14:03:07 | DATA   | cadena 20260820: 82 contratos (ITM+OTM C/P) capturados y cancelados (spot 764.05)
2026-08-20 14:03:07 | DATA   | cadena persistida 2026-08-20 14:03: 82 filas (fuente=live)
=== NOTIF === 2026-08-20 14:03:07 | RIESGO | SYNC 14:03: IBKR tiene 2 pata(s) 0DTE y el sistema se creía PLANO — adoptando
=== NOTIF === 2026-08-20 14:03:07 | RIESGO | ⚠️ 2 pata(s) 0DTE abiertas en IBKR SIN operación abierta en la BD — no se reconstruye; revisar y cerrar a mano
=== NOTIF === 2026-08-20 14:03:07 | RIESGO | BAG no cerró (2 pata/s viva/s) — cierre por patas al MID
=== NOTIF === 2026-08-20 14:03:08 | ORDEN | CIERRE MERCADO SPY P 758 x1
=== NOTIF === 2026-08-20 14:03:16 | ORDEN | CIERRE MERCADO SPY P 762 x1
2026-08-20 14:03:29 | DATA   | cadena 20260820: 98 contratos (ITM+OTM C/P) capturados y cancelados (spot 764.05)
2026-08-20 14:03:36 | DATA   | cadena 20260820: 98 contratos (ITM+OTM C/P) capturados y cancelados (spot 764.05)
=== NOTIF === 2026-08-20 14:03:42 | ORDEN | COMPRA VERTICAL SPY P L=762/S=760 x1 débito<=0.11
2026-08-20 14:04:02 | DATA   | backfill SPY 120 S 1 min useRTH=False
2026-08-20 14:04:06 | DATA   | cadena 20260820: 82 contratos (ITM+OTM C/P) capturados y cancelados (spot 764.11)
2026-08-20 14:04:06 | DATA   | cadena persistida 2026-08-20 14:04: 82 filas (fuente=live)
=== NOTIF === 2026-08-20 14:04:07 | ORDEN | COMPRA VERTICAL SPY P L=762/S=759 x1 débito<=0.14
2026-08-20 14:04:29 | DATA   | cadena 20260820: 14 contratos (ITM+OTM C/P) capturados y cancelados (spot 764.05)
=== NOTIF === 2026-08-20 14:04:56 | RIESGO | BAG no cerró (2 pata/s viva/s) — cierre por patas al MID
=== NOTIF === 2026-08-20 14:04:56 | ORDEN | CIERRE MERCADO SPY P 759 x1
2026-08-20 14:05:01 | DATA   | IBKR conectando a 127.0.0.1:4002 clientId=35
=== NOTIF === 2026-08-20 14:05:01 | IBKR | IBKR conectado (paper 4002)
2026-08-20 14:05:01 | DATA   | IBKR desconectado
2026-08-20 14:05:01 | DATA   | backfill SPY 120 S 1 min useRTH=False
=== NOTIF === 2026-08-20 14:05:06 | ORDEN | CIERRE MERCADO SPY P 762 x1
2026-08-20 14:05:06 | DATA   | cadena 20260820: 82 contratos (ITM+OTM C/P) capturados y cancelados (spot 764.10)
2026-08-20 14:05:06 | DATA   | cadena persistida 2026-08-20 14:05: 82 filas (fuente=live)
=== NOTIF === 2026-08-20 14:05:06 | RIESGO | SYNC 14:05: IBKR tiene 1 pata(s) 0DTE y el sistema se creía PLANO — adoptando
=== NOTIF === 2026-08-20 14:05:06 | RIESGO | ⚠️ 1 pata(s) 0DTE abiertas en IBKR SIN operación abierta en la BD — no se reconstruye; revisar y cerrar a mano
=== NOTIF === 2026-08-20 14:05:16 | ORDEN | COMPRA VERTICAL SPY P L=762/S=758 x1 débito<=0.15
=== NOTIF === 2026-08-20 14:05:41 | ORDEN | COMPRA VERTICAL SPY C L=760/S=762 x1 débito<=1.90
2026-08-20 14:05:58 | DATA   | cadena 20260820: 14 contratos (ITM+OTM C/P) capturados y cancelados (spot 764.05)
=== NOTIF === 2026-08-20 14:06:01 | RIESGO | BAG no cerró (2 pata/s viva/s) — cierre por patas al MID
2026-08-20 14:06:01 | DATA   | backfill SPY 120 S 1 min useRTH=False
=== NOTIF === 2026-08-20 14:06:01 | ORDEN | CIERRE MERCADO SPY C 762 x1
2026-08-20 14:06:06 | DATA   | cadena 20260820: 82 contratos (ITM+OTM C/P) capturados y cancelados (spot 763.86)
2026-08-20 14:06:06 | DATA   | cadena persistida 2026-08-20 14:06: 82 filas (fuente=live)
=== NOTIF === 2026-08-20 14:06:06 | RIESGO | SYNC 14:06: IBKR tiene 1 pata(s) 0DTE y el sistema se creía PLANO — adoptando
=== NOTIF === 2026-08-20 14:06:06 | RIESGO | ⚠️ 1 pata(s) 0DTE abiertas en IBKR SIN operación abierta en la BD — no se reconstruye; revisar y cerrar a mano
=== NOTIF === 2026-08-20 14:06:06 | ARRANQUE | RECALIBRA 14:06: saldo=591 nivel 6->5 tope 110->90 unidades 1->1 (ancho FIJO 2)
=== NOTIF === 2026-08-20 14:06:10 | ORDEN | CIERRE MERCADO SPY C 760 x1
=== NOTIF === 2026-08-20 14:06:20 | ORDEN | COMPRA VERTICAL SPY C L=759/S=761 x1 débito<=1.86
=== NOTIF === 2026-08-20 14:06:45 | ORDEN | COMPRA VERTICAL SPY C L=759/S=762 x1 débito<=2.85
2026-08-20 14:07:01 | DATA   | backfill SPY 120 S 1 min useRTH=False
2026-08-20 14:07:06 | DATA   | cadena 20260820: 82 contratos (ITM+OTM C/P) capturados y cancelados (spot 763.80)
2026-08-20 14:07:06 | DATA   | cadena persistida 2026-08-20 14:07: 82 filas (fuente=live)
2026-08-20 14:07:12 | DATA   | cadena 20260820: 98 contratos (ITM+OTM C/P) capturados y cancelados (spot 763.80)
=== NOTIF === 2026-08-20 14:07:18 | ORDEN | COMPRA VERTICAL SPY P L=769/S=766 x1 débito<=2.91
=== NOTIF === 2026-08-20 14:07:43 | ORDEN | COMPRA VERTICAL SPY C L=759/S=763 x1 débito<=3.51
2026-08-20 14:08:01 | DATA   | backfill SPY 120 S 1 min useRTH=False
2026-08-20 14:08:06 | DATA   | cadena 20260820: 82 contratos (ITM+OTM C/P) capturados y cancelados (spot 763.69)
2026-08-20 14:08:06 | DATA   | cadena persistida 2026-08-20 14:08: 82 filas (fuente=live)
=== NOTIF === 2026-08-20 14:08:09 | ORDEN | COMPRA VERTICAL SPY P L=769/S=765 x1 débito<=3.69
2026-08-20 14:08:36 | DATA   | cadena 20260820: 98 contratos (ITM+OTM C/P) capturados y cancelados (spot 763.69)
2026-08-20 14:08:43 | DATA   | cadena 20260820: 98 contratos (ITM+OTM C/P) capturados y cancelados (spot 763.69)
=== NOTIF === 2026-08-20 14:08:49 | ORDEN | COMPRA VERTICAL SPY P L=759/S=757 x1 débito<=0.02
2026-08-20 14:09:01 | DATA   | backfill SPY 120 S 1 min useRTH=False
2026-08-20 14:09:05 | DATA   | cadena 20260820: 82 contratos (ITM+OTM C/P) capturados y cancelados (spot 763.63)
2026-08-20 14:09:05 | DATA   | cadena persistida 2026-08-20 14:09: 82 filas (fuente=live)
=== NOTIF === 2026-08-20 14:09:14 | ORDEN | COMPRA VERTICAL SPY P L=759/S=756 x1 débito<=0.02
=== NOTIF === 2026-08-20 14:09:38 | ORDEN | COMPRA VERTICAL SPY P L=759/S=755 x1 débito<=0.02
2026-08-20 14:10:01 | DATA   | backfill SPY 120 S 1 min useRTH=False
2026-08-20 14:10:01 | DATA   | IBKR conectando a 127.0.0.1:4002 clientId=35
=== NOTIF === 2026-08-20 14:10:03 | ORDEN | COMPRA VERTICAL SPY P L=761/S=759 x1 débito<=0.10
=== NOTIF === 2026-08-20 14:10:04 | IBKR | IBKR conectado (paper 4002)
2026-08-20 14:10:05 | DATA   | cadena 20260820: 82 contratos (ITM+OTM C/P) capturados y cancelados (spot 763.73)
2026-08-20 14:10:05 | DATA   | cadena persistida 2026-08-20 14:10: 82 filas (fuente=live)
=== NOTIF === 2026-08-20 14:10:05 | RIESGO | SYNC 14:10: IBKR tiene 2 pata(s) 0DTE y el sistema se creía PLANO — adoptando
=== NOTIF === 2026-08-20 14:10:05 | RIESGO | ⚠️ 2 pata(s) 0DTE abiertas en IBKR SIN operación abierta en la BD — no se reconstruye; revisar y cerrar a mano
2026-08-20 14:10:06 | DATA   | IBKR desconectado
2026-08-20 14:10:09 | DATA   | cadena 20260820: 14 contratos (ITM+OTM C/P) capturados y cancelados (spot 763.69)
=== NOTIF === 2026-08-20 14:10:12 | RIESGO | BAG no cerró (2 pata/s viva/s) — cierre por patas al MID
=== NOTIF === 2026-08-20 14:10:12 | ORDEN | CIERRE MERCADO SPY P 759 x1
=== NOTIF === 2026-08-20 14:10:20 | ORDEN | CIERRE MERCADO SPY P 761 x1
=== NOTIF === 2026-08-20 14:10:31 | ORDEN | COMPRA VERTICAL SPY P L=761/S=758 x1 débito<=0.13
=== NOTIF === 2026-08-20 14:10:56 | ORDEN | COMPRA VERTICAL SPY P L=761/S=757 x1 débito<=0.16
2026-08-20 14:11:00 | DATA   | backfill SPY 120 S 1 min useRTH=False
2026-08-20 14:11:05 | DATA   | cadena 20260820: 82 contratos (ITM+OTM C/P) capturados y cancelados (spot 763.41)
2026-08-20 14:11:05 | DATA   | cadena persistida 2026-08-20 14:11: 82 filas (fuente=live)
2026-08-20 14:11:18 | DATA   | cadena 20260820: 14 contratos (ITM+OTM C/P) capturados y cancelados (spot 763.69)
=== NOTIF === 2026-08-20 14:11:22 | RIESGO | BAG no cerró (2 pata/s viva/s) — cierre por patas al MID
=== NOTIF === 2026-08-20 14:11:22 | ORDEN | CIERRE MERCADO SPY P 757 x1
=== NOTIF === 2026-08-20 14:11:30 | ORDEN | CIERRE MERCADO SPY P 761 x1
2026-08-20 14:11:43 | DATA   | cadena 20260820: 98 contratos (ITM+OTM C/P) capturados y cancelados (spot 763.41)
2026-08-20 14:11:51 | DATA   | cadena 20260820: 98 contratos (ITM+OTM C/P) capturados y cancelados (spot 763.41)
=== NOTIF === 2026-08-20 14:11:57 | ORDEN | COMPRA VERTICAL SPY P L=761/S=759 x1 débito<=0.10
2026-08-20 14:12:00 | DATA   | backfill SPY 120 S 1 min useRTH=False
2026-08-20 14:12:05 | DATA   | cadena 20260820: 82 contratos (ITM+OTM C/P) capturados y cancelados (spot 763.53)
2026-08-20 14:12:05 | DATA   | cadena persistida 2026-08-20 14:12: 82 filas (fuente=live)
2026-08-20 14:12:20 | DATA   | cadena 20260820: 14 contratos (ITM+OTM C/P) capturados y cancelados (spot 763.41)
=== NOTIF === 2026-08-20 14:12:24 | RIESGO | BAG no cerró (2 pata/s viva/s) — cierre por patas al MID
=== NOTIF === 2026-08-20 14:12:24 | ORDEN | CIERRE MERCADO SPY P 759 x1
=== NOTIF === 2026-08-20 14:12:32 | ORDEN | CIERRE MERCADO SPY P 761 x1
=== NOTIF === 2026-08-20 14:12:40 | RIESGO | BAG no cerró (1 pata/s viva/s) — cierre por patas a MERCADO (último recurso)
=== NOTIF === 2026-08-20 14:12:40 | ORDEN | CIERRE MERCADO SPY P 761 x1
=== NOTIF === 2026-08-20 14:12:53 | ORDEN | COMPRA VERTICAL SPY P L=761/S=758 x1 débito<=0.11
2026-08-20 14:13:00 | DATA   | backfill SPY 120 S 1 min useRTH=False
2026-08-20 14:13:04 | DATA   | cadena 20260820: 82 contratos (ITM+OTM C/P) capturados y cancelados (spot 763.57)
2026-08-20 14:13:04 | DATA   | cadena persistida 2026-08-20 14:13: 82 filas (fuente=live)
=== NOTIF === 2026-08-20 14:13:17 | ORDEN | COMPRA VERTICAL SPY P L=761/S=757 x1 débito<=0.12
=== NOTIF === 2026-08-20 14:13:42 | ORDEN | COMPRA VERTICAL SPY C L=761/S=763 x1 débito<=1.62
2026-08-20 14:13:57 | DATA   | IBKR conectando a 127.0.0.1:4002 clientId=35
=== NOTIF === 2026-08-20 14:13:58 | IBKR | IBKR conectado (paper 4002)
2026-08-20 14:13:58 | DATA   | IBKR desconectado
2026-08-20 14:14:00 | DATA   | backfill SPY 120 S 1 min useRTH=False
2026-08-20 14:14:04 | DATA   | cadena 20260820: 82 contratos (ITM+OTM C/P) capturados y cancelados (spot 763.61)
2026-08-20 14:14:04 | DATA   | cadena persistida 2026-08-20 14:14: 82 filas (fuente=live)
=== NOTIF === 2026-08-20 14:14:07 | ORDEN | COMPRA VERTICAL SPY C L=760/S=763 x1 débito<=2.58
2026-08-20 14:14:20 | DATA   | cadena 20260820: 14 contratos (ITM+OTM C/P) capturados y cancelados (spot 763.41)
=== NOTIF === 2026-08-20 14:14:24 | RIESGO | BAG no cerró (2 pata/s viva/s) — cierre por patas al MID
=== NOTIF === 2026-08-20 14:14:24 | ORDEN | CIERRE MERCADO SPY C 763 x1
=== NOTIF === 2026-08-20 14:14:32 | ORDEN | CIERRE MERCADO SPY C 760 x1
=== NOTIF === 2026-08-20 14:14:43 | ORDEN | COMPRA VERTICAL SPY C L=759/S=761 x1 débito<=1.88
2026-08-20 14:15:04 | DATA   | backfill SPY 120 S 1 min useRTH=False
2026-08-20 14:15:10 | DATA   | cadena 20260820: 98 contratos (ITM+OTM C/P) capturados y cancelados (spot 763.61)
2026-08-20 14:15:10 | DATA   | cadena 20260820: 82 contratos (ITM+OTM C/P) capturados y cancelados (spot 763.58)
2026-08-20 14:15:10 | DATA   | cadena persistida 2026-08-20 14:15: 82 filas (fuente=live)
=== NOTIF === 2026-08-20 14:15:11 | ARRANQUE | RECALIBRA 14:15: saldo=1557 nivel 5->10 tope 90->250 unidades 1->1 (ancho FIJO 2)
2026-08-20 14:15:16 | DATA   | IBKR conectando a 127.0.0.1:4002 clientId=36
=== NOTIF === 2026-08-20 14:15:19 | IBKR | IBKR conectado (paper 4002)
2026-08-20 14:15:20 | DATA   | cadena 20260820: 98 contratos (ITM+OTM C/P) capturados y cancelados (spot 763.58)
2026-08-20 14:15:21 | DATA   | IBKR desconectado
=== NOTIF === 2026-08-20 14:15:26 | ORDEN | COMPRA VERTICAL SPY C L=760/S=763 x1 débito<=2.52
=== NOTIF === 2026-08-20 14:15:31 | ORDEN | COMPRA VERTICAL SPY C L=760/S=764 x1 débito<=3.05
=== NOTIF === 2026-08-20 14:15:35 | ORDEN | COMPRA VERTICAL SPY C L=759/S=761 x1 débito<=1.89
=== NOTIF === 2026-08-20 14:15:40 | ORDEN | COMPRA VERTICAL SPY C L=759/S=762 x1 débito<=2.76
=== NOTIF === 2026-08-20 14:15:45 | ORDEN | COMPRA VERTICAL SPY C L=759/S=763 x1 débito<=3.50
2026-08-20 14:15:46 | DATA   | IBKR conectando a 127.0.0.1:4002 clientId=35
=== NOTIF === 2026-08-20 14:15:47 | IBKR | IBKR conectado (paper 4002)
2026-08-20 14:15:47 | DATA   | IBKR desconectado
2026-08-20 14:15:52 | DATA   | cadena 20260820: 98 contratos (ITM+OTM C/P) capturados y cancelados (spot 763.58)
2026-08-20 14:16:00 | DATA   | cadena 20260820: 98 contratos (ITM+OTM C/P) capturados y cancelados (spot 763.58)
2026-08-20 14:16:01 | DATA   | backfill SPY 120 S 1 min useRTH=False
2026-08-20 14:16:07 | DATA   | cadena 20260820: 82 contratos (ITM+OTM C/P) capturados y cancelados (spot 763.46)
2026-08-20 14:16:07 | DATA   | cadena persistida 2026-08-20 14:16: 82 filas (fuente=live)
=== NOTIF === 2026-08-20 14:16:07 | ARRANQUE | RECALIBRA 14:16: saldo=805 nivel 10->7 tope 250->140 unidades 1->1 (ancho FIJO 2)
2026-08-20 14:16:08 | DATA   | cadena 20260820: 98 contratos (ITM+OTM C/P) capturados y cancelados (spot 763.58)
2026-08-20 14:16:17 | DATA   | cadena 20260820: 98 contratos (ITM+OTM C/P) capturados y cancelados (spot 763.46)
=== NOTIF === 2026-08-20 14:16:23 | ORDEN | COMPRA VERTICAL SPY P L=758/S=755 x1 débito<=0.02
=== NOTIF === 2026-08-20 14:16:48 | ORDEN | COMPRA VERTICAL SPY P L=760/S=758 x1 débito<=0.07
2026-08-20 14:17:02 | DATA   | backfill SPY 120 S 1 min useRTH=False
2026-08-20 14:17:07 | DATA   | cadena 20260820: 82 contratos (ITM+OTM C/P) capturados y cancelados (spot 763.23)
2026-08-20 14:17:07 | DATA   | cadena persistida 2026-08-20 14:17: 82 filas (fuente=live)
=== NOTIF === 2026-08-20 14:17:13 | ORDEN | COMPRA VERTICAL SPY P L=760/S=757 x1 débito<=0.08
=== NOTIF === 2026-08-20 14:17:37 | ORDEN | COMPRA VERTICAL SPY P L=760/S=756 x1 débito<=0.09
2026-08-20 14:18:01 | DATA   | cadena 20260820: 14 contratos (ITM+OTM C/P) capturados y cancelados (spot 763.46)
2026-08-20 14:18:02 | DATA   | backfill SPY 120 S 1 min useRTH=False
=== NOTIF === 2026-08-20 14:18:05 | RIESGO | BAG no cerró (2 pata/s viva/s) — cierre por patas al MID
=== NOTIF === 2026-08-20 14:18:06 | ORDEN | CIERRE MERCADO SPY P 756 x1
2026-08-20 14:18:07 | DATA   | cadena 20260820: 82 contratos (ITM+OTM C/P) capturados y cancelados (spot 763.38)
2026-08-20 14:18:07 | DATA   | cadena persistida 2026-08-20 14:18: 82 filas (fuente=live)
=== NOTIF === 2026-08-20 14:18:07 | RIESGO | SYNC 14:18: IBKR tiene 2 pata(s) 0DTE y el sistema se creía PLANO — adoptando
=== NOTIF === 2026-08-20 14:18:07 | RIESGO | ⚠️ 2 pata(s) 0DTE abiertas en IBKR SIN operación abierta en la BD — no se reconstruye; revisar y cerrar a mano
=== NOTIF === 2026-08-20 14:18:14 | ORDEN | CIERRE MERCADO SPY P 760 x1
=== NOTIF === 2026-08-20 14:18:25 | ORDEN | COMPRA VERTICAL SPY P L=761/S=759 x1 débito<=0.11
2026-08-20 14:18:31 | DATA   | cadena 20260820: 14 contratos (ITM+OTM C/P) capturados y cancelados (spot 763.46)
=== NOTIF === 2026-08-20 14:18:59 | RIESGO | BAG no cerró (2 pata/s viva/s) — cierre por patas al MID
=== NOTIF === 2026-08-20 14:18:59 | ORDEN | CIERRE MERCADO SPY P 759 x1
2026-08-20 14:19:02 | DATA   | backfill SPY 120 S 1 min useRTH=False
2026-08-20 14:19:06 | DATA   | cadena 20260820: 82 contratos (ITM+OTM C/P) capturados y cancelados (spot 763.54)
2026-08-20 14:19:06 | DATA   | cadena persistida 2026-08-20 14:19: 82 filas (fuente=live)
=== NOTIF === 2026-08-20 14:19:06 | RIESGO | SYNC 14:19: IBKR tiene 1 pata(s) 0DTE y el sistema se creía PLANO — adoptando
=== NOTIF === 2026-08-20 14:19:06 | RIESGO | ⚠️ 1 pata(s) 0DTE abiertas en IBKR SIN operación abierta en la BD — no se reconstruye; revisar y cerrar a mano
=== NOTIF === 2026-08-20 14:19:06 | ARRANQUE | RECALIBRA 14:19: saldo=796 nivel 7->6 tope 140->110 unidades 1->1 (ancho FIJO 2)
=== NOTIF === 2026-08-20 14:19:08 | ORDEN | CIERRE MERCADO SPY P 761 x1
=== NOTIF === 2026-08-20 14:19:19 | ORDEN | COMPRA VERTICAL SPY P L=761/S=758 x1 débito<=0.10
2026-08-20 14:19:24 | DATA   | cadena 20260820: 14 contratos (ITM+OTM C/P) capturados y cancelados (spot 763.46)
=== NOTIF === 2026-08-20 14:19:27 | RIESGO | BAG no cerró (2 pata/s viva/s) — cierre por patas al MID
=== NOTIF === 2026-08-20 14:19:27 | ORDEN | CIERRE MERCADO SPY P 758 x1
=== NOTIF === 2026-08-20 14:19:35 | ORDEN | CIERRE MERCADO SPY P 761 x1
2026-08-20 14:19:48 | DATA   | cadena 20260820: 98 contratos (ITM+OTM C/P) capturados y cancelados (spot 763.54)
2026-08-20 14:19:56 | DATA   | cadena 20260820: 98 contratos (ITM+OTM C/P) capturados y cancelados (spot 763.54)
2026-08-20 14:20:01 | DATA   | backfill SPY 120 S 1 min useRTH=False
=== NOTIF === 2026-08-20 14:20:02 | ORDEN | COMPRA VERTICAL SPY P L=762/S=758 x1 débito<=0.20
2026-08-20 14:20:06 | DATA   | cadena 20260820: 82 contratos (ITM+OTM C/P) capturados y cancelados (spot 763.68)
2026-08-20 14:20:06 | DATA   | cadena persistida 2026-08-20 14:20: 82 filas (fuente=live)
2026-08-20 14:20:11 | DATA   | cadena 20260820: 14 contratos (ITM+OTM C/P) capturados y cancelados (spot 763.54)
=== NOTIF === 2026-08-20 14:20:14 | RIESGO | BAG no cerró (2 pata/s viva/s) — cierre por patas al MID
=== NOTIF === 2026-08-20 14:20:14 | ORDEN | CIERRE MERCADO SPY P 758 x1
=== NOTIF === 2026-08-20 14:20:22 | ORDEN | CIERRE MERCADO SPY P 762 x1
=== NOTIF === 2026-08-20 14:20:33 | ORDEN | COMPRA VERTICAL SPY C L=761/S=763 x1 débito<=1.70
=== NOTIF === 2026-08-20 14:20:38 | ORDEN | COMPRA VERTICAL SPY C L=760/S=762 x1 débito<=1.83
=== NOTIF === 2026-08-20 14:20:43 | ORDEN | COMPRA VERTICAL SPY C L=760/S=763 x1 débito<=2.67
=== NOTIF === 2026-08-20 14:20:48 | ORDEN | COMPRA VERTICAL SPY C L=759/S=761 x1 débito<=1.91
2026-08-20 14:21:01 | DATA   | backfill SPY 120 S 1 min useRTH=False
2026-08-20 14:21:06 | DATA   | cadena 20260820: 82 contratos (ITM+OTM C/P) capturados y cancelados (spot 763.88)
2026-08-20 14:21:06 | DATA   | cadena persistida 2026-08-20 14:21: 82 filas (fuente=live)
=== NOTIF === 2026-08-20 14:21:12 | ORDEN | COMPRA VERTICAL SPY C L=759/S=762 x1 débito<=2.84
2026-08-20 14:21:20 | DATA   | cadena 20260820: 98 contratos (ITM+OTM C/P) capturados y cancelados (spot 763.88)
2026-08-20 14:21:27 | DATA   | cadena 20260820: 98 contratos (ITM+OTM C/P) capturados y cancelados (spot 763.88)
=== NOTIF === 2026-08-20 14:21:33 | ORDEN | COMPRA VERTICAL SPY C L=759/S=763 x1 débito<=3.60
=== NOTIF === 2026-08-20 14:21:38 | ORDEN | COMPRA VERTICAL SPY P L=769/S=765 x1 débito<=3.75
2026-08-20 14:21:45 | DATA   | cadena 20260820: 98 contratos (ITM+OTM C/P) capturados y cancelados (spot 763.88)
2026-08-20 14:21:52 | DATA   | cadena 20260820: 98 contratos (ITM+OTM C/P) capturados y cancelados (spot 763.88)
=== NOTIF === 2026-08-20 14:21:59 | ORDEN | COMPRA VERTICAL SPY P L=759/S=757 x1 débito<=0.02
2026-08-20 14:22:01 | DATA   | backfill SPY 120 S 1 min useRTH=False
2026-08-20 14:22:06 | DATA   | cadena 20260820: 82 contratos (ITM+OTM C/P) capturados y cancelados (spot 763.83)
2026-08-20 14:22:06 | DATA   | cadena persistida 2026-08-20 14:22: 82 filas (fuente=live)
=== NOTIF === 2026-08-20 14:22:23 | ORDEN | COMPRA VERTICAL SPY P L=759/S=756 x1 débito<=0.02
=== NOTIF === 2026-08-20 14:22:48 | ORDEN | COMPRA VERTICAL SPY P L=759/S=755 x1 débito<=0.02
2026-08-20 14:23:01 | DATA   | backfill SPY 120 S 1 min useRTH=False
2026-08-20 14:23:05 | DATA   | cadena 20260820: 82 contratos (ITM+OTM C/P) capturados y cancelados (spot 763.75)
2026-08-20 14:23:05 | DATA   | cadena persistida 2026-08-20 14:23: 82 filas (fuente=live)
=== NOTIF === 2026-08-20 14:23:12 | ORDEN | COMPRA VERTICAL SPY P L=761/S=759 x1 débito<=0.06
=== NOTIF === 2026-08-20 14:23:37 | ORDEN | COMPRA VERTICAL SPY P L=761/S=758 x1 débito<=0.07
2026-08-20 14:24:01 | DATA   | backfill SPY 120 S 1 min useRTH=False
=== NOTIF === 2026-08-20 14:24:02 | ORDEN | COMPRA VERTICAL SPY P L=761/S=757 x1 débito<=0.08
2026-08-20 14:24:05 | DATA   | cadena 20260820: 82 contratos (ITM+OTM C/P) capturados y cancelados (spot 763.76)
2026-08-20 14:24:05 | DATA   | cadena persistida 2026-08-20 14:24: 82 filas (fuente=live)
2026-08-20 14:24:29 | DATA   | cadena 20260820: 98 contratos (ITM+OTM C/P) capturados y cancelados (spot 763.76)
2026-08-20 14:24:37 | DATA   | cadena 20260820: 98 contratos (ITM+OTM C/P) capturados y cancelados (spot 763.76)
=== NOTIF === 2026-08-20 14:24:43 | ORDEN | COMPRA VERTICAL SPY P L=762/S=760 x1 débito<=0.14
2026-08-20 14:25:00 | DATA   | backfill SPY 120 S 1 min useRTH=False
2026-08-20 14:25:05 | DATA   | cadena 20260820: 82 contratos (ITM+OTM C/P) capturados y cancelados (spot 763.62)
2026-08-20 14:25:05 | DATA   | cadena persistida 2026-08-20 14:25: 82 filas (fuente=live)
=== NOTIF === 2026-08-20 14:25:08 | ORDEN | COMPRA VERTICAL SPY P L=762/S=759 x1 débito<=0.19
2026-08-20 14:25:16 | DATA   | cadena 20260820: 14 contratos (ITM+OTM C/P) capturados y cancelados (spot 763.76)
=== NOTIF === 2026-08-20 14:25:44 | RIESGO | BAG no cerró (2 pata/s viva/s) — cierre por patas al MID
=== NOTIF === 2026-08-20 14:25:44 | ORDEN | CIERRE MERCADO SPY P 759 x1
=== NOTIF === 2026-08-20 14:25:52 | ORDEN | CIERRE MERCADO SPY P 762 x1
2026-08-20 14:26:00 | DATA   | backfill SPY 120 S 1 min useRTH=False
=== NOTIF === 2026-08-20 14:26:03 | ORDEN | COMPRA VERTICAL SPY P L=762/S=758 x1 débito<=0.22
2026-08-20 14:26:05 | DATA   | cadena 20260820: 82 contratos (ITM+OTM C/P) capturados y cancelados (spot 763.54)
2026-08-20 14:26:05 | DATA   | cadena persistida 2026-08-20 14:26: 82 filas (fuente=live)
=== NOTIF === 2026-08-20 14:26:05 | RIESGO | SYNC 14:26: IBKR tiene 2 pata(s) 0DTE y el sistema se creía PLANO — adoptando
=== NOTIF === 2026-08-20 14:26:05 | RIESGO | ⚠️ 2 pata(s) 0DTE abiertas en IBKR SIN operación abierta en la BD — no se reconstruye; revisar y cerrar a mano
2026-08-20 14:26:09 | DATA   | cadena 20260820: 14 contratos (ITM+OTM C/P) capturados y cancelados (spot 763.76)
=== NOTIF === 2026-08-20 14:26:12 | RIESGO | BAG no cerró (2 pata/s viva/s) — cierre por patas al MID
=== NOTIF === 2026-08-20 14:26:12 | ORDEN | CIERRE MERCADO SPY P 758 x1
=== NOTIF === 2026-08-20 14:26:20 | ORDEN | CIERRE MERCADO SPY P 762 x1
=== NOTIF === 2026-08-20 14:26:31 | ORDEN | COMPRA VERTICAL SPY C L=761/S=763 x1 débito<=1.65
=== NOTIF === 2026-08-20 14:26:36 | ORDEN | COMPRA VERTICAL SPY C L=760/S=762 x1 débito<=1.83
=== NOTIF === 2026-08-20 14:26:41 | ORDEN | COMPRA VERTICAL SPY C L=760/S=763 x1 débito<=2.58
2026-08-20 14:26:48 | DATA   | cadena 20260820: 98 contratos (ITM+OTM C/P) capturados y cancelados (spot 763.54)
2026-08-20 14:26:55 | DATA   | cadena 20260820: 98 contratos (ITM+OTM C/P) capturados y cancelados (spot 763.54)
2026-08-20 14:27:00 | DATA   | backfill SPY 120 S 1 min useRTH=False
=== NOTIF === 2026-08-20 14:27:01 | ORDEN | COMPRA VERTICAL SPY C L=760/S=764 x1 débito<=3.15
2026-08-20 14:27:04 | DATA   | cadena 20260820: 82 contratos (ITM+OTM C/P) capturados y cancelados (spot 763.51)
2026-08-20 14:27:04 | DATA   | cadena persistida 2026-08-20 14:27: 82 filas (fuente=live)
=== NOTIF === 2026-08-20 14:27:07 | ORDEN | COMPRA VERTICAL SPY C L=759/S=761 x1 débito<=1.93
=== NOTIF === 2026-08-20 14:27:32 | ORDEN | COMPRA VERTICAL SPY C L=759/S=762 x1 débito<=2.82
=== NOTIF === 2026-08-20 14:27:37 | ORDEN | COMPRA VERTICAL SPY C L=759/S=763 x1 débito<=3.58
2026-08-20 14:27:44 | DATA   | cadena 20260820: 98 contratos (ITM+OTM C/P) capturados y cancelados (spot 763.51)
2026-08-20 14:27:51 | DATA   | cadena 20260820: 98 contratos (ITM+OTM C/P) capturados y cancelados (spot 763.51)
=== NOTIF === 2026-08-20 14:27:57 | ORDEN | COMPRA VERTICAL SPY P L=759/S=757 x1 débito<=0.01
2026-08-20 14:28:00 | DATA   | backfill SPY 120 S 1 min useRTH=False
2026-08-20 14:28:04 | DATA   | cadena 20260820: 82 contratos (ITM+OTM C/P) capturados y cancelados (spot 763.52)
2026-08-20 14:28:04 | DATA   | cadena persistida 2026-08-20 14:28: 82 filas (fuente=live)
=== NOTIF === 2026-08-20 14:28:22 | ORDEN | COMPRA VERTICAL SPY P L=759/S=756 x1 débito<=0.02
=== NOTIF === 2026-08-20 14:28:47 | ORDEN | COMPRA VERTICAL SPY P L=759/S=755 x1 débito<=0.02
2026-08-20 14:29:04 | DATA   | backfill SPY 120 S 1 min useRTH=False
2026-08-20 14:29:09 | DATA   | cadena 20260820: 82 contratos (ITM+OTM C/P) capturados y cancelados (spot 763.59)
2026-08-20 14:29:09 | DATA   | cadena persistida 2026-08-20 14:29: 82 filas (fuente=live)
=== NOTIF === 2026-08-20 14:29:12 | ORDEN | COMPRA VERTICAL SPY P L=761/S=759 x1 débito<=0.07
2026-08-20 14:29:27 | DATA   | cadena 20260820: 14 contratos (ITM+OTM C/P) capturados y cancelados (spot 763.51)
=== NOTIF === 2026-08-20 14:29:55 | RIESGO | BAG no cerró (2 pata/s viva/s) — cierre por patas al MID
=== NOTIF === 2026-08-20 14:29:55 | ORDEN | CIERRE MERCADO SPY P 759 x1
=== NOTIF === 2026-08-20 14:30:03 | ORDEN | CIERRE MERCADO SPY P 761 x1
2026-08-20 14:30:04 | DATA   | backfill SPY 120 S 1 min useRTH=False
2026-08-20 14:30:09 | DATA   | cadena 20260820: 82 contratos (ITM+OTM C/P) capturados y cancelados (spot 763.56)
2026-08-20 14:30:09 | DATA   | cadena persistida 2026-08-20 14:30: 82 filas (fuente=live)
=== NOTIF === 2026-08-20 14:30:14 | ORDEN | COMPRA VERTICAL SPY P L=761/S=758 x1 débito<=0.08
2026-08-20 14:30:29 | DATA   | cadena 20260820: 14 contratos (ITM+OTM C/P) capturados y cancelados (spot 763.51)
=== NOTIF === 2026-08-20 14:30:33 | RIESGO | BAG no cerró (2 pata/s viva/s) — cierre por patas al MID
=== NOTIF === 2026-08-20 14:30:33 | ORDEN | CIERRE MERCADO SPY P 758 x1
=== NOTIF === 2026-08-20 14:30:41 | ORDEN | CIERRE MERCADO SPY P 761 x1
=== NOTIF === 2026-08-20 14:30:52 | ORDEN | COMPRA VERTICAL SPY P L=761/S=757 x1 débito<=0.09
2026-08-20 14:31:04 | DATA   | backfill SPY 120 S 1 min useRTH=False
2026-08-20 14:31:09 | DATA   | cadena 20260820: 82 contratos (ITM+OTM C/P) capturados y cancelados (spot 763.50)
2026-08-20 14:31:09 | DATA   | cadena persistida 2026-08-20 14:31: 82 filas (fuente=live)
2026-08-20 14:31:19 | DATA   | cadena 20260820: 98 contratos (ITM+OTM C/P) capturados y cancelados (spot 763.50)
2026-08-20 14:31:26 | DATA   | cadena 20260820: 98 contratos (ITM+OTM C/P) capturados y cancelados (spot 763.50)
=== NOTIF === 2026-08-20 14:31:32 | ORDEN | COMPRA VERTICAL SPY P L=762/S=760 x1 débito<=0.15
=== NOTIF === 2026-08-20 14:31:57 | ORDEN | COMPRA VERTICAL SPY P L=762/S=759 x1 débito<=0.19
2026-08-20 14:32:01 | DATA   | cadena 20260820: 14 contratos (ITM+OTM C/P) capturados y cancelados (spot 763.50)
2026-08-20 14:32:04 | DATA   | backfill SPY 120 S 1 min useRTH=False
2026-08-20 14:32:09 | DATA   | cadena 20260820: 82 contratos (ITM+OTM C/P) capturados y cancelados (spot 763.52)
2026-08-20 14:32:09 | DATA   | cadena persistida 2026-08-20 14:32: 82 filas (fuente=live)
=== NOTIF === 2026-08-20 14:32:09 | RIESGO | SYNC 14:32: IBKR tiene 2 pata(s) 0DTE y el sistema se creía PLANO — adoptando
=== NOTIF === 2026-08-20 14:32:09 | RIESGO | ⚠️ 2 pata(s) 0DTE abiertas en IBKR SIN operación abierta en la BD — no se reconstruye; revisar y cerrar a mano
=== NOTIF === 2026-08-20 14:32:28 | RIESGO | BAG no cerró (2 pata/s viva/s) — cierre por patas al MID
=== NOTIF === 2026-08-20 14:32:28 | ORDEN | CIERRE MERCADO SPY P 759 x1
=== NOTIF === 2026-08-20 14:32:36 | ORDEN | CIERRE MERCADO SPY P 762 x1
=== NOTIF === 2026-08-20 14:32:47 | ORDEN | COMPRA VERTICAL SPY P L=762/S=758 x1 débito<=0.20
2026-08-20 14:33:04 | DATA   | backfill SPY 120 S 1 min useRTH=False
2026-08-20 14:33:08 | DATA   | cadena 20260820: 82 contratos (ITM+OTM C/P) capturados y cancelados (spot 763.43)
2026-08-20 14:33:08 | DATA   | cadena persistida 2026-08-20 14:33: 82 filas (fuente=live)
=== NOTIF === 2026-08-20 14:33:12 | ORDEN | COMPRA VERTICAL SPY P L=762/S=760 x1 débito<=0.17
=== NOTIF === 2026-08-20 14:33:37 | ORDEN | COMPRA VERTICAL SPY P L=762/S=759 x1 débito<=0.21
=== NOTIF === 2026-08-20 14:34:01 | ORDEN | COMPRA VERTICAL SPY P L=762/S=758 x1 débito<=0.24
2026-08-20 14:34:03 | DATA   | backfill SPY 120 S 1 min useRTH=False
2026-08-20 14:34:07 | DATA   | cadena 20260820: 14 contratos (ITM+OTM C/P) capturados y cancelados (spot 763.50)
2026-08-20 14:34:08 | DATA   | cadena 20260820: 82 contratos (ITM+OTM C/P) capturados y cancelados (spot 763.29)
2026-08-20 14:34:08 | DATA   | cadena persistida 2026-08-20 14:34: 82 filas (fuente=live)
=== NOTIF === 2026-08-20 14:34:08 | RIESGO | SYNC 14:34: IBKR tiene 2 pata(s) 0DTE y el sistema se creía PLANO — adoptando
=== NOTIF === 2026-08-20 14:34:08 | RIESGO | ⚠️ 2 pata(s) 0DTE abiertas en IBKR SIN operación abierta en la BD — no se reconstruye; revisar y cerrar a mano
=== NOTIF === 2026-08-20 14:34:12 | RIESGO | BAG no cerró (2 pata/s viva/s) — cierre por patas al MID
=== NOTIF === 2026-08-20 14:34:12 | ORDEN | CIERRE MERCADO SPY P 758 x1
=== NOTIF === 2026-08-20 14:34:20 | ORDEN | CIERRE MERCADO SPY P 762 x1
2026-08-20 14:34:28 | DATA   | IBKR conectando a 127.0.0.1:4002 clientId=36
=== NOTIF === 2026-08-20 14:34:31 | IBKR | IBKR conectado (paper 4002)
2026-08-20 14:34:33 | DATA   | cadena 20260820: 98 contratos (ITM+OTM C/P) capturados y cancelados (spot 763.29)
2026-08-20 14:34:33 | DATA   | IBKR desconectado
2026-08-20 14:34:40 | DATA   | cadena 20260820: 98 contratos (ITM+OTM C/P) capturados y cancelados (spot 763.29)
=== NOTIF === 2026-08-20 14:34:46 | ORDEN | COMPRA VERTICAL SPY P L=763/S=761 x1 débito<=0.41
=== NOTIF === 2026-08-20 14:34:51 | ORDEN | COMPRA VERTICAL SPY P L=763/S=760 x1 débito<=0.47
=== NOTIF === 2026-08-20 14:34:56 | ORDEN | COMPRA VERTICAL SPY P L=763/S=759 x1 débito<=0.50
=== NOTIF === 2026-08-20 14:35:01 | ORDEN | COMPRA VERTICAL SPY C L=761/S=763 x1 débito<=1.60
2026-08-20 14:35:03 | DATA   | backfill SPY 120 S 1 min useRTH=False
=== NOTIF === 2026-08-20 14:35:06 | ORDEN | COMPRA VERTICAL SPY C L=760/S=762 x1 débito<=1.82
2026-08-20 14:35:08 | DATA   | cadena 20260820: 82 contratos (ITM+OTM C/P) capturados y cancelados (spot 763.32)
2026-08-20 14:35:08 | DATA   | cadena persistida 2026-08-20 14:35: 82 filas (fuente=live)
=== NOTIF === 2026-08-20 14:35:12 | ORDEN | COMPRA VERTICAL SPY C L=760/S=763 x1 débito<=2.58
2026-08-20 14:35:19 | DATA   | cadena 20260820: 98 contratos (ITM+OTM C/P) capturados y cancelados (spot 763.32)
2026-08-20 14:35:26 | DATA   | cadena 20260820: 98 contratos (ITM+OTM C/P) capturados y cancelados (spot 763.32)
2026-08-20 14:35:34 | DATA   | cadena 20260820: 98 contratos (ITM+OTM C/P) capturados y cancelados (spot 763.32)
2026-08-20 14:35:41 | DATA   | cadena 20260820: 98 contratos (ITM+OTM C/P) capturados y cancelados (spot 763.32)
=== NOTIF === 2026-08-20 14:35:47 | ORDEN | COMPRA VERTICAL SPY C L=759/S=761 x1 débito<=1.94
2026-08-20 14:36:03 | DATA   | backfill SPY 120 S 1 min useRTH=False
2026-08-20 14:36:07 | DATA   | cadena 20260820: 82 contratos (ITM+OTM C/P) capturados y cancelados (spot 763.37)
2026-08-20 14:36:07 | DATA   | cadena persistida 2026-08-20 14:36: 82 filas (fuente=live)
=== NOTIF === 2026-08-20 14:36:13 | ORDEN | COMPRA VERTICAL SPY P L=767/S=765 x1 débito<=1.89
=== NOTIF === 2026-08-20 14:36:18 | ORDEN | COMPRA VERTICAL SPY C L=759/S=762 x1 débito<=2.81
=== NOTIF === 2026-08-20 14:36:23 | ORDEN | COMPRA VERTICAL SPY P L=767/S=764 x1 débito<=2.63
=== NOTIF === 2026-08-20 14:36:28 | ORDEN | COMPRA VERTICAL SPY C L=759/S=763 x1 débito<=3.57
=== NOTIF === 2026-08-20 14:36:33 | ORDEN | COMPRA VERTICAL SPY P L=767/S=763 x1 débito<=3.10
2026-08-20 14:36:40 | DATA   | cadena 20260820: 98 contratos (ITM+OTM C/P) capturados y cancelados (spot 763.37)
=== NOTIF === 2026-08-20 14:36:46 | ORDEN | COMPRA VERTICAL SPY C L=758/S=760 x1 débito<=1.95
2026-08-20 14:37:03 | DATA   | backfill SPY 120 S 1 min useRTH=False
2026-08-20 14:37:07 | DATA   | cadena 20260820: 82 contratos (ITM+OTM C/P) capturados y cancelados (spot 763.60)
2026-08-20 14:37:07 | DATA   | cadena persistida 2026-08-20 14:37: 82 filas (fuente=live)
=== NOTIF === 2026-08-20 14:37:11 | ORDEN | COMPRA VERTICAL SPY C L=758/S=761 x1 débito<=2.88
=== NOTIF === 2026-08-20 14:37:36 | ORDEN | COMPRA VERTICAL SPY C L=758/S=762 x1 débito<=3.83
2026-08-20 14:37:43 | DATA   | cadena 20260820: 98 contratos (ITM+OTM C/P) capturados y cancelados (spot 763.60)
2026-08-20 14:37:50 | DATA   | cadena 20260820: 98 contratos (ITM+OTM C/P) capturados y cancelados (spot 763.60)
=== NOTIF === 2026-08-20 14:37:56 | ORDEN | COMPRA VERTICAL SPY P L=759/S=757 x1 débito<=0.01
2026-08-20 14:38:02 | DATA   | backfill SPY 120 S 1 min useRTH=False
2026-08-20 14:38:07 | DATA   | cadena 20260820: 82 contratos (ITM+OTM C/P) capturados y cancelados (spot 763.55)
2026-08-20 14:38:07 | DATA   | cadena persistida 2026-08-20 14:38: 82 filas (fuente=live)
=== NOTIF === 2026-08-20 14:38:21 | ORDEN | COMPRA VERTICAL SPY P L=759/S=756 x1 débito<=0.02
2026-08-20 14:38:25 | DATA   | IBKR conectando a 127.0.0.1:4002 clientId=36
=== NOTIF === 2026-08-20 14:38:25 | IBKR | IBKR conectado (paper 4002)
2026-08-20 14:38:26 | DATA   | IBKR desconectado
2026-08-20 14:38:43 | DATA   | IBKR conectando a 127.0.0.1:4002 clientId=35
=== NOTIF === 2026-08-20 14:38:43 | IBKR | IBKR conectado (paper 4002)
2026-08-20 14:38:44 | DATA   | IBKR desconectado
=== NOTIF === 2026-08-20 14:38:46 | ORDEN | COMPRA VERTICAL SPY P L=759/S=755 x1 débito<=0.02
2026-08-20 14:39:02 | DATA   | backfill SPY 120 S 1 min useRTH=False
2026-08-20 14:39:07 | DATA   | cadena 20260820: 82 contratos (ITM+OTM C/P) capturados y cancelados (spot 763.54)
2026-08-20 14:39:07 | DATA   | cadena persistida 2026-08-20 14:39: 82 filas (fuente=live)
=== NOTIF === 2026-08-20 14:39:07 | ARRANQUE | RECALIBRA 14:39: saldo=2258 nivel 6->11 tope 110->320 unidades 1->1 (ancho FIJO 2)
=== NOTIF === 2026-08-20 14:39:12 | ORDEN | COMPRA VERTICAL SPY P L=761/S=759 x1 débito<=0.06
2026-08-20 14:39:16 | DATA   | cadena 20260820: 14 contratos (ITM+OTM C/P) capturados y cancelados (spot 763.60)
=== NOTIF === 2026-08-20 14:39:44 | RIESGO | BAG no cerró (2 pata/s viva/s) — cierre por patas al MID
=== NOTIF === 2026-08-20 14:39:44 | ORDEN | CIERRE MERCADO SPY P 759 x1
=== NOTIF === 2026-08-20 14:39:52 | ORDEN | CIERRE MERCADO SPY P 761 x1
2026-08-20 14:40:02 | DATA   | backfill SPY 120 S 1 min useRTH=False
=== NOTIF === 2026-08-20 14:40:03 | ORDEN | COMPRA VERTICAL SPY P L=761/S=758 x1 débito<=0.06
2026-08-20 14:40:06 | DATA   | cadena 20260820: 82 contratos (ITM+OTM C/P) capturados y cancelados (spot 763.42)
2026-08-20 14:40:06 | DATA   | cadena persistida 2026-08-20 14:40: 82 filas (fuente=live)
=== NOTIF === 2026-08-20 14:40:06 | ARRANQUE | RECALIBRA 14:40: saldo=1356 nivel 11->9 tope 320->210 unidades 1->1 (ancho FIJO 2)
=== NOTIF === 2026-08-20 14:40:28 | ORDEN | COMPRA VERTICAL SPY P L=761/S=757 x1 débito<=0.08
2026-08-20 14:40:55 | DATA   | cadena 20260820: 98 contratos (ITM+OTM C/P) capturados y cancelados (spot 763.42)
2026-08-20 14:41:01 | DATA   | backfill SPY 120 S 1 min useRTH=False
2026-08-20 14:41:03 | DATA   | cadena 20260820: 98 contratos (ITM+OTM C/P) capturados y cancelados (spot 763.42)
2026-08-20 14:41:08 | DATA   | cadena 20260820: 82 contratos (ITM+OTM C/P) capturados y cancelados (spot 763.32)
2026-08-20 14:41:08 | DATA   | cadena persistida 2026-08-20 14:41: 82 filas (fuente=live)
2026-08-20 14:41:12 | DATA   | cadena 20260820: 98 contratos (ITM+OTM C/P) capturados y cancelados (spot 763.32)
2026-08-20 14:41:20 | DATA   | cadena 20260820: 98 contratos (ITM+OTM C/P) capturados y cancelados (spot 763.32)
=== NOTIF === 2026-08-20 14:41:26 | ORDEN | COMPRA VERTICAL SPY P L=761/S=758 x1 débito<=0.08
=== NOTIF === 2026-08-20 14:41:51 | ORDEN | COMPRA VERTICAL SPY P L=761/S=757 x1 débito<=0.09
2026-08-20 14:42:03 | DATA   | backfill SPY 120 S 1 min useRTH=False
2026-08-20 14:42:07 | DATA   | cadena 20260820: 82 contratos (ITM+OTM C/P) capturados y cancelados (spot 763.33)
2026-08-20 14:42:07 | DATA   | cadena persistida 2026-08-20 14:42: 82 filas (fuente=live)
=== NOTIF === 2026-08-20 14:42:15 | ORDEN | COMPRA VERTICAL SPY P L=762/S=760 x1 débito<=0.17
2026-08-20 14:42:24 | DATA   | cadena 20260820: 14 contratos (ITM+OTM C/P) capturados y cancelados (spot 763.32)
=== NOTIF === 2026-08-20 14:42:27 | RIESGO | BAG no cerró (2 pata/s viva/s) — cierre por patas al MID
=== NOTIF === 2026-08-20 14:42:28 | ORDEN | CIERRE MERCADO SPY P 760 x1
=== NOTIF === 2026-08-20 14:42:36 | ORDEN | CIERRE MERCADO SPY P 762 x1
=== NOTIF === 2026-08-20 14:42:46 | ORDEN | COMPRA VERTICAL SPY P L=762/S=759 x1 débito<=0.15
2026-08-20 14:43:03 | DATA   | backfill SPY 120 S 1 min useRTH=False
2026-08-20 14:43:07 | DATA   | cadena 20260820: 82 contratos (ITM+OTM C/P) capturados y cancelados (spot 763.50)
2026-08-20 14:43:07 | DATA   | cadena persistida 2026-08-20 14:43: 82 filas (fuente=live)
=== NOTIF === 2026-08-20 14:43:11 | ORDEN | COMPRA VERTICAL SPY P L=762/S=758 x1 débito<=0.16
2026-08-20 14:43:32 | DATA   | cadena 20260820: 14 contratos (ITM+OTM C/P) capturados y cancelados (spot 763.32)
=== NOTIF === 2026-08-20 14:43:36 | RIESGO | BAG no cerró (2 pata/s viva/s) — cierre por patas al MID
=== NOTIF === 2026-08-20 14:43:36 | ORDEN | CIERRE MERCADO SPY P 758 x1
2026-08-20 14:43:44 | DATA   | IBKR conectando a 127.0.0.1:4002 clientId=35
=== NOTIF === 2026-08-20 14:43:44 | IBKR | IBKR conectado (paper 4002)
2026-08-20 14:43:44 | DATA   | IBKR desconectado
=== NOTIF === 2026-08-20 14:43:44 | ORDEN | CIERRE MERCADO SPY P 762 x1
=== NOTIF === 2026-08-20 14:43:55 | ORDEN | COMPRA VERTICAL SPY C L=761/S=763 x1 débito<=1.67
2026-08-20 14:44:02 | DATA   | cadena 20260820: 98 contratos (ITM+OTM C/P) capturados y cancelados (spot 763.50)
2026-08-20 14:44:02 | DATA   | backfill SPY 120 S 1 min useRTH=False
2026-08-20 14:44:09 | DATA   | cadena 20260820: 82 contratos (ITM+OTM C/P) capturados y cancelados (spot 763.54)
2026-08-20 14:44:09 | DATA   | cadena persistida 2026-08-20 14:44: 82 filas (fuente=live)
2026-08-20 14:44:11 | DATA   | cadena 20260820: 98 contratos (ITM+OTM C/P) capturados y cancelados (spot 763.50)
2026-08-20 14:44:20 | DATA   | cadena 20260820: 98 contratos (ITM+OTM C/P) capturados y cancelados (spot 763.54)
2026-08-20 14:44:27 | DATA   | cadena 20260820: 98 contratos (ITM+OTM C/P) capturados y cancelados (spot 763.54)
2026-08-20 14:44:35 | DATA   | cadena 20260820: 98 contratos (ITM+OTM C/P) capturados y cancelados (spot 763.54)
2026-08-20 14:44:42 | DATA   | cadena 20260820: 98 contratos (ITM+OTM C/P) capturados y cancelados (spot 763.54)
=== NOTIF === 2026-08-20 14:44:48 | ORDEN | COMPRA VERTICAL SPY C L=761/S=763 x1 débito<=1.66
=== NOTIF === 2026-08-20 14:44:53 | ORDEN | COMPRA VERTICAL SPY C L=760/S=762 x1 débito<=1.84
=== NOTIF === 2026-08-20 14:44:58 | ORDEN | COMPRA VERTICAL SPY C L=760/S=763 x1 débito<=2.62
=== NOTIF === 2026-08-20 14:45:03 | ORDEN | COMPRA VERTICAL SPY C L=759/S=761 x1 débito<=2.00
2026-08-20 14:45:04 | DATA   | backfill SPY 120 S 1 min useRTH=False
2026-08-20 14:45:09 | DATA   | cadena 20260820: 82 contratos (ITM+OTM C/P) capturados y cancelados (spot 763.55)
2026-08-20 14:45:09 | DATA   | cadena persistida 2026-08-20 14:45: 82 filas (fuente=live)
2026-08-20 14:45:22 | DATA   | cadena 20260820: 14 contratos (ITM+OTM C/P) capturados y cancelados (spot 763.54)
=== NOTIF === 2026-08-20 14:45:25 | RIESGO | BAG no cerró (2 pata/s viva/s) — cierre por patas al MID
=== NOTIF === 2026-08-20 14:45:25 | ORDEN | CIERRE MERCADO SPY C 761 x1
=== NOTIF === 2026-08-20 14:45:33 | ORDEN | CIERRE MERCADO SPY C 759 x1
=== NOTIF === 2026-08-20 14:45:44 | ORDEN | COMPRA VERTICAL SPY C L=759/S=762 x1 débito<=2.85
=== NOTIF === 2026-08-20 14:45:49 | ORDEN | COMPRA VERTICAL SPY C L=759/S=763 x1 débito<=3.62
2026-08-20 14:45:56 | DATA   | cadena 20260820: 98 contratos (ITM+OTM C/P) capturados y cancelados (spot 763.55)
2026-08-20 14:46:03 | DATA   | cadena 20260820: 98 contratos (ITM+OTM C/P) capturados y cancelados (spot 763.55)
2026-08-20 14:46:04 | DATA   | backfill SPY 120 S 1 min useRTH=False
2026-08-20 14:46:11 | DATA   | cadena 20260820: 82 contratos (ITM+OTM C/P) capturados y cancelados (spot 763.53)
2026-08-20 14:46:11 | DATA   | cadena persistida 2026-08-20 14:46: 82 filas (fuente=live)
2026-08-20 14:46:12 | DATA   | cadena 20260820: 98 contratos (ITM+OTM C/P) capturados y cancelados (spot 763.55)
2026-08-20 14:46:21 | DATA   | cadena 20260820: 98 contratos (ITM+OTM C/P) capturados y cancelados (spot 763.53)
2026-08-20 14:46:28 | DATA   | cadena 20260820: 98 contratos (ITM+OTM C/P) capturados y cancelados (spot 763.53)
2026-08-20 14:46:36 | DATA   | cadena 20260820: 98 contratos (ITM+OTM C/P) capturados y cancelados (spot 763.53)
2026-08-20 14:46:43 | DATA   | cadena 20260820: 98 contratos (ITM+OTM C/P) capturados y cancelados (spot 763.53)
2026-08-20 14:46:51 | DATA   | cadena 20260820: 98 contratos (ITM+OTM C/P) capturados y cancelados (spot 763.53)
2026-08-20 14:46:58 | DATA   | cadena 20260820: 98 contratos (ITM+OTM C/P) capturados y cancelados (spot 763.53)
2026-08-20 14:47:01 | DATA   | backfill SPY 120 S 1 min useRTH=False
2026-08-20 14:47:06 | DATA   | cadena 20260820: 98 contratos (ITM+OTM C/P) capturados y cancelados (spot 763.53)
2026-08-20 14:47:07 | DATA   | cadena 20260820: 82 contratos (ITM+OTM C/P) capturados y cancelados (spot 763.48)
2026-08-20 14:47:07 | DATA   | cadena persistida 2026-08-20 14:47: 82 filas (fuente=live)
=== NOTIF === 2026-08-20 14:47:15 | ORDEN | COMPRA VERTICAL SPY P L=761/S=759 x1 débito<=0.06
=== NOTIF === 2026-08-20 14:47:40 | ORDEN | COMPRA VERTICAL SPY P L=761/S=758 x1 débito<=0.06
2026-08-20 14:48:02 | DATA   | backfill SPY 120 S 1 min useRTH=False
=== NOTIF === 2026-08-20 14:48:04 | ORDEN | COMPRA VERTICAL SPY P L=761/S=757 x1 débito<=0.06
2026-08-20 14:48:06 | DATA   | cadena 20260820: 82 contratos (ITM+OTM C/P) capturados y cancelados (spot 763.68)
2026-08-20 14:48:06 | DATA   | cadena persistida 2026-08-20 14:48: 82 filas (fuente=live)
2026-08-20 14:48:19 | DATA   | cadena 20260820: 14 contratos (ITM+OTM C/P) capturados y cancelados (spot 763.53)
=== NOTIF === 2026-08-20 14:48:23 | RIESGO | BAG no cerró (2 pata/s viva/s) — cierre por patas al MID
=== NOTIF === 2026-08-20 14:48:23 | ORDEN | CIERRE MERCADO SPY P 757 x1
=== NOTIF === 2026-08-20 14:48:31 | ORDEN | CIERRE MERCADO SPY P 761 x1
=== NOTIF === 2026-08-20 14:48:42 | ORDEN | COMPRA VERTICAL SPY C L=760/S=762 x1 débito<=1.89
2026-08-20 14:48:44 | DATA   | IBKR conectando a 127.0.0.1:4002 clientId=35
=== NOTIF === 2026-08-20 14:48:45 | IBKR | IBKR conectado (paper 4002)
2026-08-20 14:48:45 | DATA   | IBKR desconectado
=== NOTIF === 2026-08-20 14:48:47 | ORDEN | COMPRA VERTICAL SPY C L=759/S=761 x1 débito<=1.95
2026-08-20 14:49:01 | DATA   | backfill SPY 120 S 1 min useRTH=False
2026-08-20 14:49:06 | DATA   | cadena 20260820: 82 contratos (ITM+OTM C/P) capturados y cancelados (spot 763.79)
2026-08-20 14:49:06 | DATA   | cadena persistida 2026-08-20 14:49: 82 filas (fuente=live)
=== NOTIF === 2026-08-20 14:49:11 | ORDEN | COMPRA VERTICAL SPY C L=759/S=762 x1 débito<=2.88
2026-08-20 14:49:19 | DATA   | cadena 20260820: 98 contratos (ITM+OTM C/P) capturados y cancelados (spot 763.79)
=== NOTIF === 2026-08-20 14:49:25 | ORDEN | COMPRA VERTICAL SPY P L=769/S=766 x1 débito<=2.98
=== NOTIF === 2026-08-20 14:49:49 | ORDEN | COMPRA VERTICAL SPY C L=759/S=763 x1 débito<=3.68
=== NOTIF === 2026-08-20 14:49:54 | ORDEN | COMPRA VERTICAL SPY P L=769/S=765 x1 débito<=3.81
2026-08-20 14:50:01 | DATA   | backfill SPY 120 S 1 min useRTH=False
2026-08-20 14:50:01 | DATA   | cadena 20260820: 98 contratos (ITM+OTM C/P) capturados y cancelados (spot 763.79)
2026-08-20 14:50:08 | DATA   | cadena 20260820: 82 contratos (ITM+OTM C/P) capturados y cancelados (spot 763.71)
2026-08-20 14:50:08 | DATA   | cadena persistida 2026-08-20 14:50: 82 filas (fuente=live)
2026-08-20 14:50:10 | DATA   | cadena 20260820: 98 contratos (ITM+OTM C/P) capturados y cancelados (spot 763.79)
2026-08-20 14:50:19 | DATA   | cadena 20260820: 98 contratos (ITM+OTM C/P) capturados y cancelados (spot 763.71)
2026-08-20 14:50:26 | DATA   | cadena 20260820: 98 contratos (ITM+OTM C/P) capturados y cancelados (spot 763.71)
2026-08-20 14:50:34 | DATA   | cadena 20260820: 98 contratos (ITM+OTM C/P) capturados y cancelados (spot 763.71)
2026-08-20 14:50:41 | DATA   | cadena 20260820: 98 contratos (ITM+OTM C/P) capturados y cancelados (spot 763.71)
2026-08-20 14:50:49 | DATA   | cadena 20260820: 98 contratos (ITM+OTM C/P) capturados y cancelados (spot 763.71)
2026-08-20 14:50:56 | DATA   | cadena 20260820: 98 contratos (ITM+OTM C/P) capturados y cancelados (spot 763.71)
=== NOTIF === 2026-08-20 14:51:02 | ORDEN | COMPRA VERTICAL SPY P L=761/S=759 x1 débito<=0.04
2026-08-20 14:51:03 | DATA   | backfill SPY 120 S 1 min useRTH=False
2026-08-20 14:51:07 | DATA   | cadena 20260820: 82 contratos (ITM+OTM C/P) capturados y cancelados (spot 763.59)
2026-08-20 14:51:07 | DATA   | cadena persistida 2026-08-20 14:51: 82 filas (fuente=live)
=== NOTIF === 2026-08-20 14:51:27 | ORDEN | COMPRA VERTICAL SPY P L=761/S=758 x1 débito<=0.05
=== NOTIF === 2026-08-20 14:51:51 | ORDEN | COMPRA VERTICAL SPY P L=761/S=757 x1 débito<=0.05
2026-08-20 14:52:03 | DATA   | backfill SPY 120 S 1 min useRTH=False
2026-08-20 14:52:07 | DATA   | cadena 20260820: 82 contratos (ITM+OTM C/P) capturados y cancelados (spot 763.67)
2026-08-20 14:52:07 | DATA   | cadena persistida 2026-08-20 14:52: 82 filas (fuente=live)
=== NOTIF === 2026-08-20 14:52:16 | ORDEN | COMPRA VERTICAL SPY P L=762/S=760 x1 débito<=0.10
=== NOTIF === 2026-08-20 14:52:40 | ORDEN | COMPRA VERTICAL SPY P L=762/S=759 x1 débito<=0.11
2026-08-20 14:53:02 | DATA   | backfill SPY 120 S 1 min useRTH=False
=== NOTIF === 2026-08-20 14:53:05 | ORDEN | COMPRA VERTICAL SPY P L=762/S=758 x1 débito<=0.12
2026-08-20 14:53:07 | DATA   | cadena 20260820: 82 contratos (ITM+OTM C/P) capturados y cancelados (spot 763.64)
2026-08-20 14:53:07 | DATA   | cadena persistida 2026-08-20 14:53: 82 filas (fuente=live)
2026-08-20 14:53:32 | DATA   | cadena 20260820: 98 contratos (ITM+OTM C/P) capturados y cancelados (spot 763.64)
2026-08-20 14:53:39 | DATA   | cadena 20260820: 98 contratos (ITM+OTM C/P) capturados y cancelados (spot 763.64)
2026-08-20 14:53:45 | DATA   | IBKR conectando a 127.0.0.1:4002 clientId=35
2026-08-20 14:53:47 | DATA   | cadena 20260820: 98 contratos (ITM+OTM C/P) capturados y cancelados (spot 763.64)
=== NOTIF === 2026-08-20 14:53:48 | IBKR | IBKR conectado (paper 4002)
2026-08-20 14:53:50 | DATA   | IBKR desconectado
2026-08-20 14:53:54 | DATA   | cadena 20260820: 98 contratos (ITM+OTM C/P) capturados y cancelados (spot 763.64)
=== NOTIF === 2026-08-20 14:54:00 | ORDEN | COMPRA VERTICAL SPY P L=763/S=760 x1 débito<=0.33
2026-08-20 14:54:02 | DATA   | backfill SPY 120 S 1 min useRTH=False
=== NOTIF === 2026-08-20 14:54:06 | ORDEN | COMPRA VERTICAL SPY P L=763/S=759 x1 débito<=0.33
2026-08-20 14:54:07 | DATA   | cadena 20260820: 82 contratos (ITM+OTM C/P) capturados y cancelados (spot 763.55)
2026-08-20 14:54:07 | DATA   | cadena persistida 2026-08-20 14:54: 82 filas (fuente=live)
=== NOTIF === 2026-08-20 14:54:12 | ORDEN | COMPRA VERTICAL SPY C L=761/S=763 x1 débito<=1.70
=== NOTIF === 2026-08-20 14:54:17 | ORDEN | COMPRA VERTICAL SPY C L=760/S=762 x1 débito<=1.88
=== NOTIF === 2026-08-20 14:54:22 | ORDEN | COMPRA VERTICAL SPY C L=760/S=763 x1 débito<=2.69
=== NOTIF === 2026-08-20 14:54:26 | ORDEN | COMPRA VERTICAL SPY C L=759/S=761 x1 débito<=1.90
2026-08-20 14:54:53 | DATA   | cadena 20260820: 98 contratos (ITM+OTM C/P) capturados y cancelados (spot 763.55)
2026-08-20 14:55:01 | DATA   | cadena 20260820: 98 contratos (ITM+OTM C/P) capturados y cancelados (spot 763.55)
2026-08-20 14:55:02 | DATA   | backfill SPY 120 S 1 min useRTH=False
2026-08-20 14:55:07 | DATA   | cadena 20260820: 82 contratos (ITM+OTM C/P) capturados y cancelados (spot 763.61)
2026-08-20 14:55:07 | DATA   | cadena persistida 2026-08-20 14:55: 82 filas (fuente=live)
=== NOTIF === 2026-08-20 14:55:07 | ORDEN | COMPRA VERTICAL SPY C L=759/S=762 x1 débito<=2.87
=== NOTIF === 2026-08-20 14:55:13 | ORDEN | COMPRA VERTICAL SPY P L=769/S=766 x1 débito<=2.96
=== NOTIF === 2026-08-20 14:55:38 | ORDEN | COMPRA VERTICAL SPY C L=759/S=763 x1 débito<=3.70
=== NOTIF === 2026-08-20 14:55:43 | ORDEN | COMPRA VERTICAL SPY P L=769/S=765 x1 débito<=3.84
2026-08-20 14:55:50 | DATA   | cadena 20260820: 98 contratos (ITM+OTM C/P) capturados y cancelados (spot 763.61)
2026-08-20 14:55:57 | DATA   | cadena 20260820: 98 contratos (ITM+OTM C/P) capturados y cancelados (spot 763.61)
2026-08-20 14:56:02 | DATA   | backfill SPY 120 S 1 min useRTH=False
2026-08-20 14:56:04 | DATA   | cadena 20260820: 98 contratos (ITM+OTM C/P) capturados y cancelados (spot 763.61)
2026-08-20 14:56:10 | DATA   | cadena 20260820: 82 contratos (ITM+OTM C/P) capturados y cancelados (spot 763.60)
2026-08-20 14:56:10 | DATA   | cadena persistida 2026-08-20 14:56: 82 filas (fuente=live)
2026-08-20 14:56:14 | DATA   | cadena 20260820: 98 contratos (ITM+OTM C/P) capturados y cancelados (spot 763.60)
2026-08-20 14:56:22 | DATA   | cadena 20260820: 98 contratos (ITM+OTM C/P) capturados y cancelados (spot 763.60)
2026-08-20 14:56:29 | DATA   | cadena 20260820: 98 contratos (ITM+OTM C/P) capturados y cancelados (spot 763.60)
2026-08-20 14:56:37 | DATA   | cadena 20260820: 98 contratos (ITM+OTM C/P) capturados y cancelados (spot 763.60)
2026-08-20 14:56:44 | DATA   | cadena 20260820: 98 contratos (ITM+OTM C/P) capturados y cancelados (spot 763.60)
=== NOTIF === 2026-08-20 14:56:50 | ORDEN | COMPRA VERTICAL SPY P L=761/S=759 x1 débito<=0.03
2026-08-20 14:57:00 | DATA   | backfill SPY 120 S 1 min useRTH=False
2026-08-20 14:57:04 | DATA   | cadena 20260820: 82 contratos (ITM+OTM C/P) capturados y cancelados (spot 763.55)
2026-08-20 14:57:04 | DATA   | cadena persistida 2026-08-20 14:57: 82 filas (fuente=live)
=== NOTIF === 2026-08-20 14:57:15 | ORDEN | COMPRA VERTICAL SPY P L=761/S=758 x1 débito<=0.04
=== NOTIF === 2026-08-20 14:57:39 | ORDEN | COMPRA VERTICAL SPY P L=761/S=757 x1 débito<=0.04
2026-08-20 14:58:00 | DATA   | backfill SPY 120 S 1 min useRTH=False
2026-08-20 14:58:04 | DATA   | cadena 20260820: 82 contratos (ITM+OTM C/P) capturados y cancelados (spot 763.48)
2026-08-20 14:58:04 | DATA   | cadena persistida 2026-08-20 14:58: 82 filas (fuente=live)
=== NOTIF === 2026-08-20 14:58:06 | ORDEN | COMPRA VERTICAL SPY P L=762/S=760 x1 débito<=0.11
=== NOTIF === 2026-08-20 14:58:30 | ORDEN | COMPRA VERTICAL SPY P L=762/S=759 x1 débito<=0.13
2026-08-20 14:58:50 | DATA   | IBKR conectando a 127.0.0.1:4002 clientId=35
=== NOTIF === 2026-08-20 14:58:51 | IBKR | IBKR conectado (paper 4002)
2026-08-20 14:58:51 | DATA   | IBKR desconectado
=== NOTIF === 2026-08-20 14:58:55 | ORDEN | COMPRA VERTICAL SPY P L=762/S=758 x1 débito<=0.15
2026-08-20 14:59:00 | DATA   | cadena 20260820: 14 contratos (ITM+OTM C/P) capturados y cancelados (spot 763.60)
=== NOTIF === 2026-08-20 14:59:03 | RIESGO | BAG no cerró (2 pata/s viva/s) — cierre por patas al MID
=== NOTIF === 2026-08-20 14:59:03 | ORDEN | CIERRE MERCADO SPY P 758 x1
2026-08-20 14:59:04 | DATA   | backfill SPY 120 S 1 min useRTH=False
2026-08-20 14:59:09 | DATA   | cadena 20260820: 82 contratos (ITM+OTM C/P) capturados y cancelados (spot 763.46)
2026-08-20 14:59:09 | DATA   | cadena persistida 2026-08-20 14:59: 82 filas (fuente=live)
=== NOTIF === 2026-08-20 14:59:09 | RIESGO | SYNC 14:59: IBKR tiene 1 pata(s) 0DTE y el sistema se creía PLANO — adoptando
=== NOTIF === 2026-08-20 14:59:09 | RIESGO | ⚠️ 1 pata(s) 0DTE abiertas en IBKR SIN operación abierta en la BD — no se reconstruye; revisar y cerrar a mano
=== NOTIF === 2026-08-20 14:59:12 | ORDEN | CIERRE MERCADO SPY P 762 x1
2026-08-20 14:59:25 | DATA   | cadena 20260820: 98 contratos (ITM+OTM C/P) capturados y cancelados (spot 763.46)
2026-08-20 14:59:32 | DATA   | cadena 20260820: 98 contratos (ITM+OTM C/P) capturados y cancelados (spot 763.46)
=== NOTIF === 2026-08-20 14:59:38 | ORDEN | COMPRA VERTICAL SPY P L=762/S=760 x1 débito<=0.13
=== NOTIF === 2026-08-20 15:00:04 | ORDEN | COMPRA VERTICAL SPY P L=762/S=759 x1 débito<=0.17
2026-08-20 15:00:04 | DATA   | backfill SPY 120 S 1 min useRTH=False
2026-08-20 15:00:09 | DATA   | cadena 20260820: 82 contratos (ITM+OTM C/P) capturados y cancelados (spot 763.24)
2026-08-20 15:00:09 | DATA   | cadena persistida 2026-08-20 15:00: 82 filas (fuente=live)
2026-08-20 15:00:27 | DATA   | cadena 20260820: 14 contratos (ITM+OTM C/P) capturados y cancelados (spot 763.46)
=== NOTIF === 2026-08-20 15:00:55 | RIESGO | BAG no cerró (2 pata/s viva/s) — cierre por patas al MID
=== NOTIF === 2026-08-20 15:00:55 | ORDEN | CIERRE MERCADO SPY P 759 x1
=== NOTIF === 2026-08-20 15:01:03 | ORDEN | CIERRE MERCADO SPY P 762 x1
2026-08-20 15:01:04 | DATA   | backfill SPY 120 S 1 min useRTH=False
2026-08-20 15:01:09 | DATA   | cadena 20260820: 82 contratos (ITM+OTM C/P) capturados y cancelados (spot 763.27)
2026-08-20 15:01:09 | DATA   | cadena persistida 2026-08-20 15:01: 82 filas (fuente=live)
=== NOTIF === 2026-08-20 15:01:14 | ORDEN | COMPRA VERTICAL SPY P L=762/S=758 x1 débito<=0.15
=== NOTIF === 2026-08-20 15:01:39 | ORDEN | COMPRA VERTICAL SPY P L=763/S=761 x1 débito<=0.36
=== NOTIF === 2026-08-20 15:01:44 | ORDEN | COMPRA VERTICAL SPY P L=763/S=760 x1 débito<=0.39
=== NOTIF === 2026-08-20 15:01:49 | ORDEN | COMPRA VERTICAL SPY P L=763/S=759 x1 débito<=0.42
2026-08-20 15:01:56 | DATA   | cadena 20260820: 98 contratos (ITM+OTM C/P) capturados y cancelados (spot 763.27)
=== NOTIF === 2026-08-20 15:02:01 | ORDEN | COMPRA VERTICAL SPY C L=762/S=764 x1 débito<=1.16
2026-08-20 15:02:04 | DATA   | backfill SPY 120 S 1 min useRTH=False
=== NOTIF === 2026-08-20 15:02:07 | ORDEN | COMPRA VERTICAL SPY P L=764/S=762 x1 débito<=0.84
2026-08-20 15:02:08 | DATA   | cadena 20260820: 82 contratos (ITM+OTM C/P) capturados y cancelados (spot 763.22)
2026-08-20 15:02:08 | DATA   | cadena persistida 2026-08-20 15:02: 82 filas (fuente=live)
=== NOTIF === 2026-08-20 15:02:12 | ORDEN | COMPRA VERTICAL SPY C L=762/S=765 x1 débito<=1.34
=== NOTIF === 2026-08-20 15:02:17 | ORDEN | COMPRA VERTICAL SPY P L=764/S=761 x1 débito<=0.96
=== NOTIF === 2026-08-20 15:02:22 | ORDEN | COMPRA VERTICAL SPY C L=762/S=766 x1 débito<=1.40
=== NOTIF === 2026-08-20 15:02:27 | ORDEN | COMPRA VERTICAL SPY P L=764/S=760 x1 débito<=0.98
2026-08-20 15:02:34 | DATA   | cadena 20260820: 98 contratos (ITM+OTM C/P) capturados y cancelados (spot 763.22)
=== NOTIF === 2026-08-20 15:02:40 | ORDEN | COMPRA VERTICAL SPY C L=761/S=763 x1 débito<=1.62
=== NOTIF === 2026-08-20 15:02:45 | ORDEN | COMPRA VERTICAL SPY C L=760/S=762 x1 débito<=1.82
=== NOTIF === 2026-08-20 15:02:50 | ORDEN | COMPRA VERTICAL SPY C L=760/S=763 x1 débito<=2.57
=== NOTIF === 2026-08-20 15:02:55 | ORDEN | COMPRA VERTICAL SPY C L=759/S=761 x1 débito<=1.90
2026-08-20 15:03:03 | DATA   | backfill SPY 120 S 1 min useRTH=False
2026-08-20 15:03:08 | DATA   | cadena 20260820: 82 contratos (ITM+OTM C/P) capturados y cancelados (spot 763.37)
2026-08-20 15:03:08 | DATA   | cadena persistida 2026-08-20 15:03: 82 filas (fuente=live)
=== NOTIF === 2026-08-20 15:03:19 | ORDEN | COMPRA VERTICAL SPY C L=759/S=762 x1 débito<=2.88
=== NOTIF === 2026-08-20 15:03:24 | ORDEN | COMPRA VERTICAL SPY C L=759/S=763 x1 débito<=3.61
2026-08-20 15:03:31 | DATA   | cadena 20260820: 98 contratos (ITM+OTM C/P) capturados y cancelados (spot 763.37)
2026-08-20 15:03:39 | DATA   | cadena 20260820: 98 contratos (ITM+OTM C/P) capturados y cancelados (spot 763.37)
=== NOTIF === 2026-08-20 15:03:45 | ORDEN | COMPRA VERTICAL SPY C L=758/S=760 x1 débito<=1.98
2026-08-20 15:03:51 | DATA   | IBKR conectando a 127.0.0.1:4002 clientId=35
=== NOTIF === 2026-08-20 15:03:52 | IBKR | IBKR conectado (paper 4002)
2026-08-20 15:03:52 | DATA   | IBKR desconectado
2026-08-20 15:04:03 | DATA   | backfill SPY 120 S 1 min useRTH=False
2026-08-20 15:04:08 | DATA   | cadena 20260820: 82 contratos (ITM+OTM C/P) capturados y cancelados (spot 763.32)
2026-08-20 15:04:08 | DATA   | cadena persistida 2026-08-20 15:04: 82 filas (fuente=live)
=== NOTIF === 2026-08-20 15:04:11 | ORDEN | COMPRA VERTICAL SPY C L=758/S=761 x1 débito<=2.96
=== NOTIF === 2026-08-20 15:04:35 | ORDEN | COMPRA VERTICAL SPY C L=758/S=762 x1 débito<=3.81
2026-08-20 15:04:43 | DATA   | cadena 20260820: 98 contratos (ITM+OTM C/P) capturados y cancelados (spot 763.32)
2026-08-20 15:04:50 | DATA   | cadena 20260820: 98 contratos (ITM+OTM C/P) capturados y cancelados (spot 763.32)
2026-08-20 15:04:58 | DATA   | cadena 20260820: 98 contratos (ITM+OTM C/P) capturados y cancelados (spot 763.32)
2026-08-20 15:05:03 | DATA   | backfill SPY 120 S 1 min useRTH=False
2026-08-20 15:05:05 | DATA   | cadena 20260820: 98 contratos (ITM+OTM C/P) capturados y cancelados (spot 763.32)
2026-08-20 15:05:10 | DATA   | cadena 20260820: 82 contratos (ITM+OTM C/P) capturados y cancelados (spot 763.42)
2026-08-20 15:05:10 | DATA   | cadena persistida 2026-08-20 15:05: 82 filas (fuente=live)
2026-08-20 15:05:14 | DATA   | cadena 20260820: 98 contratos (ITM+OTM C/P) capturados y cancelados (spot 763.42)
2026-08-20 15:05:22 | DATA   | cadena 20260820: 98 contratos (ITM+OTM C/P) capturados y cancelados (spot 763.42)
2026-08-20 15:05:30 | DATA   | cadena 20260820: 98 contratos (ITM+OTM C/P) capturados y cancelados (spot 763.42)
2026-08-20 15:05:37 | DATA   | cadena 20260820: 98 contratos (ITM+OTM C/P) capturados y cancelados (spot 763.42)
=== NOTIF === 2026-08-20 15:05:43 | ORDEN | COMPRA VERTICAL SPY P L=760/S=758 x1 débito<=0.02
2026-08-20 15:06:00 | DATA   | backfill SPY 120 S 1 min useRTH=False
2026-08-20 15:06:05 | DATA   | cadena 20260820: 82 contratos (ITM+OTM C/P) capturados y cancelados (spot 763.52)
2026-08-20 15:06:05 | DATA   | cadena persistida 2026-08-20 15:06: 82 filas (fuente=live)
=== NOTIF === 2026-08-20 15:06:05 | RIESGO | SYNC 15:06: IBKR tiene 2 pata(s) 0DTE y el sistema se creía PLANO — adoptando
=== NOTIF === 2026-08-20 15:06:05 | RIESGO | ⚠️ 2 pata(s) 0DTE abiertas en IBKR SIN operación abierta en la BD — no se reconstruye; revisar y cerrar a mano
2026-08-20 15:06:06 | DATA   | cadena 20260820: 14 contratos (ITM+OTM C/P) capturados y cancelados (spot 763.42)
=== NOTIF === 2026-08-20 15:06:18 | RIESGO | BAG no cerró (2 pata/s viva/s) — cierre por patas al MID
=== NOTIF === 2026-08-20 15:06:18 | ORDEN | CIERRE MERCADO SPY P 758 x1
=== NOTIF === 2026-08-20 15:06:26 | ORDEN | CIERRE MERCADO SPY P 760 x1
=== NOTIF === 2026-08-20 15:06:34 | RIESGO | BAG no cerró (1 pata/s viva/s) — cierre por patas a MERCADO (último recurso)
=== NOTIF === 2026-08-20 15:06:34 | ORDEN | CIERRE MERCADO SPY P 760 x1
=== NOTIF === 2026-08-20 15:06:47 | ORDEN | COMPRA VERTICAL SPY P L=760/S=757 x1 débito<=0.01
2026-08-20 15:07:00 | DATA   | backfill SPY 120 S 1 min useRTH=False
2026-08-20 15:07:05 | DATA   | cadena 20260820: 82 contratos (ITM+OTM C/P) capturados y cancelados (spot 763.59)
2026-08-20 15:07:05 | DATA   | cadena persistida 2026-08-20 15:07: 82 filas (fuente=live)
=== NOTIF === 2026-08-20 15:07:11 | ORDEN | COMPRA VERTICAL SPY P L=760/S=756 x1 débito<=0.01
=== NOTIF === 2026-08-20 15:07:36 | ORDEN | COMPRA VERTICAL SPY P L=761/S=759 x1 débito<=0.04
2026-08-20 15:07:44 | DATA   | cadena 20260820: 14 contratos (ITM+OTM C/P) capturados y cancelados (spot 763.42)
2026-08-20 15:08:00 | DATA   | backfill SPY 120 S 1 min useRTH=False
2026-08-20 15:08:04 | DATA   | cadena 20260820: 82 contratos (ITM+OTM C/P) capturados y cancelados (spot 763.62)
2026-08-20 15:08:04 | DATA   | cadena persistida 2026-08-20 15:08: 82 filas (fuente=live)
=== NOTIF === 2026-08-20 15:08:05 | RIESGO | SYNC 15:08: IBKR tiene 2 pata(s) 0DTE y el sistema se creía PLANO — adoptando
=== NOTIF === 2026-08-20 15:08:05 | RIESGO | ⚠️ 2 pata(s) 0DTE abiertas en IBKR SIN operación abierta en la BD — no se reconstruye; revisar y cerrar a mano
=== NOTIF === 2026-08-20 15:08:12 | RIESGO | BAG no cerró (2 pata/s viva/s) — cierre por patas al MID
=== NOTIF === 2026-08-20 15:08:12 | ORDEN | CIERRE MERCADO SPY P 759 x1
=== NOTIF === 2026-08-20 15:08:20 | ORDEN | CIERRE MERCADO SPY P 761 x1
=== NOTIF === 2026-08-20 15:08:31 | ORDEN | COMPRA VERTICAL SPY P L=761/S=758 x1 débito<=0.03
2026-08-20 15:08:52 | DATA   | IBKR conectando a 127.0.0.1:4002 clientId=35
=== NOTIF === 2026-08-20 15:08:52 | IBKR | IBKR conectado (paper 4002)
2026-08-20 15:08:52 | DATA   | IBKR desconectado
=== NOTIF === 2026-08-20 15:08:55 | ORDEN | COMPRA VERTICAL SPY P L=761/S=757 x1 débito<=0.03
2026-08-20 15:09:00 | DATA   | backfill SPY 120 S 1 min useRTH=False
2026-08-20 15:09:04 | DATA   | cadena 20260820: 82 contratos (ITM+OTM C/P) capturados y cancelados (spot 763.62)
2026-08-20 15:09:04 | DATA   | cadena persistida 2026-08-20 15:09: 82 filas (fuente=live)
2026-08-20 15:09:22 | DATA   | cadena 20260820: 98 contratos (ITM+OTM C/P) capturados y cancelados (spot 763.62)
2026-08-20 15:09:30 | DATA   | cadena 20260820: 98 contratos (ITM+OTM C/P) capturados y cancelados (spot 763.62)
2026-08-20 15:09:37 | DATA   | cadena 20260820: 98 contratos (ITM+OTM C/P) capturados y cancelados (spot 763.62)
2026-08-20 15:09:45 | DATA   | cadena 20260820: 98 contratos (ITM+OTM C/P) capturados y cancelados (spot 763.62)
2026-08-20 15:09:52 | DATA   | cadena 20260820: 98 contratos (ITM+OTM C/P) capturados y cancelados (spot 763.62)
2026-08-20 15:09:59 | DATA   | cadena 20260820: 98 contratos (ITM+OTM C/P) capturados y cancelados (spot 763.62)
2026-08-20 15:10:04 | DATA   | backfill SPY 120 S 1 min useRTH=False
=== NOTIF === 2026-08-20 15:10:06 | ORDEN | COMPRA VERTICAL SPY P L=763/S=759 x1 débito<=0.27
2026-08-20 15:10:09 | DATA   | cadena 20260820: 82 contratos (ITM+OTM C/P) capturados y cancelados (spot 763.62)
2026-08-20 15:10:09 | DATA   | cadena persistida 2026-08-20 15:10: 82 filas (fuente=live)
=== NOTIF === 2026-08-20 15:10:13 | ORDEN | COMPRA VERTICAL SPY C L=762/S=764 x1 débito<=1.37
=== NOTIF === 2026-08-20 15:10:18 | ORDEN | COMPRA VERTICAL SPY C L=761/S=763 x1 débito<=1.76
=== NOTIF === 2026-08-20 15:10:23 | ORDEN | COMPRA VERTICAL SPY C L=761/S=764 x1 débito<=2.30
=== NOTIF === 2026-08-20 15:10:28 | ORDEN | COMPRA VERTICAL SPY C L=760/S=762 x1 débito<=1.89
=== NOTIF === 2026-08-20 15:10:33 | ORDEN | COMPRA VERTICAL SPY C L=760/S=763 x1 débito<=2.69
2026-08-20 15:10:40 | DATA   | cadena 20260820: 98 contratos (ITM+OTM C/P) capturados y cancelados (spot 763.62)
2026-08-20 15:10:47 | DATA   | cadena 20260820: 98 contratos (ITM+OTM C/P) capturados y cancelados (spot 763.62)
=== NOTIF === 2026-08-20 15:10:53 | ORDEN | COMPRA VERTICAL SPY C L=760/S=764 x1 débito<=3.25
=== NOTIF === 2026-08-20 15:10:58 | ORDEN | COMPRA VERTICAL SPY C L=759/S=761 x1 débito<=1.98
2026-08-20 15:11:04 | DATA   | backfill SPY 120 S 1 min useRTH=False
2026-08-20 15:11:09 | DATA   | cadena 20260820: 82 contratos (ITM+OTM C/P) capturados y cancelados (spot 763.50)
2026-08-20 15:11:09 | DATA   | cadena persistida 2026-08-20 15:11: 82 filas (fuente=live)
=== NOTIF === 2026-08-20 15:11:22 | ORDEN | COMPRA VERTICAL SPY C L=759/S=762 x1 débito<=2.92
=== NOTIF === 2026-08-20 15:11:28 | ORDEN | COMPRA VERTICAL SPY C L=759/S=763 x1 débito<=3.69
2026-08-20 15:11:35 | DATA   | cadena 20260820: 98 contratos (ITM+OTM C/P) capturados y cancelados (spot 763.50)
2026-08-20 15:11:42 | DATA   | cadena 20260820: 98 contratos (ITM+OTM C/P) capturados y cancelados (spot 763.50)
2026-08-20 15:11:50 | DATA   | cadena 20260820: 98 contratos (ITM+OTM C/P) capturados y cancelados (spot 763.50)
2026-08-20 15:11:57 | DATA   | cadena 20260820: 98 contratos (ITM+OTM C/P) capturados y cancelados (spot 763.50)
2026-08-20 15:12:04 | DATA   | backfill SPY 120 S 1 min useRTH=False
2026-08-20 15:12:04 | DATA   | cadena 20260820: 98 contratos (ITM+OTM C/P) capturados y cancelados (spot 763.50)
2026-08-20 15:12:11 | DATA   | cadena 20260820: 82 contratos (ITM+OTM C/P) capturados y cancelados (spot 763.47)
2026-08-20 15:12:11 | DATA   | cadena persistida 2026-08-20 15:12: 82 filas (fuente=live)
2026-08-20 15:12:13 | DATA   | cadena 20260820: 98 contratos (ITM+OTM C/P) capturados y cancelados (spot 763.50)
2026-08-20 15:12:22 | DATA   | cadena 20260820: 98 contratos (ITM+OTM C/P) capturados y cancelados (spot 763.47)
2026-08-20 15:12:29 | DATA   | cadena 20260820: 98 contratos (ITM+OTM C/P) capturados y cancelados (spot 763.47)
2026-08-20 15:12:37 | DATA   | cadena 20260820: 98 contratos (ITM+OTM C/P) capturados y cancelados (spot 763.47)
2026-08-20 15:12:44 | DATA   | cadena 20260820: 98 contratos (ITM+OTM C/P) capturados y cancelados (spot 763.47)
2026-08-20 15:12:51 | DATA   | cadena 20260820: 98 contratos (ITM+OTM C/P) capturados y cancelados (spot 763.47)
2026-08-20 15:12:59 | DATA   | cadena 20260820: 98 contratos (ITM+OTM C/P) capturados y cancelados (spot 763.47)
2026-08-20 15:13:01 | DATA   | backfill SPY 120 S 1 min useRTH=False
2026-08-20 15:13:08 | DATA   | cadena 20260820: 82 contratos (ITM+OTM C/P) capturados y cancelados (spot 763.44)
2026-08-20 15:13:08 | DATA   | cadena persistida 2026-08-20 15:13: 82 filas (fuente=live)
2026-08-20 15:13:08 | DATA   | cadena 20260820: 98 contratos (ITM+OTM C/P) capturados y cancelados (spot 763.47)
2026-08-20 15:13:17 | DATA   | cadena 20260820: 98 contratos (ITM+OTM C/P) capturados y cancelados (spot 763.44)
=== NOTIF === 2026-08-20 15:13:23 | ORDEN | COMPRA VERTICAL SPY P L=761/S=759 x1 débito<=0.03
=== NOTIF === 2026-08-20 15:13:48 | ORDEN | COMPRA VERTICAL SPY P L=761/S=758 x1 débito<=0.03
2026-08-20 15:13:52 | DATA   | IBKR conectando a 127.0.0.1:4002 clientId=35
=== NOTIF === 2026-08-20 15:13:53 | IBKR | IBKR conectado (paper 4002)
2026-08-20 15:13:53 | DATA   | IBKR desconectado
2026-08-20 15:14:03 | DATA   | backfill SPY 120 S 1 min useRTH=False
2026-08-20 15:14:07 | DATA   | cadena 20260820: 82 contratos (ITM+OTM C/P) capturados y cancelados (spot 763.57)
2026-08-20 15:14:07 | DATA   | cadena persistida 2026-08-20 15:14: 82 filas (fuente=live)
=== NOTIF === 2026-08-20 15:14:13 | ORDEN | COMPRA VERTICAL SPY P L=761/S=757 x1 débito<=0.03
2026-08-20 15:14:26 | DATA   | cadena 20260820: 14 contratos (ITM+OTM C/P) capturados y cancelados (spot 763.44)
=== NOTIF === 2026-08-20 15:14:29 | RIESGO | BAG no cerró (2 pata/s viva/s) — cierre por patas al MID
=== NOTIF === 2026-08-20 15:14:29 | ORDEN | CIERRE MERCADO SPY P 757 x1
=== NOTIF === 2026-08-20 15:14:37 | ORDEN | CIERRE MERCADO SPY P 761 x1
=== NOTIF === 2026-08-20 15:14:48 | ORDEN | COMPRA VERTICAL SPY P L=762/S=760 x1 débito<=0.08
2026-08-20 15:14:52 | DATA   | cadena 20260820: 14 contratos (ITM+OTM C/P) capturados y cancelados (spot 763.44)
2026-08-20 15:15:03 | DATA   | backfill SPY 120 S 1 min useRTH=False
2026-08-20 15:15:07 | DATA   | cadena 20260820: 82 contratos (ITM+OTM C/P) capturados y cancelados (spot 763.54)
2026-08-20 15:15:07 | DATA   | cadena persistida 2026-08-20 15:15: 82 filas (fuente=live)
=== NOTIF === 2026-08-20 15:15:07 | RIESGO | SYNC 15:15: IBKR tiene 2 pata(s) 0DTE y el sistema se creía PLANO — adoptando
=== NOTIF === 2026-08-20 15:15:07 | RIESGO | ⚠️ 2 pata(s) 0DTE abiertas en IBKR SIN operación abierta en la BD — no se reconstruye; revisar y cerrar a mano
=== NOTIF === 2026-08-20 15:15:20 | RIESGO | BAG no cerró (2 pata/s viva/s) — cierre por patas al MID
=== NOTIF === 2026-08-20 15:15:20 | ORDEN | CIERRE MERCADO SPY P 760 x1
=== NOTIF === 2026-08-20 15:15:28 | ORDEN | CIERRE MERCADO SPY P 762 x1
=== NOTIF === 2026-08-20 15:15:39 | ORDEN | COMPRA VERTICAL SPY P L=762/S=759 x1 débito<=0.06
2026-08-20 15:16:02 | DATA   | backfill SPY 120 S 1 min useRTH=False
=== NOTIF === 2026-08-20 15:16:04 | ORDEN | COMPRA VERTICAL SPY P L=762/S=758 x1 débito<=0.06
2026-08-20 15:16:07 | DATA   | cadena 20260820: 82 contratos (ITM+OTM C/P) capturados y cancelados (spot 763.73)
2026-08-20 15:16:07 | DATA   | cadena persistida 2026-08-20 15:16: 82 filas (fuente=live)
2026-08-20 15:16:31 | DATA   | cadena 20260820: 98 contratos (ITM+OTM C/P) capturados y cancelados (spot 763.73)
2026-08-20 15:16:38 | DATA   | cadena 20260820: 98 contratos (ITM+OTM C/P) capturados y cancelados (spot 763.73)
=== NOTIF === 2026-08-20 15:16:44 | ORDEN | COMPRA VERTICAL SPY P L=764/S=762 x1 débito<=0.55
=== NOTIF === 2026-08-20 15:16:49 | ORDEN | COMPRA VERTICAL SPY P L=764/S=761 x1 débito<=0.59
=== NOTIF === 2026-08-20 15:16:54 | ORDEN | COMPRA VERTICAL SPY P L=764/S=760 x1 débito<=0.65
=== NOTIF === 2026-08-20 15:16:59 | ORDEN | COMPRA VERTICAL SPY C L=762/S=764 x1 débito<=1.39
2026-08-20 15:17:02 | DATA   | backfill SPY 120 S 1 min useRTH=False
=== NOTIF === 2026-08-20 15:17:05 | ORDEN | COMPRA VERTICAL SPY C L=761/S=763 x1 débito<=1.80
2026-08-20 15:17:07 | DATA   | cadena 20260820: 82 contratos (ITM+OTM C/P) capturados y cancelados (spot 763.64)
2026-08-20 15:17:07 | DATA   | cadena persistida 2026-08-20 15:17: 82 filas (fuente=live)
=== NOTIF === 2026-08-20 15:17:11 | ORDEN | COMPRA VERTICAL SPY C L=761/S=764 x1 débito<=2.33
2026-08-20 15:17:18 | DATA   | cadena 20260820: 98 contratos (ITM+OTM C/P) capturados y cancelados (spot 763.64)
2026-08-20 15:17:25 | DATA   | cadena 20260820: 98 contratos (ITM+OTM C/P) capturados y cancelados (spot 763.64)
2026-08-20 15:17:33 | DATA   | cadena 20260820: 98 contratos (ITM+OTM C/P) capturados y cancelados (spot 763.64)
2026-08-20 15:17:40 | DATA   | cadena 20260820: 98 contratos (ITM+OTM C/P) capturados y cancelados (spot 763.64)
=== NOTIF === 2026-08-20 15:17:46 | ORDEN | COMPRA VERTICAL SPY C L=760/S=762 x1 débito<=1.93
=== NOTIF === 2026-08-20 15:17:51 | ORDEN | COMPRA VERTICAL SPY P L=768/S=766 x1 débito<=1.97
2026-08-20 15:18:02 | DATA   | backfill SPY 120 S 1 min useRTH=False
2026-08-20 15:18:06 | DATA   | cadena 20260820: 82 contratos (ITM+OTM C/P) capturados y cancelados (spot 763.45)
2026-08-20 15:18:06 | DATA   | cadena persistida 2026-08-20 15:18: 82 filas (fuente=live)
=== NOTIF === 2026-08-20 15:18:16 | ORDEN | COMPRA VERTICAL SPY C L=760/S=763 x1 débito<=2.73
=== NOTIF === 2026-08-20 15:18:20 | ORDEN | COMPRA VERTICAL SPY P L=768/S=765 x1 débito<=2.93
=== NOTIF === 2026-08-20 15:18:25 | ORDEN | COMPRA VERTICAL SPY C L=760/S=764 x1 débito<=3.28
=== NOTIF === 2026-08-20 15:18:30 | ORDEN | COMPRA VERTICAL SPY P L=768/S=764 x1 débito<=3.71
2026-08-20 15:18:37 | DATA   | cadena 20260820: 98 contratos (ITM+OTM C/P) capturados y cancelados (spot 763.45)
=== NOTIF === 2026-08-20 15:18:43 | ORDEN | COMPRA VERTICAL SPY C L=758/S=760 x1 débito<=1.96
2026-08-20 15:18:53 | DATA   | IBKR conectando a 127.0.0.1:4002 clientId=35
=== NOTIF === 2026-08-20 15:18:54 | IBKR | IBKR conectado (paper 4002)
2026-08-20 15:18:54 | DATA   | IBKR desconectado
2026-08-20 15:19:02 | DATA   | backfill SPY 120 S 1 min useRTH=False
2026-08-20 15:19:06 | DATA   | cadena 20260820: 82 contratos (ITM+OTM C/P) capturados y cancelados (spot 763.47)
2026-08-20 15:19:06 | DATA   | cadena persistida 2026-08-20 15:19: 82 filas (fuente=live)
=== NOTIF === 2026-08-20 15:19:09 | ORDEN | COMPRA VERTICAL SPY C L=758/S=761 x1 débito<=3.00
2026-08-20 15:19:36 | DATA   | cadena 20260820: 98 contratos (ITM+OTM C/P) capturados y cancelados (spot 763.47)
2026-08-20 15:19:44 | DATA   | cadena 20260820: 98 contratos (ITM+OTM C/P) capturados y cancelados (spot 763.47)
2026-08-20 15:19:51 | DATA   | cadena 20260820: 98 contratos (ITM+OTM C/P) capturados y cancelados (spot 763.47)
2026-08-20 15:19:58 | DATA   | cadena 20260820: 98 contratos (ITM+OTM C/P) capturados y cancelados (spot 763.47)
2026-08-20 15:20:01 | DATA   | backfill SPY 120 S 1 min useRTH=False
2026-08-20 15:20:06 | DATA   | cadena 20260820: 98 contratos (ITM+OTM C/P) capturados y cancelados (spot 763.47)
2026-08-20 15:20:07 | DATA   | cadena 20260820: 82 contratos (ITM+OTM C/P) capturados y cancelados (spot 763.34)
2026-08-20 15:20:07 | DATA   | cadena persistida 2026-08-20 15:20: 82 filas (fuente=live)
2026-08-20 15:20:17 | DATA   | cadena 20260820: 98 contratos (ITM+OTM C/P) capturados y cancelados (spot 763.34)
2026-08-20 15:20:24 | DATA   | cadena 20260820: 98 contratos (ITM+OTM C/P) capturados y cancelados (spot 763.34)
2026-08-20 15:20:31 | DATA   | cadena 20260820: 98 contratos (ITM+OTM C/P) capturados y cancelados (spot 763.34)
2026-08-20 15:20:39 | DATA   | cadena 20260820: 98 contratos (ITM+OTM C/P) capturados y cancelados (spot 763.34)
2026-08-20 15:20:46 | DATA   | cadena 20260820: 98 contratos (ITM+OTM C/P) capturados y cancelados (spot 763.34)
2026-08-20 15:20:54 | DATA   | cadena 20260820: 98 contratos (ITM+OTM C/P) capturados y cancelados (spot 763.34)
2026-08-20 15:21:01 | DATA   | cadena 20260820: 98 contratos (ITM+OTM C/P) capturados y cancelados (spot 763.34)
2026-08-20 15:21:02 | DATA   | backfill SPY 120 S 1 min useRTH=False
2026-08-20 15:21:09 | DATA   | cadena 20260820: 82 contratos (ITM+OTM C/P) capturados y cancelados (spot 763.25)
2026-08-20 15:21:09 | DATA   | cadena persistida 2026-08-20 15:21: 82 filas (fuente=live)
2026-08-20 15:21:10 | DATA   | cadena 20260820: 98 contratos (ITM+OTM C/P) capturados y cancelados (spot 763.34)
2026-08-20 15:21:19 | DATA   | cadena 20260820: 98 contratos (ITM+OTM C/P) capturados y cancelados (spot 763.25)
=== NOTIF === 2026-08-20 15:21:25 | ORDEN | COMPRA VERTICAL SPY P L=761/S=759 x1 débito<=0.02
=== NOTIF === 2026-08-20 15:21:50 | ORDEN | COMPRA VERTICAL SPY P L=761/S=758 x1 débito<=0.02
2026-08-20 15:22:04 | DATA   | backfill SPY 120 S 1 min useRTH=False
2026-08-20 15:22:09 | DATA   | cadena 20260820: 82 contratos (ITM+OTM C/P) capturados y cancelados (spot 763.33)
2026-08-20 15:22:09 | DATA   | cadena persistida 2026-08-20 15:22: 82 filas (fuente=live)
=== NOTIF === 2026-08-20 15:22:14 | ORDEN | COMPRA VERTICAL SPY P L=761/S=757 x1 débito<=0.02
=== NOTIF === 2026-08-20 15:22:39 | ORDEN | COMPRA VERTICAL SPY P L=762/S=760 x1 débito<=0.07
2026-08-20 15:23:02 | DATA   | cadena 20260820: 14 contratos (ITM+OTM C/P) capturados y cancelados (spot 763.25)
2026-08-20 15:23:04 | DATA   | backfill SPY 120 S 1 min useRTH=False
=== NOTIF === 2026-08-20 15:23:05 | RIESGO | BAG no cerró (2 pata/s viva/s) — cierre por patas al MID
=== NOTIF === 2026-08-20 15:23:06 | ORDEN | CIERRE MERCADO SPY P 760 x1
2026-08-20 15:23:09 | DATA   | cadena 20260820: 82 contratos (ITM+OTM C/P) capturados y cancelados (spot 763.50)
2026-08-20 15:23:09 | DATA   | cadena persistida 2026-08-20 15:23: 82 filas (fuente=live)
=== NOTIF === 2026-08-20 15:23:09 | RIESGO | SYNC 15:23: IBKR tiene 1 pata(s) 0DTE y el sistema se creía PLANO — adoptando
=== NOTIF === 2026-08-20 15:23:09 | RIESGO | ⚠️ 1 pata(s) 0DTE abiertas en IBKR SIN operación abierta en la BD — no se reconstruye; revisar y cerrar a mano
=== NOTIF === 2026-08-20 15:23:14 | ORDEN | CIERRE MERCADO SPY P 762 x1
=== NOTIF === 2026-08-20 15:23:24 | ORDEN | COMPRA VERTICAL SPY P L=762/S=759 x1 débito<=0.06
=== NOTIF === 2026-08-20 15:23:49 | ORDEN | COMPRA VERTICAL SPY P L=762/S=758 x1 débito<=0.06
2026-08-20 15:23:54 | DATA   | IBKR conectando a 127.0.0.1:4002 clientId=35
=== NOTIF === 2026-08-20 15:23:55 | IBKR | IBKR conectado (paper 4002)
2026-08-20 15:23:55 | DATA   | IBKR desconectado
2026-08-20 15:24:04 | DATA   | backfill SPY 120 S 1 min useRTH=False
2026-08-20 15:24:08 | DATA   | cadena 20260820: 82 contratos (ITM+OTM C/P) capturados y cancelados (spot 763.58)
2026-08-20 15:24:08 | DATA   | cadena persistida 2026-08-20 15:24: 82 filas (fuente=live)
2026-08-20 15:24:16 | DATA   | cadena 20260820: 98 contratos (ITM+OTM C/P) capturados y cancelados (spot 763.58)
2026-08-20 15:24:23 | DATA   | cadena 20260820: 98 contratos (ITM+OTM C/P) capturados y cancelados (spot 763.58)
=== NOTIF === 2026-08-20 15:24:29 | ORDEN | COMPRA VERTICAL SPY P L=764/S=762 x1 débito<=0.58
=== NOTIF === 2026-08-20 15:24:34 | ORDEN | COMPRA VERTICAL SPY P L=764/S=761 x1 débito<=0.62
=== NOTIF === 2026-08-20 15:24:39 | ORDEN | COMPRA VERTICAL SPY P L=764/S=760 x1 débito<=0.66
=== NOTIF === 2026-08-20 15:24:44 | ORDEN | COMPRA VERTICAL SPY C L=762/S=764 x1 débito<=1.41
=== NOTIF === 2026-08-20 15:24:48 | ORDEN | COMPRA VERTICAL SPY C L=761/S=763 x1 débito<=1.79
=== NOTIF === 2026-08-20 15:24:53 | ORDEN | COMPRA VERTICAL SPY C L=761/S=764 x1 débito<=2.37
2026-08-20 15:25:00 | DATA   | cadena 20260820: 98 contratos (ITM+OTM C/P) capturados y cancelados (spot 763.58)
2026-08-20 15:25:04 | DATA   | backfill SPY 120 S 1 min useRTH=False
2026-08-20 15:25:08 | DATA   | cadena 20260820: 98 contratos (ITM+OTM C/P) capturados y cancelados (spot 763.58)
2026-08-20 15:25:10 | DATA   | cadena 20260820: 82 contratos (ITM+OTM C/P) capturados y cancelados (spot 763.65)
2026-08-20 15:25:10 | DATA   | cadena persistida 2026-08-20 15:25: 82 filas (fuente=live)
2026-08-20 15:25:19 | DATA   | cadena 20260820: 98 contratos (ITM+OTM C/P) capturados y cancelados (spot 763.65)
2026-08-20 15:25:26 | DATA   | cadena 20260820: 98 contratos (ITM+OTM C/P) capturados y cancelados (spot 763.65)
=== NOTIF === 2026-08-20 15:25:32 | ORDEN | COMPRA VERTICAL SPY C L=760/S=762 x1 débito<=1.95
=== NOTIF === 2026-08-20 15:25:37 | ORDEN | COMPRA VERTICAL SPY C L=760/S=763 x1 débito<=2.79
=== NOTIF === 2026-08-20 15:25:42 | ORDEN | COMPRA VERTICAL SPY C L=760/S=764 x1 débito<=3.38
=== NOTIF === 2026-08-20 15:25:47 | ORDEN | COMPRA VERTICAL SPY C L=759/S=761 x1 débito<=1.98
2026-08-20 15:26:00 | DATA   | backfill SPY 120 S 1 min useRTH=False
2026-08-20 15:26:05 | DATA   | cadena 20260820: 82 contratos (ITM+OTM C/P) capturados y cancelados (spot 763.66)
2026-08-20 15:26:05 | DATA   | cadena persistida 2026-08-20 15:26: 82 filas (fuente=live)
=== NOTIF === 2026-08-20 15:26:11 | ORDEN | COMPRA VERTICAL SPY C L=759/S=762 x1 débito<=2.98
=== NOTIF === 2026-08-20 15:26:16 | ORDEN | COMPRA VERTICAL SPY C L=759/S=763 x1 débito<=3.81
2026-08-20 15:26:23 | DATA   | cadena 20260820: 98 contratos (ITM+OTM C/P) capturados y cancelados (spot 763.66)
2026-08-20 15:26:31 | DATA   | cadena 20260820: 98 contratos (ITM+OTM C/P) capturados y cancelados (spot 763.66)
2026-08-20 15:26:38 | DATA   | cadena 20260820: 98 contratos (ITM+OTM C/P) capturados y cancelados (spot 763.66)
2026-08-20 15:26:45 | DATA   | cadena 20260820: 98 contratos (ITM+OTM C/P) capturados y cancelados (spot 763.66)
2026-08-20 15:26:53 | DATA   | cadena 20260820: 98 contratos (ITM+OTM C/P) capturados y cancelados (spot 763.66)
2026-08-20 15:27:00 | DATA   | backfill SPY 120 S 1 min useRTH=False
2026-08-20 15:27:00 | DATA   | cadena 20260820: 98 contratos (ITM+OTM C/P) capturados y cancelados (spot 763.66)
2026-08-20 15:27:06 | DATA   | cadena 20260820: 82 contratos (ITM+OTM C/P) capturados y cancelados (spot 763.64)
2026-08-20 15:27:06 | DATA   | cadena persistida 2026-08-20 15:27: 82 filas (fuente=live)
2026-08-20 15:27:08 | DATA   | cadena 20260820: 98 contratos (ITM+OTM C/P) capturados y cancelados (spot 763.66)
2026-08-20 15:27:18 | DATA   | cadena 20260820: 98 contratos (ITM+OTM C/P) capturados y cancelados (spot 763.64)
2026-08-20 15:27:25 | DATA   | cadena 20260820: 98 contratos (ITM+OTM C/P) capturados y cancelados (spot 763.64)
2026-08-20 15:27:33 | DATA   | cadena 20260820: 98 contratos (ITM+OTM C/P) capturados y cancelados (spot 763.64)
2026-08-20 15:27:40 | DATA   | cadena 20260820: 98 contratos (ITM+OTM C/P) capturados y cancelados (spot 763.64)
2026-08-20 15:27:47 | DATA   | cadena 20260820: 98 contratos (ITM+OTM C/P) capturados y cancelados (spot 763.64)
2026-08-20 15:27:55 | DATA   | cadena 20260820: 98 contratos (ITM+OTM C/P) capturados y cancelados (spot 763.64)
2026-08-20 15:28:01 | DATA   | backfill SPY 120 S 1 min useRTH=False
2026-08-20 15:28:02 | DATA   | cadena 20260820: 98 contratos (ITM+OTM C/P) capturados y cancelados (spot 763.64)
2026-08-20 15:28:08 | DATA   | cadena 20260820: 82 contratos (ITM+OTM C/P) capturados y cancelados (spot 763.56)
2026-08-20 15:28:08 | DATA   | cadena persistida 2026-08-20 15:28: 82 filas (fuente=live)
2026-08-20 15:28:10 | DATA   | cadena 20260820: 98 contratos (ITM+OTM C/P) capturados y cancelados (spot 763.64)
2026-08-20 15:28:20 | DATA   | cadena 20260820: 98 contratos (ITM+OTM C/P) capturados y cancelados (spot 763.56)
=== NOTIF === 2026-08-20 15:28:26 | ORDEN | COMPRA VERTICAL SPY P L=762/S=760 x1 débito<=0.06
=== NOTIF === 2026-08-20 15:28:50 | ORDEN | COMPRA VERTICAL SPY P L=762/S=759 x1 débito<=0.06
2026-08-20 15:28:55 | DATA   | IBKR conectando a 127.0.0.1:4002 clientId=35
=== NOTIF === 2026-08-20 15:28:55 | IBKR | IBKR conectado (paper 4002)
2026-08-20 15:28:55 | DATA   | IBKR desconectado
2026-08-20 15:29:03 | DATA   | backfill SPY 120 S 1 min useRTH=False
2026-08-20 15:29:04 | DATA   | cadena 20260820: 14 contratos (ITM+OTM C/P) capturados y cancelados (spot 763.56)
2026-08-20 15:29:08 | DATA   | cadena 20260820: 82 contratos (ITM+OTM C/P) capturados y cancelados (spot 763.54)
2026-08-20 15:29:08 | DATA   | cadena persistida 2026-08-20 15:29: 82 filas (fuente=live)
=== NOTIF === 2026-08-20 15:29:08 | RIESGO | SYNC 15:29: IBKR tiene 2 pata(s) 0DTE y el sistema se creía PLANO — adoptando
=== NOTIF === 2026-08-20 15:29:08 | RIESGO | ⚠️ 2 pata(s) 0DTE abiertas en IBKR SIN operación abierta en la BD — no se reconstruye; revisar y cerrar a mano
=== NOTIF === 2026-08-20 15:29:33 | RIESGO | BAG no cerró (2 pata/s viva/s) — cierre por patas al MID
=== NOTIF === 2026-08-20 15:29:33 | ORDEN | CIERRE MERCADO SPY P 759 x1
=== NOTIF === 2026-08-20 15:29:41 | ORDEN | CIERRE MERCADO SPY P 762 x1
=== NOTIF === 2026-08-20 15:29:52 | ORDEN | COMPRA VERTICAL SPY P L=762/S=758 x1 débito<=0.05
2026-08-20 15:30:03 | DATA   | backfill SPY 120 S 1 min useRTH=False
2026-08-20 15:30:08 | DATA   | cadena 20260820: 82 contratos (ITM+OTM C/P) capturados y cancelados (spot 763.49)
2026-08-20 15:30:08 | DATA   | cadena persistida 2026-08-20 15:30: 82 filas (fuente=live)
=== NOTIF === 2026-08-20 15:30:16 | ORDEN | COMPRA VERTICAL SPY C L=761/S=763 x1 débito<=1.74
=== NOTIF === 2026-08-20 15:30:21 | ORDEN | COMPRA VERTICAL SPY C L=760/S=762 x1 débito<=1.95
=== NOTIF === 2026-08-20 15:30:26 | ORDEN | COMPRA VERTICAL SPY C L=760/S=763 x1 débito<=2.76
2026-08-20 15:30:33 | DATA   | cadena 20260820: 98 contratos (ITM+OTM C/P) capturados y cancelados (spot 763.49)
2026-08-20 15:30:41 | DATA   | cadena 20260820: 98 contratos (ITM+OTM C/P) capturados y cancelados (spot 763.49)
=== NOTIF === 2026-08-20 15:30:47 | ORDEN | COMPRA VERTICAL SPY C L=759/S=763 x1 débito<=3.75
=== NOTIF === 2026-08-20 15:30:52 | ORDEN | COMPRA VERTICAL SPY C L=758/S=760 x1 débito<=2.01
2026-08-20 15:31:03 | DATA   | backfill SPY 120 S 1 min useRTH=False
2026-08-20 15:31:08 | DATA   | cadena 20260820: 82 contratos (ITM+OTM C/P) capturados y cancelados (spot 763.33)
2026-08-20 15:31:08 | DATA   | cadena persistida 2026-08-20 15:31: 82 filas (fuente=live)
=== NOTIF === 2026-08-20 15:31:16 | ORDEN | COMPRA VERTICAL SPY C L=758/S=761 x1 débito<=3.00
=== NOTIF === 2026-08-20 15:31:41 | ORDEN | COMPRA VERTICAL SPY C L=758/S=762 x1 débito<=3.94
2026-08-20 15:31:48 | DATA   | cadena 20260820: 98 contratos (ITM+OTM C/P) capturados y cancelados (spot 763.33)
2026-08-20 15:31:55 | DATA   | cadena 20260820: 98 contratos (ITM+OTM C/P) capturados y cancelados (spot 763.33)
2026-08-20 15:32:03 | DATA   | backfill SPY 120 S 1 min useRTH=False
2026-08-20 15:32:03 | DATA   | cadena 20260820: 98 contratos (ITM+OTM C/P) capturados y cancelados (spot 763.33)
2026-08-20 15:32:09 | DATA   | cadena 20260820: 82 contratos (ITM+OTM C/P) capturados y cancelados (spot 763.27)
2026-08-20 15:32:09 | DATA   | cadena persistida 2026-08-20 15:32: 82 filas (fuente=live)
2026-08-20 15:32:11 | DATA   | cadena 20260820: 98 contratos (ITM+OTM C/P) capturados y cancelados (spot 763.33)
2026-08-20 15:32:20 | DATA   | cadena 20260820: 98 contratos (ITM+OTM C/P) capturados y cancelados (spot 763.27)
2026-08-20 15:32:28 | DATA   | cadena 20260820: 98 contratos (ITM+OTM C/P) capturados y cancelados (spot 763.27)
2026-08-20 15:32:35 | DATA   | cadena 20260820: 98 contratos (ITM+OTM C/P) capturados y cancelados (spot 763.27)
2026-08-20 15:32:42 | DATA   | cadena 20260820: 98 contratos (ITM+OTM C/P) capturados y cancelados (spot 763.27)
2026-08-20 15:32:50 | DATA   | cadena 20260820: 98 contratos (ITM+OTM C/P) capturados y cancelados (spot 763.27)
2026-08-20 15:32:57 | DATA   | cadena 20260820: 98 contratos (ITM+OTM C/P) capturados y cancelados (spot 763.27)
2026-08-20 15:33:04 | DATA   | backfill SPY 120 S 1 min useRTH=False
2026-08-20 15:33:05 | DATA   | cadena 20260820: 98 contratos (ITM+OTM C/P) capturados y cancelados (spot 763.27)
2026-08-20 15:33:11 | DATA   | cadena 20260820: 82 contratos (ITM+OTM C/P) capturados y cancelados (spot 763.32)
2026-08-20 15:33:11 | DATA   | cadena persistida 2026-08-20 15:33: 82 filas (fuente=live)
2026-08-20 15:33:14 | DATA   | cadena 20260820: 98 contratos (ITM+OTM C/P) capturados y cancelados (spot 763.27)
2026-08-20 15:33:22 | DATA   | cadena 20260820: 98 contratos (ITM+OTM C/P) capturados y cancelados (spot 763.32)
2026-08-20 15:33:30 | DATA   | cadena 20260820: 98 contratos (ITM+OTM C/P) capturados y cancelados (spot 763.32)
2026-08-20 15:33:37 | DATA   | cadena 20260820: 98 contratos (ITM+OTM C/P) capturados y cancelados (spot 763.32)
2026-08-20 15:33:44 | DATA   | cadena 20260820: 98 contratos (ITM+OTM C/P) capturados y cancelados (spot 763.32)
2026-08-20 15:33:52 | DATA   | cadena 20260820: 98 contratos (ITM+OTM C/P) capturados y cancelados (spot 763.32)
2026-08-20 15:33:55 | DATA   | IBKR conectando a 127.0.0.1:4002 clientId=35
=== NOTIF === 2026-08-20 15:33:58 | IBKR | IBKR conectado (paper 4002)
2026-08-20 15:33:59 | DATA   | cadena 20260820: 98 contratos (ITM+OTM C/P) capturados y cancelados (spot 763.32)
2026-08-20 15:34:00 | DATA   | IBKR desconectado
2026-08-20 15:34:01 | DATA   | backfill SPY 120 S 1 min useRTH=False
2026-08-20 15:34:07 | DATA   | cadena 20260820: 82 contratos (ITM+OTM C/P) capturados y cancelados (spot 763.20)
2026-08-20 15:34:07 | DATA   | cadena persistida 2026-08-20 15:34: 82 filas (fuente=live)
2026-08-20 15:34:07 | DATA   | cadena 20260820: 98 contratos (ITM+OTM C/P) capturados y cancelados (spot 763.32)
2026-08-20 15:34:17 | DATA   | cadena 20260820: 98 contratos (ITM+OTM C/P) capturados y cancelados (spot 763.20)
=== NOTIF === 2026-08-20 15:34:23 | ORDEN | COMPRA VERTICAL SPY P L=762/S=760 x1 débito<=0.09
=== NOTIF === 2026-08-20 15:34:49 | ORDEN | COMPRA VERTICAL SPY P L=762/S=759 x1 débito<=0.10
2026-08-20 15:35:00 | DATA   | cadena 20260820: 14 contratos (ITM+OTM C/P) capturados y cancelados (spot 763.20)
2026-08-20 15:35:02 | DATA   | backfill SPY 120 S 1 min useRTH=False
2026-08-20 15:35:07 | DATA   | cadena 20260820: 82 contratos (ITM+OTM C/P) capturados y cancelados (spot 763.19)
2026-08-20 15:35:07 | DATA   | cadena persistida 2026-08-20 15:35: 82 filas (fuente=live)
=== NOTIF === 2026-08-20 15:35:07 | RIESGO | SYNC 15:35: IBKR tiene 2 pata(s) 0DTE y el sistema se creía PLANO — adoptando
=== NOTIF === 2026-08-20 15:35:07 | RIESGO | ⚠️ 2 pata(s) 0DTE abiertas en IBKR SIN operación abierta en la BD — no se reconstruye; revisar y cerrar a mano
=== NOTIF === 2026-08-20 15:35:28 | RIESGO | BAG no cerró (2 pata/s viva/s) — cierre por patas al MID
=== NOTIF === 2026-08-20 15:35:28 | ORDEN | CIERRE MERCADO SPY P 759 x1
=== NOTIF === 2026-08-20 15:35:36 | ORDEN | CIERRE MERCADO SPY P 762 x1
=== NOTIF === 2026-08-20 15:35:47 | ORDEN | COMPRA VERTICAL SPY P L=762/S=758 x1 débito<=0.08
2026-08-20 15:36:02 | DATA   | backfill SPY 120 S 1 min useRTH=False
2026-08-20 15:36:06 | DATA   | cadena 20260820: 82 contratos (ITM+OTM C/P) capturados y cancelados (spot 763.29)
2026-08-20 15:36:06 | DATA   | cadena persistida 2026-08-20 15:36: 82 filas (fuente=live)
=== NOTIF === 2026-08-20 15:36:13 | ORDEN | COMPRA VERTICAL SPY P L=763/S=761 x1 débito<=0.27
=== NOTIF === 2026-08-20 15:36:18 | ORDEN | COMPRA VERTICAL SPY P L=763/S=760 x1 débito<=0.30
=== NOTIF === 2026-08-20 15:36:23 | ORDEN | COMPRA VERTICAL SPY P L=763/S=759 x1 débito<=0.29
2026-08-20 15:36:30 | DATA   | cadena 20260820: 98 contratos (ITM+OTM C/P) capturados y cancelados (spot 763.29)
=== NOTIF === 2026-08-20 15:36:30 | RIESGO | BAG no cerró (2 pata/s viva/s) — cierre por patas al MID
=== NOTIF === 2026-08-20 15:36:33 | ORDEN | CIERRE MERCADO SPY P 758 x1
=== NOTIF === 2026-08-20 15:36:41 | ORDEN | CIERRE MERCADO SPY P 762 x1
2026-08-20 15:36:54 | DATA   | cadena 20260820: 98 contratos (ITM+OTM C/P) capturados y cancelados (spot 763.29)
2026-08-20 15:37:02 | DATA   | backfill SPY 120 S 1 min useRTH=False
2026-08-20 15:37:02 | DATA   | cadena 20260820: 98 contratos (ITM+OTM C/P) capturados y cancelados (spot 763.29)
2026-08-20 15:37:08 | DATA   | cadena 20260820: 82 contratos (ITM+OTM C/P) capturados y cancelados (spot 763.49)
2026-08-20 15:37:08 | DATA   | cadena persistida 2026-08-20 15:37: 82 filas (fuente=live)
2026-08-20 15:37:10 | DATA   | cadena 20260820: 98 contratos (ITM+OTM C/P) capturados y cancelados (spot 763.29)
2026-08-20 15:37:19 | DATA   | cadena 20260820: 98 contratos (ITM+OTM C/P) capturados y cancelados (spot 763.49)
2026-08-20 15:37:27 | DATA   | cadena 20260820: 98 contratos (ITM+OTM C/P) capturados y cancelados (spot 763.49)
2026-08-20 15:37:34 | DATA   | cadena 20260820: 98 contratos (ITM+OTM C/P) capturados y cancelados (spot 763.49)
=== NOTIF === 2026-08-20 15:37:40 | ORDEN | COMPRA VERTICAL SPY C L=761/S=763 x1 débito<=1.79
=== NOTIF === 2026-08-20 15:37:45 | ORDEN | COMPRA VERTICAL SPY C L=760/S=762 x1 débito<=1.97
=== NOTIF === 2026-08-20 15:37:50 | ORDEN | COMPRA VERTICAL SPY C L=760/S=763 x1 débito<=2.79
=== NOTIF === 2026-08-20 15:37:55 | ORDEN | COMPRA VERTICAL SPY C L=759/S=761 x1 débito<=1.98
2026-08-20 15:38:03 | DATA   | backfill SPY 120 S 1 min useRTH=False
2026-08-20 15:38:08 | DATA   | cadena 20260820: 82 contratos (ITM+OTM C/P) capturados y cancelados (spot 763.35)
2026-08-20 15:38:08 | DATA   | cadena persistida 2026-08-20 15:38: 82 filas (fuente=live)
=== NOTIF === 2026-08-20 15:38:19 | ORDEN | COMPRA VERTICAL SPY C L=759/S=762 x1 débito<=2.94
=== NOTIF === 2026-08-20 15:38:24 | ORDEN | COMPRA VERTICAL SPY C L=759/S=763 x1 débito<=3.73
2026-08-20 15:38:31 | DATA   | cadena 20260820: 98 contratos (ITM+OTM C/P) capturados y cancelados (spot 763.35)
2026-08-20 15:38:39 | DATA   | cadena 20260820: 98 contratos (ITM+OTM C/P) capturados y cancelados (spot 763.35)
=== NOTIF === 2026-08-20 15:38:45 | ORDEN | COMPRA VERTICAL SPY C L=758/S=760 x1 débito<=2.00
2026-08-20 15:39:00 | DATA   | IBKR conectando a 127.0.0.1:4002 clientId=35
=== NOTIF === 2026-08-20 15:39:01 | IBKR | IBKR conectado (paper 4002)
2026-08-20 15:39:01 | DATA   | IBKR desconectado
2026-08-20 15:39:03 | DATA   | backfill SPY 120 S 1 min useRTH=False
2026-08-20 15:39:07 | DATA   | cadena 20260820: 82 contratos (ITM+OTM C/P) capturados y cancelados (spot 763.53)
2026-08-20 15:39:07 | DATA   | cadena persistida 2026-08-20 15:39: 82 filas (fuente=live)
=== NOTIF === 2026-08-20 15:39:10 | ORDEN | COMPRA VERTICAL SPY C L=758/S=761 x1 débito<=2.94
2026-08-20 15:39:37 | DATA   | cadena 20260820: 98 contratos (ITM+OTM C/P) capturados y cancelados (spot 763.53)
2026-08-20 15:39:44 | DATA   | cadena 20260820: 98 contratos (ITM+OTM C/P) capturados y cancelados (spot 763.53)
2026-08-20 15:39:52 | DATA   | cadena 20260820: 98 contratos (ITM+OTM C/P) capturados y cancelados (spot 763.53)
2026-08-20 15:39:59 | DATA   | cadena 20260820: 98 contratos (ITM+OTM C/P) capturados y cancelados (spot 763.53)
2026-08-20 15:40:03 | DATA   | backfill SPY 120 S 1 min useRTH=False
2026-08-20 15:40:06 | DATA   | cadena 20260820: 98 contratos (ITM+OTM C/P) capturados y cancelados (spot 763.53)
2026-08-20 15:40:09 | DATA   | cadena 20260820: 82 contratos (ITM+OTM C/P) capturados y cancelados (spot 763.50)
2026-08-20 15:40:09 | DATA   | cadena persistida 2026-08-20 15:40: 82 filas (fuente=live)
2026-08-20 15:40:18 | DATA   | cadena 20260820: 98 contratos (ITM+OTM C/P) capturados y cancelados (spot 763.50)
2026-08-20 15:40:25 | DATA   | cadena 20260820: 98 contratos (ITM+OTM C/P) capturados y cancelados (spot 763.50)
2026-08-20 15:40:32 | DATA   | cadena 20260820: 98 contratos (ITM+OTM C/P) capturados y cancelados (spot 763.50)
2026-08-20 15:40:40 | DATA   | cadena 20260820: 98 contratos (ITM+OTM C/P) capturados y cancelados (spot 763.50)
2026-08-20 15:40:47 | DATA   | cadena 20260820: 98 contratos (ITM+OTM C/P) capturados y cancelados (spot 763.50)
2026-08-20 15:40:54 | DATA   | cadena 20260820: 98 contratos (ITM+OTM C/P) capturados y cancelados (spot 763.50)
2026-08-20 15:41:02 | DATA   | cadena 20260820: 98 contratos (ITM+OTM C/P) capturados y cancelados (spot 763.50)
2026-08-20 15:41:04 | DATA   | backfill SPY 120 S 1 min useRTH=False
2026-08-20 15:41:10 | DATA   | cadena 20260820: 82 contratos (ITM+OTM C/P) capturados y cancelados (spot 763.41)
2026-08-20 15:41:10 | DATA   | cadena persistida 2026-08-20 15:41: 82 filas (fuente=live)
2026-08-20 15:41:10 | DATA   | cadena 20260820: 98 contratos (ITM+OTM C/P) capturados y cancelados (spot 763.50)
2026-08-20 15:41:20 | DATA   | cadena 20260820: 98 contratos (ITM+OTM C/P) capturados y cancelados (spot 763.41)
2026-08-20 15:41:27 | DATA   | cadena 20260820: 98 contratos (ITM+OTM C/P) capturados y cancelados (spot 763.41)
2026-08-20 15:41:35 | DATA   | cadena 20260820: 98 contratos (ITM+OTM C/P) capturados y cancelados (spot 763.41)
2026-08-20 15:41:42 | DATA   | cadena 20260820: 98 contratos (ITM+OTM C/P) capturados y cancelados (spot 763.41)
2026-08-20 15:41:50 | DATA   | cadena 20260820: 98 contratos (ITM+OTM C/P) capturados y cancelados (spot 763.41)
2026-08-20 15:41:57 | DATA   | cadena 20260820: 98 contratos (ITM+OTM C/P) capturados y cancelados (spot 763.41)
2026-08-20 15:42:00 | DATA   | backfill SPY 120 S 1 min useRTH=False
2026-08-20 15:42:05 | DATA   | cadena 20260820: 98 contratos (ITM+OTM C/P) capturados y cancelados (spot 763.41)
2026-08-20 15:42:06 | DATA   | cadena 20260820: 82 contratos (ITM+OTM C/P) capturados y cancelados (spot 763.39)
2026-08-20 15:42:06 | DATA   | cadena persistida 2026-08-20 15:42: 82 filas (fuente=live)
2026-08-20 15:42:16 | DATA   | cadena 20260820: 98 contratos (ITM+OTM C/P) capturados y cancelados (spot 763.39)
2026-08-20 15:42:23 | DATA   | cadena 20260820: 98 contratos (ITM+OTM C/P) capturados y cancelados (spot 763.39)
=== NOTIF === 2026-08-20 15:42:29 | ORDEN | COMPRA VERTICAL SPY P L=762/S=759 x1 débito<=0.05
=== NOTIF === 2026-08-20 15:42:54 | ORDEN | COMPRA VERTICAL SPY P L=762/S=758 x1 débito<=0.06
2026-08-20 15:43:01 | DATA   | backfill SPY 120 S 1 min useRTH=False
2026-08-20 15:43:06 | DATA   | cadena 20260820: 82 contratos (ITM+OTM C/P) capturados y cancelados (spot 763.23)
2026-08-20 15:43:06 | DATA   | cadena persistida 2026-08-20 15:43: 82 filas (fuente=live)
=== NOTIF === 2026-08-20 15:43:18 | ORDEN | COMPRA VERTICAL SPY C L=763/S=765 x1 débito<=0.51
=== NOTIF === 2026-08-20 15:43:23 | ORDEN | COMPRA VERTICAL SPY P L=763/S=761 x1 débito<=0.26
=== NOTIF === 2026-08-20 15:43:28 | ORDEN | COMPRA VERTICAL SPY C L=763/S=766 x1 débito<=0.52
=== NOTIF === 2026-08-20 15:43:33 | ORDEN | COMPRA VERTICAL SPY P L=763/S=760 x1 débito<=0.27
2026-08-20 15:43:40 | DATA   | cadena 20260820: 98 contratos (ITM+OTM C/P) capturados y cancelados (spot 763.23)
2026-08-20 15:43:47 | DATA   | cadena 20260820: 98 contratos (ITM+OTM C/P) capturados y cancelados (spot 763.23)
2026-08-20 15:43:55 | DATA   | cadena 20260820: 98 contratos (ITM+OTM C/P) capturados y cancelados (spot 763.23)
2026-08-20 15:44:01 | DATA   | backfill SPY 120 S 1 min useRTH=False
2026-08-20 15:44:01 | DATA   | IBKR conectando a 127.0.0.1:4002 clientId=35
2026-08-20 15:44:02 | DATA   | cadena 20260820: 98 contratos (ITM+OTM C/P) capturados y cancelados (spot 763.23)
=== NOTIF === 2026-08-20 15:44:05 | IBKR | IBKR conectado (paper 4002)
2026-08-20 15:44:07 | DATA   | IBKR desconectado
2026-08-20 15:44:07 | DATA   | cadena 20260820: 82 contratos (ITM+OTM C/P) capturados y cancelados (spot 763.13)
2026-08-20 15:44:07 | DATA   | cadena persistida 2026-08-20 15:44: 82 filas (fuente=live)
=== NOTIF === 2026-08-20 15:44:10 | ORDEN | COMPRA VERTICAL SPY P L=764/S=762 x1 débito<=0.94
=== NOTIF === 2026-08-20 15:44:15 | ORDEN | COMPRA VERTICAL SPY C L=762/S=765 x1 débito<=1.10
=== NOTIF === 2026-08-20 15:44:19 | ORDEN | COMPRA VERTICAL SPY P L=764/S=761 x1 débito<=1.07
=== NOTIF === 2026-08-20 15:44:24 | ORDEN | COMPRA VERTICAL SPY C L=762/S=766 x1 débito<=1.11
=== NOTIF === 2026-08-20 15:44:29 | ORDEN | COMPRA VERTICAL SPY P L=764/S=760 x1 débito<=1.10
=== NOTIF === 2026-08-20 15:44:34 | ORDEN | COMPRA VERTICAL SPY C L=761/S=763 x1 débito<=1.62
2026-08-20 15:44:42 | DATA   | cadena 20260820: 98 contratos (ITM+OTM C/P) capturados y cancelados (spot 763.13)
2026-08-20 15:44:49 | DATA   | cadena 20260820: 98 contratos (ITM+OTM C/P) capturados y cancelados (spot 763.13)
2026-08-20 15:44:56 | DATA   | cadena 20260820: 98 contratos (ITM+OTM C/P) capturados y cancelados (spot 763.13)
2026-08-20 15:45:03 | DATA   | backfill SPY 120 S 1 min useRTH=False
2026-08-20 15:45:04 | DATA   | cadena 20260820: 98 contratos (ITM+OTM C/P) capturados y cancelados (spot 763.13)
2026-08-20 15:45:09 | DATA   | cadena 20260820: 82 contratos (ITM+OTM C/P) capturados y cancelados (spot 763.10)
2026-08-20 15:45:09 | DATA   | cadena persistida 2026-08-20 15:45: 82 filas (fuente=live)
2026-08-20 15:45:13 | DATA   | cadena 20260820: 98 contratos (ITM+OTM C/P) capturados y cancelados (spot 763.10)
2026-08-20 15:45:21 | DATA   | cadena 20260820: 98 contratos (ITM+OTM C/P) capturados y cancelados (spot 763.10)
=== NOTIF === 2026-08-20 15:45:27 | ORDEN | COMPRA VERTICAL SPY C L=760/S=762 x1 débito<=1.93
=== NOTIF === 2026-08-20 15:45:32 | ORDEN | COMPRA VERTICAL SPY C L=760/S=763 x1 débito<=2.59
=== NOTIF === 2026-08-20 15:45:37 | ORDEN | COMPRA VERTICAL SPY C L=759/S=761 x1 débito<=2.00
=== NOTIF === 2026-08-20 15:46:01 | ORDEN | COMPRA VERTICAL SPY C L=759/S=762 x1 débito<=2.88
2026-08-20 15:46:03 | DATA   | IBKR desconectado
2026-08-20 15:46:04 | DATA   | backfill SPY 120 S 1 min useRTH=False
2026-08-20 15:46:09 | DATA   | cadena 20260820: 82 contratos (ITM+OTM C/P) capturados y cancelados (spot 763.01)
2026-08-20 15:46:09 | DATA   | cadena persistida 2026-08-20 15:46: 82 filas (fuente=live)
2026-08-20 15:47:04 | DATA   | backfill SPY 120 S 1 min useRTH=False
2026-08-20 15:47:09 | DATA   | cadena 20260820: 82 contratos (ITM+OTM C/P) capturados y cancelados (spot 762.84)
2026-08-20 15:47:09 | DATA   | cadena persistida 2026-08-20 15:47: 82 filas (fuente=live)
2026-08-20 15:48:04 | DATA   | backfill SPY 120 S 1 min useRTH=False
2026-08-20 15:48:08 | DATA   | cadena 20260820: 82 contratos (ITM+OTM C/P) capturados y cancelados (spot 762.99)
2026-08-20 15:48:08 | DATA   | cadena persistida 2026-08-20 15:48: 82 filas (fuente=live)
2026-08-20 15:49:03 | DATA   | backfill SPY 120 S 1 min useRTH=False
2026-08-20 15:49:07 | DATA   | IBKR conectando a 127.0.0.1:4002 clientId=35
2026-08-20 15:49:08 | DATA   | cadena 20260820: 82 contratos (ITM+OTM C/P) capturados y cancelados (spot 763.08)
2026-08-20 15:49:08 | DATA   | cadena persistida 2026-08-20 15:49: 82 filas (fuente=live)
=== NOTIF === 2026-08-20 15:49:11 | IBKR | IBKR conectado (paper 4002)
2026-08-20 15:49:11 | DATA   | IBKR desconectado
2026-08-20 15:50:03 | DATA   | backfill SPY 120 S 1 min useRTH=False
2026-08-20 15:50:08 | DATA   | cadena 20260820: 82 contratos (ITM+OTM C/P) capturados y cancelados (spot 763.37)
2026-08-20 15:50:08 | DATA   | cadena persistida 2026-08-20 15:50: 82 filas (fuente=live)
2026-08-20 15:51:03 | DATA   | backfill SPY 120 S 1 min useRTH=False
2026-08-20 15:51:08 | DATA   | cadena 20260820: 82 contratos (ITM+OTM C/P) capturados y cancelados (spot 763.25)
2026-08-20 15:51:08 | DATA   | cadena persistida 2026-08-20 15:51: 82 filas (fuente=live)
2026-08-20 15:52:03 | DATA   | backfill SPY 120 S 1 min useRTH=False
2026-08-20 15:52:08 | DATA   | cadena 20260820: 82 contratos (ITM+OTM C/P) capturados y cancelados (spot 763.36)
2026-08-20 15:52:08 | DATA   | cadena persistida 2026-08-20 15:52: 82 filas (fuente=live)
2026-08-20 15:53:03 | DATA   | backfill SPY 120 S 1 min useRTH=False
2026-08-20 15:53:08 | DATA   | cadena 20260820: 82 contratos (ITM+OTM C/P) capturados y cancelados (spot 763.39)
2026-08-20 15:53:08 | DATA   | cadena persistida 2026-08-20 15:53: 82 filas (fuente=live)
2026-08-20 15:54:03 | DATA   | backfill SPY 120 S 1 min useRTH=False
2026-08-20 15:54:07 | DATA   | cadena 20260820: 82 contratos (ITM+OTM C/P) capturados y cancelados (spot 763.23)
2026-08-20 15:54:07 | DATA   | cadena persistida 2026-08-20 15:54: 82 filas (fuente=live)
2026-08-20 15:54:11 | DATA   | IBKR conectando a 127.0.0.1:4002 clientId=35
=== NOTIF === 2026-08-20 15:54:11 | IBKR | IBKR conectado (paper 4002)
2026-08-20 15:54:12 | DATA   | IBKR desconectado
2026-08-20 15:55:03 | DATA   | backfill SPY 120 S 1 min useRTH=False
2026-08-20 15:55:07 | DATA   | cadena 20260820: 82 contratos (ITM+OTM C/P) capturados y cancelados (spot 762.91)
2026-08-20 15:55:07 | DATA   | cadena persistida 2026-08-20 15:55: 82 filas (fuente=live)
2026-08-20 15:56:02 | DATA   | backfill SPY 120 S 1 min useRTH=False
2026-08-20 15:56:07 | DATA   | cadena 20260820: 82 contratos (ITM+OTM C/P) capturados y cancelados (spot 762.49)
2026-08-20 15:56:07 | DATA   | cadena persistida 2026-08-20 15:56: 82 filas (fuente=live)
2026-08-20 15:57:02 | DATA   | backfill SPY 120 S 1 min useRTH=False
2026-08-20 15:57:07 | DATA   | cadena 20260820: 82 contratos (ITM+OTM C/P) capturados y cancelados (spot 762.38)
2026-08-20 15:57:07 | DATA   | cadena persistida 2026-08-20 15:57: 82 filas (fuente=live)
2026-08-20 15:58:02 | DATA   | backfill SPY 120 S 1 min useRTH=False
2026-08-20 15:58:07 | DATA   | cadena 20260820: 82 contratos (ITM+OTM C/P) capturados y cancelados (spot 762.25)
2026-08-20 15:58:07 | DATA   | cadena persistida 2026-08-20 15:58: 82 filas (fuente=live)
2026-08-20 15:59:02 | DATA   | backfill SPY 120 S 1 min useRTH=False
2026-08-20 15:59:07 | DATA   | cadena 20260820: 82 contratos (ITM+OTM C/P) capturados y cancelados (spot 762.49)
2026-08-20 15:59:07 | DATA   | cadena persistida 2026-08-20 15:59: 82 filas (fuente=live)
2026-08-20 15:59:12 | DATA   | IBKR conectando a 127.0.0.1:4002 clientId=35
=== NOTIF === 2026-08-20 15:59:12 | IBKR | IBKR conectado (paper 4002)
2026-08-20 15:59:13 | DATA   | IBKR desconectado
=== NOTIF === 2026-08-20 16:00:02 | FIN | Cierre de mercado — fin de sesión
2026-08-20 16:00:02 | DATA   | IBKR desconectado
2026-08-20 16:04:13 | DATA   | IBKR conectando a 127.0.0.1:4002 clientId=35
=== NOTIF === 2026-08-20 16:04:13 | IBKR | IBKR conectado (paper 4002)
2026-08-20 16:04:13 | DATA   | IBKR desconectado
2026-08-20 16:09:13 | DATA   | IBKR conectando a 127.0.0.1:4002 clientId=35
=== NOTIF === 2026-08-20 16:09:14 | IBKR | IBKR conectado (paper 4002)
2026-08-20 16:09:14 | DATA   | IBKR desconectado
2026-08-20 16:14:14 | DATA   | IBKR conectando a 127.0.0.1:4002 clientId=35
=== NOTIF === 2026-08-20 16:14:15 | IBKR | IBKR conectado (paper 4002)
2026-08-20 16:14:15 | DATA   | IBKR desconectado
2026-08-20 16:19:15 | DATA   | IBKR conectando a 127.0.0.1:4002 clientId=35
2026-08-20 16:24:17 | DATA   | IBKR conectando a 127.0.0.1:4002 clientId=35
2026-08-20 16:29:19 | DATA   | IBKR conectando a 127.0.0.1:4002 clientId=35
2026-08-20 16:34:21 | DATA   | IBKR conectando a 127.0.0.1:4002 clientId=35
2026-08-20 16:39:23 | DATA   | IBKR conectando a 127.0.0.1:4002 clientId=35
=== NOTIF === 2026-08-20 16:42:13 | IBKR | TAPE OK (tickbytick): primer tick px=774.79 size=79 bid=774.79 ask=774.81 signo=V — 10 ticks en este minuto
2026-08-20 16:42:13 | WARN   | TAPE sin ticks: 1 min seguidos (modo=tickbytick, total sesión=10, err=0)
2026-08-20 16:42:13 | WARN   | TAPE sin ticks: 1 min seguidos (modo=tickbytick, total sesión=10, err=0)
=== NOTIF === 2026-08-20 16:42:13 | RIESGO | TAPE: 3 min seguidos SIN un solo tick por tick-by-tick (errores=0) → cayendo a RTVolume
2026-08-20 16:42:13 | WARN   | tape_rtvolume(): ConnectionError('Not connected') — se sigue SIN tape
2026-08-20 16:44:25 | DATA   | IBKR conectando a 127.0.0.1:4002 clientId=35
2026-08-20 16:49:27 | DATA   | IBKR conectando a 127.0.0.1:4002 clientId=35
2026-08-20 16:54:29 | DATA   | IBKR conectando a 127.0.0.1:4002 clientId=35
