2026-08-21 08:37:56 | DATA   | IBKR conectando a 127.0.0.1:4002 clientId=34
════════════════════════════════════════════════════════════
🔔 2026-08-21 08:37:57 | IBKR | IBKR conectado (paper 4002)
════════════════════════════════════════════════════════════
COMPARATIVA 0DTE vs 1DTE | 0DTE=20260821  1DTE=20260824 | desde 09:30 hasta 15:45 | saldo 14993.57

  esperando a 09:30 (ahora 08:37)
  esperando a 09:30 (ahora 08:38)
  esperando a 09:30 (ahora 08:38)
  esperando a 09:30 (ahora 08:39)
  esperando a 09:30 (ahora 08:39)
  esperando a 09:30 (ahora 08:40)
  esperando a 09:30 (ahora 08:40)
  esperando a 09:30 (ahora 08:41)
  esperando a 09:30 (ahora 08:41)
  esperando a 09:30 (ahora 08:42)
  esperando a 09:30 (ahora 08:42)
  esperando a 09:30 (ahora 08:43)
  esperando a 09:30 (ahora 08:43)
  esperando a 09:30 (ahora 08:44)
  esperando a 09:30 (ahora 08:44)
  esperando a 09:30 (ahora 08:45)
  esperando a 09:30 (ahora 08:45)
  esperando a 09:30 (ahora 08:46)
  esperando a 09:30 (ahora 08:46)
  esperando a 09:30 (ahora 08:47)
  esperando a 09:30 (ahora 08:47)
  esperando a 09:30 (ahora 08:48)
  esperando a 09:30 (ahora 08:48)
  esperando a 09:30 (ahora 08:49)
  esperando a 09:30 (ahora 08:49)
  esperando a 09:30 (ahora 08:50)
  esperando a 09:30 (ahora 08:50)
  esperando a 09:30 (ahora 08:51)
  esperando a 09:30 (ahora 08:51)
  esperando a 09:30 (ahora 08:52)
  esperando a 09:30 (ahora 08:52)
  esperando a 09:30 (ahora 08:53)
  esperando a 09:30 (ahora 08:53)
  esperando a 09:30 (ahora 08:54)
  esperando a 09:30 (ahora 08:54)
  esperando a 09:30 (ahora 08:55)
  esperando a 09:30 (ahora 08:55)
  esperando a 09:30 (ahora 08:56)
  esperando a 09:30 (ahora 08:56)
  esperando a 09:30 (ahora 08:57)
  esperando a 09:30 (ahora 08:57)
  esperando a 09:30 (ahora 08:58)
  esperando a 09:30 (ahora 08:58)
  esperando a 09:30 (ahora 08:59)
  esperando a 09:30 (ahora 08:59)
  esperando a 09:30 (ahora 09:00)
  esperando a 09:30 (ahora 09:00)
  esperando a 09:30 (ahora 09:01)
  esperando a 09:30 (ahora 09:01)
  esperando a 09:30 (ahora 09:02)
  esperando a 09:30 (ahora 09:02)
  esperando a 09:30 (ahora 09:03)
  esperando a 09:30 (ahora 09:03)
  esperando a 09:30 (ahora 09:04)
  esperando a 09:30 (ahora 09:04)
  esperando a 09:30 (ahora 09:05)
  esperando a 09:30 (ahora 09:05)
  esperando a 09:30 (ahora 09:06)
  esperando a 09:30 (ahora 09:06)
  esperando a 09:30 (ahora 09:07)
  esperando a 09:30 (ahora 09:07)
  esperando a 09:30 (ahora 09:08)
  esperando a 09:30 (ahora 09:08)
  esperando a 09:30 (ahora 09:09)
  esperando a 09:30 (ahora 09:09)
  esperando a 09:30 (ahora 09:10)
  esperando a 09:30 (ahora 09:10)
  esperando a 09:30 (ahora 09:11)
  esperando a 09:30 (ahora 09:11)
  esperando a 09:30 (ahora 09:12)
  esperando a 09:30 (ahora 09:12)
  esperando a 09:30 (ahora 09:13)
  esperando a 09:30 (ahora 09:13)
  esperando a 09:30 (ahora 09:14)
  esperando a 09:30 (ahora 09:14)
  esperando a 09:30 (ahora 09:15)
  esperando a 09:30 (ahora 09:15)
  esperando a 09:30 (ahora 09:16)
  esperando a 09:30 (ahora 09:16)
  esperando a 09:30 (ahora 09:17)
  esperando a 09:30 (ahora 09:17)
  esperando a 09:30 (ahora 09:18)
  esperando a 09:30 (ahora 09:18)
  esperando a 09:30 (ahora 09:19)
  esperando a 09:30 (ahora 09:19)
  esperando a 09:30 (ahora 09:20)
  esperando a 09:30 (ahora 09:20)
  esperando a 09:30 (ahora 09:21)
  esperando a 09:30 (ahora 09:21)
  esperando a 09:30 (ahora 09:22)
  esperando a 09:30 (ahora 09:22)
  esperando a 09:30 (ahora 09:23)
  esperando a 09:30 (ahora 09:23)
  esperando a 09:30 (ahora 09:24)
  esperando a 09:30 (ahora 09:24)
  esperando a 09:30 (ahora 09:25)
  esperando a 09:30 (ahora 09:25)
  esperando a 09:30 (ahora 09:26)
  esperando a 09:30 (ahora 09:26)
  esperando a 09:30 (ahora 09:27)
  esperando a 09:30 (ahora 09:27)
  esperando a 09:30 (ahora 09:28)
  esperando a 09:30 (ahora 09:28)
  esperando a 09:30 (ahora 09:29)
  esperando a 09:30 (ahora 09:29)

═══ PASADA 1 — 09:30 — spot 766.02 — saldo 14994 ═══
Error 10349, reqId 99395: Order TIF was set to DAY based on order preset.
Canceled order: Trade(contract=Contract(secType='BAG', symbol='SPY', exchange='SMART', currency='USD', comboLegs=[ComboLeg(conId=885901586, ratio=1, action='BUY', exchange='SMART', openClose=0, shortSaleSlot=0, designatedLocation='', exemptCode=-1), ComboLeg(conId=853202560, ratio=1, action='SELL', exchange='SMART', openClose=0, shortSaleSlot=0, designatedLocation='', exemptCode=-1)]), order=LimitOrder(orderId=99395, clientId=34, action='BUY', totalQuantity=1, lmtPrice=1.44), orderStatus=OrderStatus(orderId=99395, status='Cancelled', filled=0.0, remaining=0.0, avgFillPrice=0.0, permId=0, parentId=0, lastFillPrice=0.0, clientId=0, whyHeld='', mktCapPrice=0.0), fills=[], log=[TradeLogEntry(time=datetime.datetime(2026, 8, 21, 13, 30, 32, 962298, tzinfo=datetime.timezone.utc), status='PendingSubmit', message='', errorCode=0), TradeLogEntry(time=datetime.datetime(2026, 8, 21, 13, 30, 33, 857421, tzinfo=datetime.timezone.utc), status='Cancelled', message='Error 10349, reqId 99395: Order TIF was set to DAY based on order preset.', errorCode=10349)], advancedError='')
Error 10349, reqId 99470: Order TIF was set to DAY based on order preset.
Canceled order: Trade(contract=Option(conId=853202560, symbol='SPY', lastTradeDateOrContractMonth='20260821', strike=765.0, right='C', multiplier='100', exchange='SMART', currency='USD', localSymbol='SPY   260821C00765000', tradingClass='SPY'), order=MarketOrder(orderId=99470, clientId=34, action='BUY', totalQuantity=1), orderStatus=OrderStatus(orderId=99470, status='Cancelled', filled=0.0, remaining=0.0, avgFillPrice=0.0, permId=0, parentId=0, lastFillPrice=0.0, clientId=0, whyHeld='', mktCapPrice=0.0), fills=[], log=[TradeLogEntry(time=datetime.datetime(2026, 8, 21, 13, 30, 46, 997242, tzinfo=datetime.timezone.utc), status='PendingSubmit', message='', errorCode=0), TradeLogEntry(time=datetime.datetime(2026, 8, 21, 13, 30, 47, 72223, tzinfo=datetime.timezone.utc), status='Cancelled', message='Error 10349, reqId 99470: Order TIF was set to DAY based on order preset.', errorCode=10349)], advancedError='')
Error 10349, reqId 99472: Order TIF was set to DAY based on order preset.
Canceled order: Trade(contract=Option(conId=885901586, symbol='SPY', lastTradeDateOrContractMonth='20260821', strike=763.0, right='C', multiplier='100', exchange='SMART', currency='USD', localSymbol='SPY   260821C00763000', tradingClass='SPY'), order=MarketOrder(orderId=99472, clientId=34, action='SELL', totalQuantity=1), orderStatus=OrderStatus(orderId=99472, status='Cancelled', filled=0.0, remaining=0.0, avgFillPrice=0.0, permId=0, parentId=0, lastFillPrice=0.0, clientId=0, whyHeld='', mktCapPrice=0.0), fills=[], log=[TradeLogEntry(time=datetime.datetime(2026, 8, 21, 13, 30, 55, 57906, tzinfo=datetime.timezone.utc), status='PendingSubmit', message='', errorCode=0), TradeLogEntry(time=datetime.datetime(2026, 8, 21, 13, 30, 55, 71423, tzinfo=datetime.timezone.utc), status='Cancelled', message='Error 10349, reqId 99472: Order TIF was set to DAY based on order preset.', errorCode=10349)], advancedError='')
Error 10349, reqId 99543: Order TIF was set to DAY based on order preset.
Canceled order: Trade(contract=Contract(secType='BAG', symbol='SPY', exchange='SMART', currency='USD', comboLegs=[ComboLeg(conId=909958655, ratio=1, action='BUY', exchange='SMART', openClose=0, shortSaleSlot=0, designatedLocation='', exemptCode=-1), ComboLeg(conId=909493813, ratio=1, action='SELL', exchange='SMART', openClose=0, shortSaleSlot=0, designatedLocation='', exemptCode=-1)]), order=LimitOrder(orderId=99543, clientId=34, action='BUY', totalQuantity=1, lmtPrice=1.29), orderStatus=OrderStatus(orderId=99543, status='Cancelled', filled=0.0, remaining=0.0, avgFillPrice=0.0, permId=0, parentId=0, lastFillPrice=0.0, clientId=0, whyHeld='', mktCapPrice=0.0), fills=[], log=[TradeLogEntry(time=datetime.datetime(2026, 8, 21, 13, 31, 8, 140619, tzinfo=datetime.timezone.utc), status='PendingSubmit', message='', errorCode=0), TradeLogEntry(time=datetime.datetime(2026, 8, 21, 13, 31, 9, 536913, tzinfo=datetime.timezone.utc), status='Cancelled', message='Error 10349, reqId 99543: Order TIF was set to DAY based on order preset.', errorCode=10349)], advancedError='')
Error 10349, reqId 99613: Order TIF was set to DAY based on order preset.
Canceled order: Trade(contract=Option(conId=885901586, symbol='SPY', lastTradeDateOrContractMonth='20260821', strike=763.0, right='C', multiplier='100', exchange='SMART', currency='USD', localSymbol='SPY   260821C00763000', tradingClass='SPY'), order=LimitOrder(orderId=99613, clientId=34, action='BUY', totalQuantity=1, lmtPrice=2.95), orderStatus=OrderStatus(orderId=99613, status='Cancelled', filled=0.0, remaining=0.0, avgFillPrice=0.0, permId=0, parentId=0, lastFillPrice=0.0, clientId=0, whyHeld='', mktCapPrice=0.0), fills=[], log=[TradeLogEntry(time=datetime.datetime(2026, 8, 21, 13, 31, 39, 713034, tzinfo=datetime.timezone.utc), status='PendingSubmit', message='', errorCode=0), TradeLogEntry(time=datetime.datetime(2026, 8, 21, 13, 31, 39, 713034, tzinfo=datetime.timezone.utc), status='Cancelled', message='Error 10349, reqId 99613: Order TIF was set to DAY based on order preset.', errorCode=10349)], advancedError='')
Error 10349, reqId 99651: Order TIF was set to DAY based on order preset.
Canceled order: Trade(contract=Option(conId=885901586, symbol='SPY', lastTradeDateOrContractMonth='20260821', strike=763.0, right='C', multiplier='100', exchange='SMART', currency='USD', localSymbol='SPY   260821C00763000', tradingClass='SPY'), order=LimitOrder(orderId=99651, clientId=34, action='SELL', totalQuantity=1, lmtPrice=2.95), orderStatus=OrderStatus(orderId=99651, status='Cancelled', filled=0.0, remaining=0.0, avgFillPrice=0.0, permId=0, parentId=0, lastFillPrice=0.0, clientId=0, whyHeld='', mktCapPrice=0.0), fills=[], log=[TradeLogEntry(time=datetime.datetime(2026, 8, 21, 13, 31, 49, 277398, tzinfo=datetime.timezone.utc), status='PendingSubmit', message='', errorCode=0), TradeLogEntry(time=datetime.datetime(2026, 8, 21, 13, 31, 49, 293332, tzinfo=datetime.timezone.utc), status='Cancelled', message='Error 10349, reqId 99651: Order TIF was set to DAY based on order preset.', errorCode=10349)], advancedError='')
Error 10349, reqId 99721: Order TIF was set to DAY based on order preset.
Canceled order: Trade(contract=Option(conId=909958655, symbol='SPY', lastTradeDateOrContractMonth='20260824', strike=763.0, right='C', multiplier='100', exchange='SMART', currency='USD', localSymbol='SPY   260824C00763000', tradingClass='SPY'), order=LimitOrder(orderId=99721, clientId=34, action='BUY', totalQuantity=1, lmtPrice=3.95), orderStatus=OrderStatus(orderId=99721, status='Cancelled', filled=0.0, remaining=0.0, avgFillPrice=0.0, permId=0, parentId=0, lastFillPrice=0.0, clientId=0, whyHeld='', mktCapPrice=0.0), fills=[], log=[TradeLogEntry(time=datetime.datetime(2026, 8, 21, 13, 31, 55, 675094, tzinfo=datetime.timezone.utc), status='PendingSubmit', message='', errorCode=0), TradeLogEntry(time=datetime.datetime(2026, 8, 21, 13, 31, 55, 692814, tzinfo=datetime.timezone.utc), status='Cancelled', message='Error 10349, reqId 99721: Order TIF was set to DAY based on order preset.', errorCode=10349)], advancedError='')
Error 10349, reqId 99759: Order TIF was set to DAY based on order preset.
Canceled order: Trade(contract=Option(conId=909958655, symbol='SPY', lastTradeDateOrContractMonth='20260824', strike=763.0, right='C', multiplier='100', exchange='SMART', currency='USD', localSymbol='SPY   260824C00763000', tradingClass='SPY'), order=LimitOrder(orderId=99759, clientId=34, action='SELL', totalQuantity=1, lmtPrice=3.88), orderStatus=OrderStatus(orderId=99759, status='Cancelled', filled=0.0, remaining=0.0, avgFillPrice=0.0, permId=0, parentId=0, lastFillPrice=0.0, clientId=0, whyHeld='', mktCapPrice=0.0), fills=[], log=[TradeLogEntry(time=datetime.datetime(2026, 8, 21, 13, 32, 1, 692033, tzinfo=datetime.timezone.utc), status='PendingSubmit', message='', errorCode=0), TradeLogEntry(time=datetime.datetime(2026, 8, 21, 13, 32, 1, 707924, tzinfo=datetime.timezone.utc), status='Cancelled', message='Error 10349, reqId 99759: Order TIF was set to DAY based on order preset.', errorCode=10349)], advancedError='')
2026-08-21 09:30:31 | DATA   | cadena 20260821: 34 contratos (ITM+OTM C/P) capturados y cancelados (spot 766.02)
════════════════════════════════════════════════════════════
🔔 2026-08-21 09:30:32 | ORDEN | COMPRA VERTICAL SPY C L=763/S=765 x1 débito<=1.44
════════════════════════════════════════════════════════════
2026-08-21 09:30:42 | DATA   | cadena 20260821: 34 contratos (ITM+OTM C/P) capturados y cancelados (spot 766.02)
════════════════════════════════════════════════════════════
🔔 2026-08-21 09:30:46 | RIESGO | BAG no cerró (2 pata/s viva/s) — cierre por patas al MID
════════════════════════════════════════════════════════════
════════════════════════════════════════════════════════════
🔔 2026-08-21 09:30:46 | ORDEN | CIERRE MERCADO SPY C 765 x1
════════════════════════════════════════════════════════════
════════════════════════════════════════════════════════════
🔔 2026-08-21 09:30:55 | ORDEN | CIERRE MERCADO SPY C 763 x1
════════════════════════════════════════════════════════════
2026-08-21 09:31:06 | DATA   | cadena 20260824: 34 contratos (ITM+OTM C/P) capturados y cancelados (spot 766.02)
════════════════════════════════════════════════════════════
🔔 2026-08-21 09:31:08 | ORDEN | COMPRA VERTICAL SPY C L=763/S=765 x1 débito<=1.29
════════════════════════════════════════════════════════════
2026-08-21 09:31:38 | DATA   | cadena 20260821: 34 contratos (ITM+OTM C/P) capturados y cancelados (spot 766.02)
════════════════════════════════════════════════════════════
🔔 2026-08-21 09:31:39 | ORDEN | COMPRA SINGLE SPY C 763 x1 <=2.95
════════════════════════════════════════════════════════════
2026-08-21 09:31:48 | DATA   | cadena 20260821: 18 contratos (ITM+OTM C/P) capturados y cancelados (spot 766.02)
2026-08-21 09:31:54 | DATA   | cadena 20260824: 34 contratos (ITM+OTM C/P) capturados y cancelados (spot 766.02)
════════════════════════════════════════════════════════════
🔔 2026-08-21 09:31:55 | ORDEN | COMPRA SINGLE SPY C 763 x1 <=3.95
════════════════════════════════════════════════════════════
2026-08-21 09:32:00 | DATA   | cadena 20260824: 18 contratos (ITM+OTM C/P) capturados y cancelados (spot 766.02)
  09:30:28 C a2 mny+3 | vert0DTE:Filled  vert3DTE:NO_LLENA  SGL 0DTE:Filled  SGL 3DTE:Filled
Error 10349, reqId 99830: Order TIF was set to DAY based on order preset.
Canceled order: Trade(contract=Contract(secType='BAG', symbol='SPY', exchange='SMART', currency='USD', comboLegs=[ComboLeg(conId=885903302, ratio=1, action='BUY', exchange='SMART', openClose=0, shortSaleSlot=0, designatedLocation='', exemptCode=-1), ComboLeg(conId=885903264, ratio=1, action='SELL', exchange='SMART', openClose=0, shortSaleSlot=0, designatedLocation='', exemptCode=-1)]), order=LimitOrder(orderId=99830, clientId=34, action='BUY', totalQuantity=1, lmtPrice=1.58), orderStatus=OrderStatus(orderId=99830, status='Cancelled', filled=0.0, remaining=0.0, avgFillPrice=0.0, permId=0, parentId=0, lastFillPrice=0.0, clientId=0, whyHeld='', mktCapPrice=0.0), fills=[], log=[TradeLogEntry(time=datetime.datetime(2026, 8, 21, 13, 32, 9, 542097, tzinfo=datetime.timezone.utc), status='PendingSubmit', message='', errorCode=0), TradeLogEntry(time=datetime.datetime(2026, 8, 21, 13, 32, 10, 925519, tzinfo=datetime.timezone.utc), status='Cancelled', message='Error 10349, reqId 99830: Order TIF was set to DAY based on order preset.', errorCode=10349)], advancedError='')
Error 10349, reqId 99901: Order TIF was set to DAY based on order preset.
Canceled order: Trade(contract=Contract(secType='BAG', symbol='SPY', exchange='SMART', currency='USD', comboLegs=[ComboLeg(conId=909961802, ratio=1, action='BUY', exchange='SMART', openClose=0, shortSaleSlot=0, designatedLocation='', exemptCode=-1), ComboLeg(conId=909961766, ratio=1, action='SELL', exchange='SMART', openClose=0, shortSaleSlot=0, designatedLocation='', exemptCode=-1)]), order=LimitOrder(orderId=99901, clientId=34, action='BUY', totalQuantity=1, lmtPrice=1.32), orderStatus=OrderStatus(orderId=99901, status='Cancelled', filled=0.0, remaining=0.0, avgFillPrice=0.0, permId=0, parentId=0, lastFillPrice=0.0, clientId=0, whyHeld='', mktCapPrice=0.0), fills=[], log=[TradeLogEntry(time=datetime.datetime(2026, 8, 21, 13, 32, 40, 992616, tzinfo=datetime.timezone.utc), status='PendingSubmit', message='', errorCode=0), TradeLogEntry(time=datetime.datetime(2026, 8, 21, 13, 32, 41, 426887, tzinfo=datetime.timezone.utc), status='Cancelled', message='Error 10349, reqId 99901: Order TIF was set to DAY based on order preset.', errorCode=10349)], advancedError='')
Error 10349, reqId 99971: Order TIF was set to DAY based on order preset.
Canceled order: Trade(contract=Option(conId=885903302, symbol='SPY', lastTradeDateOrContractMonth='20260821', strike=769.0, right='P', multiplier='100', exchange='SMART', currency='USD', localSymbol='SPY   260821P00769000', tradingClass='SPY'), order=LimitOrder(orderId=99971, clientId=34, action='BUY', totalQuantity=1, lmtPrice=4.34), orderStatus=OrderStatus(orderId=99971, status='Cancelled', filled=0.0, remaining=0.0, avgFillPrice=0.0, permId=0, parentId=0, lastFillPrice=0.0, clientId=0, whyHeld='', mktCapPrice=0.0), fills=[], log=[TradeLogEntry(time=datetime.datetime(2026, 8, 21, 13, 33, 12, 741090, tzinfo=datetime.timezone.utc), status='PendingSubmit', message='', errorCode=0), TradeLogEntry(time=datetime.datetime(2026, 8, 21, 13, 33, 12, 741090, tzinfo=datetime.timezone.utc), status='Cancelled', message='Error 10349, reqId 99971: Order TIF was set to DAY based on order preset.', errorCode=10349)], advancedError='')
Error 10349, reqId 100009: Order TIF was set to DAY based on order preset.
Canceled order: Trade(contract=Option(conId=885903302, symbol='SPY', lastTradeDateOrContractMonth='20260821', strike=769.0, right='P', multiplier='100', exchange='SMART', currency='USD', localSymbol='SPY   260821P00769000', tradingClass='SPY'), order=LimitOrder(orderId=100009, clientId=34, action='SELL', totalQuantity=1, lmtPrice=4.31), orderStatus=OrderStatus(orderId=100009, status='Cancelled', filled=0.0, remaining=0.0, avgFillPrice=0.0, permId=0, parentId=0, lastFillPrice=0.0, clientId=0, whyHeld='', mktCapPrice=0.0), fills=[], log=[TradeLogEntry(time=datetime.datetime(2026, 8, 21, 13, 33, 20, 483524, tzinfo=datetime.timezone.utc), status='PendingSubmit', message='', errorCode=0), TradeLogEntry(time=datetime.datetime(2026, 8, 21, 13, 33, 20, 483524, tzinfo=datetime.timezone.utc), status='Cancelled', message='Error 10349, reqId 100009: Order TIF was set to DAY based on order preset.', errorCode=10349)], advancedError='')
Error 10349, reqId 100011: Order TIF was set to DAY based on order preset.
Canceled order: Trade(contract=Option(conId=885903302, symbol='SPY', lastTradeDateOrContractMonth='20260821', strike=769.0, right='P', multiplier='100', exchange='SMART', currency='USD', localSymbol='SPY   260821P00769000', tradingClass='SPY'), order=LimitOrder(orderId=100011, clientId=34, action='SELL', totalQuantity=1, lmtPrice=4.3), orderStatus=OrderStatus(orderId=100011, status='Cancelled', filled=0.0, remaining=0.0, avgFillPrice=0.0, permId=0, parentId=0, lastFillPrice=0.0, clientId=0, whyHeld='', mktCapPrice=0.0), fills=[], log=[TradeLogEntry(time=datetime.datetime(2026, 8, 21, 13, 33, 30, 124851, tzinfo=datetime.timezone.utc), status='PendingSubmit', message='', errorCode=0), TradeLogEntry(time=datetime.datetime(2026, 8, 21, 13, 33, 30, 134770, tzinfo=datetime.timezone.utc), status='Cancelled', message='Error 10349, reqId 100011: Order TIF was set to DAY based on order preset.', errorCode=10349)], advancedError='')
Error 10349, reqId 100013: Order TIF was set to DAY based on order preset.
Canceled order: Trade(contract=Option(conId=885903302, symbol='SPY', lastTradeDateOrContractMonth='20260821', strike=769.0, right='P', multiplier='100', exchange='SMART', currency='USD', localSymbol='SPY   260821P00769000', tradingClass='SPY'), order=LimitOrder(orderId=100013, clientId=34, action='SELL', totalQuantity=1, lmtPrice=4.29), orderStatus=OrderStatus(orderId=100013, status='Cancelled', filled=0.0, remaining=0.0, avgFillPrice=0.0, permId=0, parentId=0, lastFillPrice=0.0, clientId=0, whyHeld='', mktCapPrice=0.0), fills=[], log=[TradeLogEntry(time=datetime.datetime(2026, 8, 21, 13, 33, 39, 772842, tzinfo=datetime.timezone.utc), status='PendingSubmit', message='', errorCode=0), TradeLogEntry(time=datetime.datetime(2026, 8, 21, 13, 33, 39, 772842, tzinfo=datetime.timezone.utc), status='Cancelled', message='Error 10349, reqId 100013: Order TIF was set to DAY based on order preset.', errorCode=10349)], advancedError='')
Error 10349, reqId 100015: Order TIF was set to DAY based on order preset.
Canceled order: Trade(contract=Option(conId=885903302, symbol='SPY', lastTradeDateOrContractMonth='20260821', strike=769.0, right='P', multiplier='100', exchange='SMART', currency='USD', localSymbol='SPY   260821P00769000', tradingClass='SPY'), order=MarketOrder(orderId=100015, clientId=34, action='SELL', totalQuantity=1), orderStatus=OrderStatus(orderId=100015, status='Cancelled', filled=0.0, remaining=0.0, avgFillPrice=0.0, permId=0, parentId=0, lastFillPrice=0.0, clientId=0, whyHeld='', mktCapPrice=0.0), fills=[], log=[TradeLogEntry(time=datetime.datetime(2026, 8, 21, 13, 33, 49, 800327, tzinfo=datetime.timezone.utc), status='PendingSubmit', message='', errorCode=0), TradeLogEntry(time=datetime.datetime(2026, 8, 21, 13, 33, 50, 654737, tzinfo=datetime.timezone.utc), status='Cancelled', message='Error 10349, reqId 100015: Order TIF was set to DAY based on order preset.', errorCode=10349)], advancedError='')
2026-08-21 09:32:08 | DATA   | cadena 20260821: 34 contratos (ITM+OTM C/P) capturados y cancelados (spot 766.02)
════════════════════════════════════════════════════════════
🔔 2026-08-21 09:32:09 | ORDEN | COMPRA VERTICAL SPY P L=769/S=767 x1 débito<=1.58
════════════════════════════════════════════════════════════
2026-08-21 09:32:39 | DATA   | cadena 20260824: 34 contratos (ITM+OTM C/P) capturados y cancelados (spot 766.02)
════════════════════════════════════════════════════════════
🔔 2026-08-21 09:32:40 | ORDEN | COMPRA VERTICAL SPY P L=769/S=767 x1 débito<=1.32
════════════════════════════════════════════════════════════
2026-08-21 09:33:11 | DATA   | cadena 20260821: 34 contratos (ITM+OTM C/P) capturados y cancelados (spot 766.02)
════════════════════════════════════════════════════════════
🔔 2026-08-21 09:33:12 | ORDEN | COMPRA SINGLE SPY P 769 x1 <=4.34
════════════════════════════════════════════════════════════
2026-08-21 09:33:19 | DATA   | cadena 20260821: 18 contratos (ITM+OTM C/P) capturados y cancelados (spot 766.02)
════════════════════════════════════════════════════════════
🔔 2026-08-21 09:33:49 | ORDEN | CIERRE SPY P 769 x1 MERCADO
════════════════════════════════════════════════════════════
2026-08-21 09:33:54 | DATA   | cadena 20260824: 34 contratos (ITM+OTM C/P) capturados y cancelados (spot 766.02)
  09:32:04 P a2 mny+3 | vert0DTE:NO_LLENA  vert3DTE:NO_LLENA  SGL 0DTE:Filled  SGL 3DTE:SIN_LIBRO
Error 10349, reqId 100154: Order TIF was set to DAY based on order preset.
Canceled order: Trade(contract=Contract(secType='BAG', symbol='SPY', exchange='SMART', currency='USD', comboLegs=[ComboLeg(conId=885901586, ratio=1, action='BUY', exchange='SMART', openClose=0, shortSaleSlot=0, designatedLocation='', exemptCode=-1), ComboLeg(conId=885901626, ratio=1, action='SELL', exchange='SMART', openClose=0, shortSaleSlot=0, designatedLocation='', exemptCode=-1)]), order=LimitOrder(orderId=100154, clientId=34, action='BUY', totalQuantity=1, lmtPrice=2.09), orderStatus=OrderStatus(orderId=100154, status='Cancelled', filled=0.0, remaining=0.0, avgFillPrice=0.0, permId=0, parentId=0, lastFillPrice=0.0, clientId=0, whyHeld='', mktCapPrice=0.0), fills=[], log=[TradeLogEntry(time=datetime.datetime(2026, 8, 21, 13, 34, 0, 420781, tzinfo=datetime.timezone.utc), status='PendingSubmit', message='', errorCode=0), TradeLogEntry(time=datetime.datetime(2026, 8, 21, 13, 34, 0, 786140, tzinfo=datetime.timezone.utc), status='Cancelled', message='Error 10349, reqId 100154: Order TIF was set to DAY based on order preset.', errorCode=10349)], advancedError='')
Error 10349, reqId 100225: Order TIF was set to DAY based on order preset.
Canceled order: Trade(contract=Contract(secType='BAG', symbol='SPY', exchange='SMART', currency='USD', comboLegs=[ComboLeg(conId=909958655, ratio=1, action='BUY', exchange='SMART', openClose=0, shortSaleSlot=0, designatedLocation='', exemptCode=-1), ComboLeg(conId=909958702, ratio=1, action='SELL', exchange='SMART', openClose=0, shortSaleSlot=0, designatedLocation='', exemptCode=-1)]), order=LimitOrder(orderId=100225, clientId=34, action='BUY', totalQuantity=1, lmtPrice=2.25), orderStatus=OrderStatus(orderId=100225, status='Cancelled', filled=0.0, remaining=0.0, avgFillPrice=0.0, permId=0, parentId=0, lastFillPrice=0.0, clientId=0, whyHeld='', mktCapPrice=0.0), fills=[], log=[TradeLogEntry(time=datetime.datetime(2026, 8, 21, 13, 34, 32, 119285, tzinfo=datetime.timezone.utc), status='PendingSubmit', message='', errorCode=0), TradeLogEntry(time=datetime.datetime(2026, 8, 21, 13, 34, 32, 500498, tzinfo=datetime.timezone.utc), status='Cancelled', message='Error 10349, reqId 100225: Order TIF was set to DAY based on order preset.', errorCode=10349)], advancedError='')
Error 10349, reqId 100300: Order TIF was set to DAY based on order preset.
Canceled order: Trade(contract=Option(conId=909958702, symbol='SPY', lastTradeDateOrContractMonth='20260824', strike=767.0, right='C', multiplier='100', exchange='SMART', currency='USD', localSymbol='SPY   260824C00767000', tradingClass='SPY'), order=MarketOrder(orderId=100300, clientId=34, action='BUY', totalQuantity=1), orderStatus=OrderStatus(orderId=100300, status='Cancelled', filled=0.0, remaining=0.0, avgFillPrice=0.0, permId=0, parentId=0, lastFillPrice=0.0, clientId=0, whyHeld='', mktCapPrice=0.0), fills=[], log=[TradeLogEntry(time=datetime.datetime(2026, 8, 21, 13, 35, 2, 970080, tzinfo=datetime.timezone.utc), status='PendingSubmit', message='', errorCode=0), TradeLogEntry(time=datetime.datetime(2026, 8, 21, 13, 35, 3, 999304, tzinfo=datetime.timezone.utc), status='Cancelled', message='Error 10349, reqId 100300: Order TIF was set to DAY based on order preset.', errorCode=10349)], advancedError='')
Error 10349, reqId 100302: Order TIF was set to DAY based on order preset.
Canceled order: Trade(contract=Option(conId=909958655, symbol='SPY', lastTradeDateOrContractMonth='20260824', strike=763.0, right='C', multiplier='100', exchange='SMART', currency='USD', localSymbol='SPY   260824C00763000', tradingClass='SPY'), order=MarketOrder(orderId=100302, clientId=34, action='SELL', totalQuantity=1), orderStatus=OrderStatus(orderId=100302, status='Cancelled', filled=0.0, remaining=0.0, avgFillPrice=0.0, permId=0, parentId=0, lastFillPrice=0.0, clientId=0, whyHeld='', mktCapPrice=0.0), fills=[], log=[TradeLogEntry(time=datetime.datetime(2026, 8, 21, 13, 35, 11, 57657, tzinfo=datetime.timezone.utc), status='PendingSubmit', message='', errorCode=0), TradeLogEntry(time=datetime.datetime(2026, 8, 21, 13, 35, 11, 69748, tzinfo=datetime.timezone.utc), status='Cancelled', message='Error 10349, reqId 100302: Order TIF was set to DAY based on order preset.', errorCode=10349)], advancedError='')
Error 10349, reqId 100304: Order TIF was set to DAY based on order preset.
Canceled order: Trade(contract=Option(conId=909958655, symbol='SPY', lastTradeDateOrContractMonth='20260824', strike=763.0, right='C', multiplier='100', exchange='SMART', currency='USD', localSymbol='SPY   260824C00763000', tradingClass='SPY'), order=MarketOrder(orderId=100304, clientId=34, action='SELL', totalQuantity=1), orderStatus=OrderStatus(orderId=100304, status='Cancelled', filled=0.0, remaining=0.0, avgFillPrice=0.0, permId=0, parentId=0, lastFillPrice=0.0, clientId=0, whyHeld='', mktCapPrice=0.0), fills=[], log=[TradeLogEntry(time=datetime.datetime(2026, 8, 21, 13, 35, 19, 130329, tzinfo=datetime.timezone.utc), status='PendingSubmit', message='', errorCode=0), TradeLogEntry(time=datetime.datetime(2026, 8, 21, 13, 35, 19, 136144, tzinfo=datetime.timezone.utc), status='Cancelled', message='Error 10349, reqId 100304: Order TIF was set to DAY based on order preset.', errorCode=10349)], advancedError='')
Error 201, reqId 100304: Order rejected - reason:We are unable to accept your order. Your Available Funds are in sufficient to cover the change in the <br>account's margin requirements if this order executes. In order to obtain the desired position your Equity with<br> Loan Value [15283.55 USD] must exceed the new total Initial Margin of  [15648.48 USD].
Canceled order: Trade(contract=Option(conId=909958655, symbol='SPY', lastTradeDateOrContractMonth='20260824', strike=763.0, right='C', multiplier='100', exchange='SMART', currency='USD', localSymbol='SPY   260824C00763000', tradingClass='SPY'), order=MarketOrder(orderId=100304, clientId=34, permId=229135137, action='SELL', totalQuantity=1.0, lmtPrice=3.53, auxPrice=0.0), orderStatus=OrderStatus(orderId=100304, status='Cancelled', filled=0.0, remaining=1.0, avgFillPrice=0.0, permId=229135137, parentId=0, lastFillPrice=0.0, clientId=34, whyHeld='', mktCapPrice=0.0), fills=[], log=[TradeLogEntry(time=datetime.datetime(2026, 8, 21, 13, 35, 19, 130329, tzinfo=datetime.timezone.utc), status='PendingSubmit', message='', errorCode=0), TradeLogEntry(time=datetime.datetime(2026, 8, 21, 13, 35, 19, 136144, tzinfo=datetime.timezone.utc), status='Cancelled', message='Error 10349, reqId 100304: Order TIF was set to DAY based on order preset.', errorCode=10349), TradeLogEntry(time=datetime.datetime(2026, 8, 21, 13, 35, 19, 207502, tzinfo=datetime.timezone.utc), status='Inactive', message='', errorCode=0), TradeLogEntry(time=datetime.datetime(2026, 8, 21, 13, 35, 19, 207502, tzinfo=datetime.timezone.utc), status='Cancelled', message="Error 201, reqId 100304: Order rejected - reason:We are unable to accept your order. Your Available Funds are in sufficient to cover the change in the <br>account's margin requirements if this order executes. In order to obtain the desired position your Equity with<br> Loan Value [15283.55 USD] must exceed the new total Initial Margin of  [15648.48 USD].", errorCode=201)], advancedError='')
Error 10148, reqId 100304: OrderId 100304 that needs to be cancelled cannot be cancelled, state: Cancelled.
2026-08-21 09:33:59 | DATA   | cadena 20260821: 34 contratos (ITM+OTM C/P) capturados y cancelados (spot 766.02)
════════════════════════════════════════════════════════════
🔔 2026-08-21 09:34:00 | ORDEN | COMPRA VERTICAL SPY C L=763/S=767 x1 débito<=2.09
════════════════════════════════════════════════════════════
2026-08-21 09:34:30 | DATA   | cadena 20260824: 34 contratos (ITM+OTM C/P) capturados y cancelados (spot 766.02)
════════════════════════════════════════════════════════════
🔔 2026-08-21 09:34:32 | ORDEN | COMPRA VERTICAL SPY C L=763/S=767 x1 débito<=2.25
════════════════════════════════════════════════════════════
2026-08-21 09:34:58 | DATA   | cadena 20260824: 34 contratos (ITM+OTM C/P) capturados y cancelados (spot 766.02)
════════════════════════════════════════════════════════════
🔔 2026-08-21 09:35:02 | RIESGO | BAG no cerró (2 pata/s viva/s) — cierre por patas al MID
════════════════════════════════════════════════════════════
════════════════════════════════════════════════════════════
🔔 2026-08-21 09:35:02 | ORDEN | CIERRE MERCADO SPY C 767 x1
════════════════════════════════════════════════════════════
════════════════════════════════════════════════════════════
🔔 2026-08-21 09:35:11 | ORDEN | CIERRE MERCADO SPY C 763 x1
════════════════════════════════════════════════════════════
════════════════════════════════════════════════════════════
🔔 2026-08-21 09:35:19 | RIESGO | BAG no cerró (1 pata/s viva/s) — cierre por patas a MERCADO (último recurso)
════════════════════════════════════════════════════════════
════════════════════════════════════════════════════════════
🔔 2026-08-21 09:35:19 | ORDEN | CIERRE MERCADO SPY C 763 x1
════════════════════════════════════════════════════════════
  09:33:54 C a4 mny+3 | vert0DTE:NO_LLENA  vert3DTE:Filled
Error 10349, reqId 100375: Order TIF was set to DAY based on order preset.
Canceled order: Trade(contract=Contract(secType='BAG', symbol='SPY', exchange='SMART', currency='USD', comboLegs=[ComboLeg(conId=885903302, ratio=1, action='BUY', exchange='SMART', openClose=0, shortSaleSlot=0, designatedLocation='', exemptCode=-1), ComboLeg(conId=853203317, ratio=1, action='SELL', exchange='SMART', openClose=0, shortSaleSlot=0, designatedLocation='', exemptCode=-1)]), order=LimitOrder(orderId=100375, clientId=34, action='BUY', totalQuantity=1, lmtPrice=2.92), orderStatus=OrderStatus(orderId=100375, status='Cancelled', filled=0.0, remaining=0.0, avgFillPrice=0.0, permId=0, parentId=0, lastFillPrice=0.0, clientId=0, whyHeld='', mktCapPrice=0.0), fills=[], log=[TradeLogEntry(time=datetime.datetime(2026, 8, 21, 13, 35, 33, 406577, tzinfo=datetime.timezone.utc), status='PendingSubmit', message='', errorCode=0), TradeLogEntry(time=datetime.datetime(2026, 8, 21, 13, 35, 33, 764157, tzinfo=datetime.timezone.utc), status='Cancelled', message='Error 10349, reqId 100375: Order TIF was set to DAY based on order preset.', errorCode=10349)], advancedError='')
Error 10349, reqId 100450: Order TIF was set to DAY based on order preset.
Canceled order: Trade(contract=Option(conId=853203317, symbol='SPY', lastTradeDateOrContractMonth='20260821', strike=765.0, right='P', multiplier='100', exchange='SMART', currency='USD', localSymbol='SPY   260821P00765000', tradingClass='SPY'), order=MarketOrder(orderId=100450, clientId=34, action='BUY', totalQuantity=1), orderStatus=OrderStatus(orderId=100450, status='Cancelled', filled=0.0, remaining=0.0, avgFillPrice=0.0, permId=0, parentId=0, lastFillPrice=0.0, clientId=0, whyHeld='', mktCapPrice=0.0), fills=[], log=[TradeLogEntry(time=datetime.datetime(2026, 8, 21, 13, 36, 4, 503660, tzinfo=datetime.timezone.utc), status='PendingSubmit', message='', errorCode=0), TradeLogEntry(time=datetime.datetime(2026, 8, 21, 13, 36, 5, 266265, tzinfo=datetime.timezone.utc), status='Cancelled', message='Error 10349, reqId 100450: Order TIF was set to DAY based on order preset.', errorCode=10349)], advancedError='')
Error 10349, reqId 100452: Order TIF was set to DAY based on order preset.
Canceled order: Trade(contract=Option(conId=885903302, symbol='SPY', lastTradeDateOrContractMonth='20260821', strike=769.0, right='P', multiplier='100', exchange='SMART', currency='USD', localSymbol='SPY   260821P00769000', tradingClass='SPY'), order=MarketOrder(orderId=100452, clientId=34, action='SELL', totalQuantity=1), orderStatus=OrderStatus(orderId=100452, status='Cancelled', filled=0.0, remaining=0.0, avgFillPrice=0.0, permId=0, parentId=0, lastFillPrice=0.0, clientId=0, whyHeld='', mktCapPrice=0.0), fills=[], log=[TradeLogEntry(time=datetime.datetime(2026, 8, 21, 13, 36, 12, 585486, tzinfo=datetime.timezone.utc), status='PendingSubmit', message='', errorCode=0), TradeLogEntry(time=datetime.datetime(2026, 8, 21, 13, 36, 12, 589934, tzinfo=datetime.timezone.utc), status='Cancelled', message='Error 10349, reqId 100452: Order TIF was set to DAY based on order preset.', errorCode=10349)], advancedError='')
Error 10349, reqId 100523: Order TIF was set to DAY based on order preset.
Canceled order: Trade(contract=Contract(secType='BAG', symbol='SPY', exchange='SMART', currency='USD', comboLegs=[ComboLeg(conId=909961802, ratio=1, action='BUY', exchange='SMART', openClose=0, shortSaleSlot=0, designatedLocation='', exemptCode=-1), ComboLeg(conId=909495114, ratio=1, action='SELL', exchange='SMART', openClose=0, shortSaleSlot=0, designatedLocation='', exemptCode=-1)]), order=LimitOrder(orderId=100523, clientId=34, action='BUY', totalQuantity=1, lmtPrice=2.44), orderStatus=OrderStatus(orderId=100523, status='Cancelled', filled=0.0, remaining=0.0, avgFillPrice=0.0, permId=0, parentId=0, lastFillPrice=0.0, clientId=0, whyHeld='', mktCapPrice=0.0), fills=[], log=[TradeLogEntry(time=datetime.datetime(2026, 8, 21, 13, 36, 25, 303266, tzinfo=datetime.timezone.utc), status='PendingSubmit', message='', errorCode=0), TradeLogEntry(time=datetime.datetime(2026, 8, 21, 13, 36, 25, 649426, tzinfo=datetime.timezone.utc), status='Cancelled', message='Error 10349, reqId 100523: Order TIF was set to DAY based on order preset.', errorCode=10349)], advancedError='')
Error 10349, reqId 100598: Order TIF was set to DAY based on order preset.
Canceled order: Trade(contract=Option(conId=909495114, symbol='SPY', lastTradeDateOrContractMonth='20260824', strike=765.0, right='P', multiplier='100', exchange='SMART', currency='USD', localSymbol='SPY   260824P00765000', tradingClass='SPY'), order=MarketOrder(orderId=100598, clientId=34, action='BUY', totalQuantity=1), orderStatus=OrderStatus(orderId=100598, status='Cancelled', filled=0.0, remaining=0.0, avgFillPrice=0.0, permId=0, parentId=0, lastFillPrice=0.0, clientId=0, whyHeld='', mktCapPrice=0.0), fills=[], log=[TradeLogEntry(time=datetime.datetime(2026, 8, 21, 13, 36, 42, 409816, tzinfo=datetime.timezone.utc), status='PendingSubmit', message='', errorCode=0), TradeLogEntry(time=datetime.datetime(2026, 8, 21, 13, 36, 42, 409816, tzinfo=datetime.timezone.utc), status='Cancelled', message='Error 10349, reqId 100598: Order TIF was set to DAY based on order preset.', errorCode=10349)], advancedError='')
Error 10349, reqId 100600: Order TIF was set to DAY based on order preset.
Canceled order: Trade(contract=Option(conId=909961802, symbol='SPY', lastTradeDateOrContractMonth='20260824', strike=769.0, right='P', multiplier='100', exchange='SMART', currency='USD', localSymbol='SPY   260824P00769000', tradingClass='SPY'), order=MarketOrder(orderId=100600, clientId=34, action='SELL', totalQuantity=1), orderStatus=OrderStatus(orderId=100600, status='Cancelled', filled=0.0, remaining=0.0, avgFillPrice=0.0, permId=0, parentId=0, lastFillPrice=0.0, clientId=0, whyHeld='', mktCapPrice=0.0), fills=[], log=[TradeLogEntry(time=datetime.datetime(2026, 8, 21, 13, 36, 50, 464977, tzinfo=datetime.timezone.utc), status='PendingSubmit', message='', errorCode=0), TradeLogEntry(time=datetime.datetime(2026, 8, 21, 13, 36, 50, 464977, tzinfo=datetime.timezone.utc), status='Cancelled', message='Error 10349, reqId 100600: Order TIF was set to DAY based on order preset.', errorCode=10349)], advancedError='')
2026-08-21 09:35:32 | DATA   | cadena 20260821: 34 contratos (ITM+OTM C/P) capturados y cancelados (spot 766.02)
════════════════════════════════════════════════════════════
🔔 2026-08-21 09:35:33 | ORDEN | COMPRA VERTICAL SPY P L=769/S=765 x1 débito<=2.92
════════════════════════════════════════════════════════════
2026-08-21 09:36:00 | DATA   | cadena 20260821: 34 contratos (ITM+OTM C/P) capturados y cancelados (spot 766.02)
════════════════════════════════════════════════════════════
🔔 2026-08-21 09:36:04 | RIESGO | BAG no cerró (2 pata/s viva/s) — cierre por patas al MID
════════════════════════════════════════════════════════════
════════════════════════════════════════════════════════════
🔔 2026-08-21 09:36:04 | ORDEN | CIERRE MERCADO SPY P 765 x1
════════════════════════════════════════════════════════════
════════════════════════════════════════════════════════════
🔔 2026-08-21 09:36:12 | ORDEN | CIERRE MERCADO SPY P 769 x1
════════════════════════════════════════════════════════════
2026-08-21 09:36:23 | DATA   | cadena 20260824: 34 contratos (ITM+OTM C/P) capturados y cancelados (spot 766.02)
════════════════════════════════════════════════════════════
🔔 2026-08-21 09:36:25 | ORDEN | COMPRA VERTICAL SPY P L=769/S=765 x1 débito<=2.44
════════════════════════════════════════════════════════════
2026-08-21 09:36:38 | DATA   | cadena 20260824: 34 contratos (ITM+OTM C/P) capturados y cancelados (spot 766.02)
════════════════════════════════════════════════════════════
🔔 2026-08-21 09:36:42 | RIESGO | BAG no cerró (2 pata/s viva/s) — cierre por patas al MID
════════════════════════════════════════════════════════════
════════════════════════════════════════════════════════════
🔔 2026-08-21 09:36:42 | ORDEN | CIERRE MERCADO SPY P 765 x1
════════════════════════════════════════════════════════════
════════════════════════════════════════════════════════════
🔔 2026-08-21 09:36:50 | ORDEN | CIERRE MERCADO SPY P 769 x1
════════════════════════════════════════════════════════════
  09:35:28 P a4 mny+3 | vert0DTE:Filled  vert3DTE:Filled
Error 10349, reqId 100671: Order TIF was set to DAY based on order preset.
Canceled order: Trade(contract=Contract(secType='BAG', symbol='SPY', exchange='SMART', currency='USD', comboLegs=[ComboLeg(conId=885901574, ratio=1, action='BUY', exchange='SMART', openClose=0, shortSaleSlot=0, designatedLocation='', exemptCode=-1), ComboLeg(conId=885901601, ratio=1, action='SELL', exchange='SMART', openClose=0, shortSaleSlot=0, designatedLocation='', exemptCode=-1)]), order=LimitOrder(orderId=100671, clientId=34, action='BUY', totalQuantity=1, lmtPrice=1.49), orderStatus=OrderStatus(orderId=100671, status='Cancelled', filled=0.0, remaining=0.0, avgFillPrice=0.0, permId=0, parentId=0, lastFillPrice=0.0, clientId=0, whyHeld='', mktCapPrice=0.0), fills=[], log=[TradeLogEntry(time=datetime.datetime(2026, 8, 21, 13, 37, 3, 640592, tzinfo=datetime.timezone.utc), status='PendingSubmit', message='', errorCode=0), TradeLogEntry(time=datetime.datetime(2026, 8, 21, 13, 37, 5, 179332, tzinfo=datetime.timezone.utc), status='Cancelled', message='Error 10349, reqId 100671: Order TIF was set to DAY based on order preset.', errorCode=10349)], advancedError='')
Error 10349, reqId 100746: Order TIF was set to DAY based on order preset.
Canceled order: Trade(contract=Option(conId=885901601, symbol='SPY', lastTradeDateOrContractMonth='20260821', strike=764.0, right='C', multiplier='100', exchange='SMART', currency='USD', localSymbol='SPY   260821C00764000', tradingClass='SPY'), order=MarketOrder(orderId=100746, clientId=34, action='BUY', totalQuantity=1), orderStatus=OrderStatus(orderId=100746, status='Cancelled', filled=0.0, remaining=0.0, avgFillPrice=0.0, permId=0, parentId=0, lastFillPrice=0.0, clientId=0, whyHeld='', mktCapPrice=0.0), fills=[], log=[TradeLogEntry(time=datetime.datetime(2026, 8, 21, 13, 37, 23, 308571, tzinfo=datetime.timezone.utc), status='PendingSubmit', message='', errorCode=0), TradeLogEntry(time=datetime.datetime(2026, 8, 21, 13, 37, 23, 308571, tzinfo=datetime.timezone.utc), status='Cancelled', message='Error 10349, reqId 100746: Order TIF was set to DAY based on order preset.', errorCode=10349)], advancedError='')
Error 10349, reqId 100748: Order TIF was set to DAY based on order preset.
Canceled order: Trade(contract=Option(conId=885901574, symbol='SPY', lastTradeDateOrContractMonth='20260821', strike=762.0, right='C', multiplier='100', exchange='SMART', currency='USD', localSymbol='SPY   260821C00762000', tradingClass='SPY'), order=MarketOrder(orderId=100748, clientId=34, action='SELL', totalQuantity=1), orderStatus=OrderStatus(orderId=100748, status='Cancelled', filled=0.0, remaining=0.0, avgFillPrice=0.0, permId=0, parentId=0, lastFillPrice=0.0, clientId=0, whyHeld='', mktCapPrice=0.0), fills=[], log=[TradeLogEntry(time=datetime.datetime(2026, 8, 21, 13, 37, 31, 380082, tzinfo=datetime.timezone.utc), status='PendingSubmit', message='', errorCode=0), TradeLogEntry(time=datetime.datetime(2026, 8, 21, 13, 37, 31, 383844, tzinfo=datetime.timezone.utc), status='Cancelled', message='Error 10349, reqId 100748: Order TIF was set to DAY based on order preset.', errorCode=10349)], advancedError='')
Error 10349, reqId 100819: Order TIF was set to DAY based on order preset.
Canceled order: Trade(contract=Contract(secType='BAG', symbol='SPY', exchange='SMART', currency='USD', comboLegs=[ComboLeg(conId=909958635, ratio=1, action='BUY', exchange='SMART', openClose=0, shortSaleSlot=0, designatedLocation='', exemptCode=-1), ComboLeg(conId=909958662, ratio=1, action='SELL', exchange='SMART', openClose=0, shortSaleSlot=0, designatedLocation='', exemptCode=-1)]), order=LimitOrder(orderId=100819, clientId=34, action='BUY', totalQuantity=1, lmtPrice=1.36), orderStatus=OrderStatus(orderId=100819, status='Cancelled', filled=0.0, remaining=0.0, avgFillPrice=0.0, permId=0, parentId=0, lastFillPrice=0.0, clientId=0, whyHeld='', mktCapPrice=0.0), fills=[], log=[TradeLogEntry(time=datetime.datetime(2026, 8, 21, 13, 37, 44, 134731, tzinfo=datetime.timezone.utc), status='PendingSubmit', message='', errorCode=0), TradeLogEntry(time=datetime.datetime(2026, 8, 21, 13, 37, 44, 553026, tzinfo=datetime.timezone.utc), status='Cancelled', message='Error 10349, reqId 100819: Order TIF was set to DAY based on order preset.', errorCode=10349)], advancedError='')
Error 10349, reqId 100889: Order TIF was set to DAY based on order preset.
Canceled order: Trade(contract=Option(conId=885901574, symbol='SPY', lastTradeDateOrContractMonth='20260821', strike=762.0, right='C', multiplier='100', exchange='SMART', currency='USD', localSymbol='SPY   260821C00762000', tradingClass='SPY'), order=LimitOrder(orderId=100889, clientId=34, action='BUY', totalQuantity=1, lmtPrice=3.48), orderStatus=OrderStatus(orderId=100889, status='Cancelled', filled=0.0, remaining=0.0, avgFillPrice=0.0, permId=0, parentId=0, lastFillPrice=0.0, clientId=0, whyHeld='', mktCapPrice=0.0), fills=[], log=[TradeLogEntry(time=datetime.datetime(2026, 8, 21, 13, 38, 15, 691111, tzinfo=datetime.timezone.utc), status='PendingSubmit', message='', errorCode=0), TradeLogEntry(time=datetime.datetime(2026, 8, 21, 13, 38, 15, 697109, tzinfo=datetime.timezone.utc), status='Cancelled', message='Error 10349, reqId 100889: Order TIF was set to DAY based on order preset.', errorCode=10349)], advancedError='')
Error 10349, reqId 100927: Order TIF was set to DAY based on order preset.
Canceled order: Trade(contract=Option(conId=885901574, symbol='SPY', lastTradeDateOrContractMonth='20260821', strike=762.0, right='C', multiplier='100', exchange='SMART', currency='USD', localSymbol='SPY   260821C00762000', tradingClass='SPY'), order=LimitOrder(orderId=100927, clientId=34, action='SELL', totalQuantity=1, lmtPrice=3.44), orderStatus=OrderStatus(orderId=100927, status='Cancelled', filled=0.0, remaining=0.0, avgFillPrice=0.0, permId=0, parentId=0, lastFillPrice=0.0, clientId=0, whyHeld='', mktCapPrice=0.0), fills=[], log=[TradeLogEntry(time=datetime.datetime(2026, 8, 21, 13, 38, 21, 420598, tzinfo=datetime.timezone.utc), status='PendingSubmit', message='', errorCode=0), TradeLogEntry(time=datetime.datetime(2026, 8, 21, 13, 38, 21, 420598, tzinfo=datetime.timezone.utc), status='Cancelled', message='Error 10349, reqId 100927: Order TIF was set to DAY based on order preset.', errorCode=10349)], advancedError='')
Error 10349, reqId 100929: Order TIF was set to DAY based on order preset.
Canceled order: Trade(contract=Option(conId=885901574, symbol='SPY', lastTradeDateOrContractMonth='20260821', strike=762.0, right='C', multiplier='100', exchange='SMART', currency='USD', localSymbol='SPY   260821C00762000', tradingClass='SPY'), order=LimitOrder(orderId=100929, clientId=34, action='SELL', totalQuantity=1, lmtPrice=3.43), orderStatus=OrderStatus(orderId=100929, status='Cancelled', filled=0.0, remaining=0.0, avgFillPrice=0.0, permId=0, parentId=0, lastFillPrice=0.0, clientId=0, whyHeld='', mktCapPrice=0.0), fills=[], log=[TradeLogEntry(time=datetime.datetime(2026, 8, 21, 13, 38, 31, 91729, tzinfo=datetime.timezone.utc), status='PendingSubmit', message='', errorCode=0), TradeLogEntry(time=datetime.datetime(2026, 8, 21, 13, 38, 31, 95728, tzinfo=datetime.timezone.utc), status='Cancelled', message='Error 10349, reqId 100929: Order TIF was set to DAY based on order preset.', errorCode=10349)], advancedError='')
Error 10349, reqId 100931: Order TIF was set to DAY based on order preset.
Canceled order: Trade(contract=Option(conId=885901574, symbol='SPY', lastTradeDateOrContractMonth='20260821', strike=762.0, right='C', multiplier='100', exchange='SMART', currency='USD', localSymbol='SPY   260821C00762000', tradingClass='SPY'), order=LimitOrder(orderId=100931, clientId=34, action='SELL', totalQuantity=1, lmtPrice=3.42), orderStatus=OrderStatus(orderId=100931, status='Cancelled', filled=0.0, remaining=0.0, avgFillPrice=0.0, permId=0, parentId=0, lastFillPrice=0.0, clientId=0, whyHeld='', mktCapPrice=0.0), fills=[], log=[TradeLogEntry(time=datetime.datetime(2026, 8, 21, 13, 38, 40, 735705, tzinfo=datetime.timezone.utc), status='PendingSubmit', message='', errorCode=0), TradeLogEntry(time=datetime.datetime(2026, 8, 21, 13, 38, 40, 735705, tzinfo=datetime.timezone.utc), status='Cancelled', message='Error 10349, reqId 100931: Order TIF was set to DAY based on order preset.', errorCode=10349)], advancedError='')
Error 10349, reqId 101001: Order TIF was set to DAY based on order preset.
Canceled order: Trade(contract=Option(conId=909958635, symbol='SPY', lastTradeDateOrContractMonth='20260824', strike=762.0, right='C', multiplier='100', exchange='SMART', currency='USD', localSymbol='SPY   260824C00762000', tradingClass='SPY'), order=LimitOrder(orderId=101001, clientId=34, action='BUY', totalQuantity=1, lmtPrice=4.39), orderStatus=OrderStatus(orderId=101001, status='Cancelled', filled=0.0, remaining=0.0, avgFillPrice=0.0, permId=0, parentId=0, lastFillPrice=0.0, clientId=0, whyHeld='', mktCapPrice=0.0), fills=[], log=[TradeLogEntry(time=datetime.datetime(2026, 8, 21, 13, 38, 52, 129375, tzinfo=datetime.timezone.utc), status='PendingSubmit', message='', errorCode=0), TradeLogEntry(time=datetime.datetime(2026, 8, 21, 13, 38, 52, 132376, tzinfo=datetime.timezone.utc), status='Cancelled', message='Error 10349, reqId 101001: Order TIF was set to DAY based on order preset.', errorCode=10349)], advancedError='')
Error 10349, reqId 101039: Order TIF was set to DAY based on order preset.
Canceled order: Trade(contract=Option(conId=909958635, symbol='SPY', lastTradeDateOrContractMonth='20260824', strike=762.0, right='C', multiplier='100', exchange='SMART', currency='USD', localSymbol='SPY   260824C00762000', tradingClass='SPY'), order=LimitOrder(orderId=101039, clientId=34, action='SELL', totalQuantity=1, lmtPrice=4.39), orderStatus=OrderStatus(orderId=101039, status='Cancelled', filled=0.0, remaining=0.0, avgFillPrice=0.0, permId=0, parentId=0, lastFillPrice=0.0, clientId=0, whyHeld='', mktCapPrice=0.0), fills=[], log=[TradeLogEntry(time=datetime.datetime(2026, 8, 21, 13, 38, 58, 456322, tzinfo=datetime.timezone.utc), status='PendingSubmit', message='', errorCode=0), TradeLogEntry(time=datetime.datetime(2026, 8, 21, 13, 38, 58, 460340, tzinfo=datetime.timezone.utc), status='Cancelled', message='Error 10349, reqId 101039: Order TIF was set to DAY based on order preset.', errorCode=10349)], advancedError='')
Error 10349, reqId 101041: Order TIF was set to DAY based on order preset.
Canceled order: Trade(contract=Option(conId=909958635, symbol='SPY', lastTradeDateOrContractMonth='20260824', strike=762.0, right='C', multiplier='100', exchange='SMART', currency='USD', localSymbol='SPY   260824C00762000', tradingClass='SPY'), order=LimitOrder(orderId=101041, clientId=34, action='SELL', totalQuantity=1, lmtPrice=4.38), orderStatus=OrderStatus(orderId=101041, status='Cancelled', filled=0.0, remaining=0.0, avgFillPrice=0.0, permId=0, parentId=0, lastFillPrice=0.0, clientId=0, whyHeld='', mktCapPrice=0.0), fills=[], log=[TradeLogEntry(time=datetime.datetime(2026, 8, 21, 13, 39, 8, 669826, tzinfo=datetime.timezone.utc), status='PendingSubmit', message='', errorCode=0), TradeLogEntry(time=datetime.datetime(2026, 8, 21, 13, 39, 8, 669826, tzinfo=datetime.timezone.utc), status='Cancelled', message='Error 10349, reqId 101041: Order TIF was set to DAY based on order preset.', errorCode=10349)], advancedError='')
Error 10349, reqId 101043: Order TIF was set to DAY based on order preset.
Canceled order: Trade(contract=Option(conId=909958635, symbol='SPY', lastTradeDateOrContractMonth='20260824', strike=762.0, right='C', multiplier='100', exchange='SMART', currency='USD', localSymbol='SPY   260824C00762000', tradingClass='SPY'), order=LimitOrder(orderId=101043, clientId=34, action='SELL', totalQuantity=1, lmtPrice=4.37), orderStatus=OrderStatus(orderId=101043, status='Cancelled', filled=0.0, remaining=0.0, avgFillPrice=0.0, permId=0, parentId=0, lastFillPrice=0.0, clientId=0, whyHeld='', mktCapPrice=0.0), fills=[], log=[TradeLogEntry(time=datetime.datetime(2026, 8, 21, 13, 39, 18, 319672, tzinfo=datetime.timezone.utc), status='PendingSubmit', message='', errorCode=0), TradeLogEntry(time=datetime.datetime(2026, 8, 21, 13, 39, 18, 319672, tzinfo=datetime.timezone.utc), status='Cancelled', message='Error 10349, reqId 101043: Order TIF was set to DAY based on order preset.', errorCode=10349)], advancedError='')
Error 10349, reqId 101045: Order TIF was set to DAY based on order preset.
Canceled order: Trade(contract=Option(conId=909958635, symbol='SPY', lastTradeDateOrContractMonth='20260824', strike=762.0, right='C', multiplier='100', exchange='SMART', currency='USD', localSymbol='SPY   260824C00762000', tradingClass='SPY'), order=MarketOrder(orderId=101045, clientId=34, action='SELL', totalQuantity=1), orderStatus=OrderStatus(orderId=101045, status='Cancelled', filled=0.0, remaining=0.0, avgFillPrice=0.0, permId=0, parentId=0, lastFillPrice=0.0, clientId=0, whyHeld='', mktCapPrice=0.0), fills=[], log=[TradeLogEntry(time=datetime.datetime(2026, 8, 21, 13, 39, 27, 963621, tzinfo=datetime.timezone.utc), status='PendingSubmit', message='', errorCode=0), TradeLogEntry(time=datetime.datetime(2026, 8, 21, 13, 39, 27, 979429, tzinfo=datetime.timezone.utc), status='Cancelled', message='Error 10349, reqId 101045: Order TIF was set to DAY based on order preset.', errorCode=10349)], advancedError='')
2026-08-21 09:37:01 | DATA   | cadena 20260821: 34 contratos (ITM+OTM C/P) capturados y cancelados (spot 766.02)
════════════════════════════════════════════════════════════
🔔 2026-08-21 09:37:03 | ORDEN | COMPRA VERTICAL SPY C L=762/S=764 x1 débito<=1.49
════════════════════════════════════════════════════════════
2026-08-21 09:37:19 | DATA   | cadena 20260821: 34 contratos (ITM+OTM C/P) capturados y cancelados (spot 766.02)
════════════════════════════════════════════════════════════
🔔 2026-08-21 09:37:23 | RIESGO | BAG no cerró (2 pata/s viva/s) — cierre por patas al MID
════════════════════════════════════════════════════════════
════════════════════════════════════════════════════════════
🔔 2026-08-21 09:37:23 | ORDEN | CIERRE MERCADO SPY C 764 x1
════════════════════════════════════════════════════════════
════════════════════════════════════════════════════════════
🔔 2026-08-21 09:37:31 | ORDEN | CIERRE MERCADO SPY C 762 x1
════════════════════════════════════════════════════════════
2026-08-21 09:37:42 | DATA   | cadena 20260824: 34 contratos (ITM+OTM C/P) capturados y cancelados (spot 766.02)
════════════════════════════════════════════════════════════
🔔 2026-08-21 09:37:44 | ORDEN | COMPRA VERTICAL SPY C L=762/S=764 x1 débito<=1.36
════════════════════════════════════════════════════════════
2026-08-21 09:38:14 | DATA   | cadena 20260821: 34 contratos (ITM+OTM C/P) capturados y cancelados (spot 766.02)
════════════════════════════════════════════════════════════
🔔 2026-08-21 09:38:15 | ORDEN | COMPRA SINGLE SPY C 762 x1 <=3.48
════════════════════════════════════════════════════════════
2026-08-21 09:38:20 | DATA   | cadena 20260821: 18 contratos (ITM+OTM C/P) capturados y cancelados (spot 766.02)
2026-08-21 09:38:50 | DATA   | cadena 20260824: 34 contratos (ITM+OTM C/P) capturados y cancelados (spot 766.02)
════════════════════════════════════════════════════════════
🔔 2026-08-21 09:38:52 | ORDEN | COMPRA SINGLE SPY C 762 x1 <=4.39
════════════════════════════════════════════════════════════
2026-08-21 09:38:57 | DATA   | cadena 20260824: 18 contratos (ITM+OTM C/P) capturados y cancelados (spot 766.02)
════════════════════════════════════════════════════════════
🔔 2026-08-21 09:39:27 | ORDEN | CIERRE SPY C 762 x1 MERCADO
════════════════════════════════════════════════════════════
  09:36:58 C a2 mny+4 | vert0DTE:Filled  vert3DTE:NO_LLENA  SGL 0DTE:Filled  SGL 3DTE:Filled
Error 10349, reqId 101116: Order TIF was set to DAY based on order preset.
Canceled order: Trade(contract=Contract(secType='BAG', symbol='SPY', exchange='SMART', currency='USD', comboLegs=[ComboLeg(conId=853203327, ratio=1, action='BUY', exchange='SMART', openClose=0, shortSaleSlot=0, designatedLocation='', exemptCode=-1), ComboLeg(conId=885903284, ratio=1, action='SELL', exchange='SMART', openClose=0, shortSaleSlot=0, designatedLocation='', exemptCode=-1)]), order=LimitOrder(orderId=101116, clientId=34, action='BUY', totalQuantity=1, lmtPrice=1.78), orderStatus=OrderStatus(orderId=101116, status='Cancelled', filled=0.0, remaining=0.0, avgFillPrice=0.0, permId=0, parentId=0, lastFillPrice=0.0, clientId=0, whyHeld='', mktCapPrice=0.0), fills=[], log=[TradeLogEntry(time=datetime.datetime(2026, 8, 21, 13, 39, 33, 124446, tzinfo=datetime.timezone.utc), status='PendingSubmit', message='', errorCode=0), TradeLogEntry(time=datetime.datetime(2026, 8, 21, 13, 39, 33, 534408, tzinfo=datetime.timezone.utc), status='Cancelled', message='Error 10349, reqId 101116: Order TIF was set to DAY based on order preset.', errorCode=10349)], advancedError='')
Error 10349, reqId 101187: Order TIF was set to DAY based on order preset.
Canceled order: Trade(contract=Contract(secType='BAG', symbol='SPY', exchange='SMART', currency='USD', comboLegs=[ComboLeg(conId=909495180, ratio=1, action='BUY', exchange='SMART', openClose=0, shortSaleSlot=0, designatedLocation='', exemptCode=-1), ComboLeg(conId=909961784, ratio=1, action='SELL', exchange='SMART', openClose=0, shortSaleSlot=0, designatedLocation='', exemptCode=-1)]), order=LimitOrder(orderId=101187, clientId=34, action='BUY', totalQuantity=1, lmtPrice=1.46), orderStatus=OrderStatus(orderId=101187, status='Cancelled', filled=0.0, remaining=0.0, avgFillPrice=0.0, permId=0, parentId=0, lastFillPrice=0.0, clientId=0, whyHeld='', mktCapPrice=0.0), fills=[], log=[TradeLogEntry(time=datetime.datetime(2026, 8, 21, 13, 40, 4, 801571, tzinfo=datetime.timezone.utc), status='PendingSubmit', message='', errorCode=0), TradeLogEntry(time=datetime.datetime(2026, 8, 21, 13, 40, 6, 326179, tzinfo=datetime.timezone.utc), status='Cancelled', message='Error 10349, reqId 101187: Order TIF was set to DAY based on order preset.', errorCode=10349)], advancedError='')
Error 10349, reqId 101257: Order TIF was set to DAY based on order preset.
Canceled order: Trade(contract=Option(conId=853203327, symbol='SPY', lastTradeDateOrContractMonth='20260821', strike=770.0, right='P', multiplier='100', exchange='SMART', currency='USD', localSymbol='SPY   260821P00770000', tradingClass='SPY'), order=LimitOrder(orderId=101257, clientId=34, action='BUY', totalQuantity=1, lmtPrice=5.01), orderStatus=OrderStatus(orderId=101257, status='Cancelled', filled=0.0, remaining=0.0, avgFillPrice=0.0, permId=0, parentId=0, lastFillPrice=0.0, clientId=0, whyHeld='', mktCapPrice=0.0), fills=[], log=[TradeLogEntry(time=datetime.datetime(2026, 8, 21, 13, 40, 36, 348786, tzinfo=datetime.timezone.utc), status='PendingSubmit', message='', errorCode=0), TradeLogEntry(time=datetime.datetime(2026, 8, 21, 13, 40, 36, 364567, tzinfo=datetime.timezone.utc), status='Cancelled', message='Error 10349, reqId 101257: Order TIF was set to DAY based on order preset.', errorCode=10349)], advancedError='')
Error 10148, reqId 101257: OrderId 101257 that needs to be cancelled cannot be cancelled, state: PendingCancel.
Canceled order: Trade(contract=Option(conId=853203327, symbol='SPY', lastTradeDateOrContractMonth='20260821', strike=770.0, right='P', multiplier='100', exchange='SMART', currency='USD', localSymbol='SPY   260821P00770000', tradingClass='SPY'), order=LimitOrder(orderId=101257, clientId=34, permId=229135194, action='BUY', totalQuantity=1.0, lmtPrice=5.01, auxPrice=0.0), orderStatus=OrderStatus(orderId=101257, status='Cancelled', filled=0.0, remaining=1.0, avgFillPrice=0.0, permId=229135194, parentId=0, lastFillPrice=0.0, clientId=34, whyHeld='', mktCapPrice=0.0), fills=[], log=[TradeLogEntry(time=datetime.datetime(2026, 8, 21, 13, 40, 36, 348786, tzinfo=datetime.timezone.utc), status='PendingSubmit', message='', errorCode=0), TradeLogEntry(time=datetime.datetime(2026, 8, 21, 13, 40, 36, 364567, tzinfo=datetime.timezone.utc), status='Cancelled', message='Error 10349, reqId 101257: Order TIF was set to DAY based on order preset.', errorCode=10349), TradeLogEntry(time=datetime.datetime(2026, 8, 21, 13, 40, 37, 312016, tzinfo=datetime.timezone.utc), status='Submitted', message='', errorCode=0), TradeLogEntry(time=datetime.datetime(2026, 8, 21, 13, 41, 1, 628805, tzinfo=datetime.timezone.utc), status='PendingCancel', message='', errorCode=0), TradeLogEntry(time=datetime.datetime(2026, 8, 21, 13, 41, 7, 224066, tzinfo=datetime.timezone.utc), status='PendingCancel', message='', errorCode=0), TradeLogEntry(time=datetime.datetime(2026, 8, 21, 13, 41, 8, 263832, tzinfo=datetime.timezone.utc), status='Cancelled', message='Error 10148, reqId 101257: OrderId 101257 that needs to be cancelled cannot be cancelled, state: PendingCancel.', errorCode=10148)], advancedError='')
Error 10349, reqId 101327: Order TIF was set to DAY based on order preset.
Canceled order: Trade(contract=Option(conId=909495180, symbol='SPY', lastTradeDateOrContractMonth='20260824', strike=770.0, right='P', multiplier='100', exchange='SMART', currency='USD', localSymbol='SPY   260824P00770000', tradingClass='SPY'), order=LimitOrder(orderId=101327, clientId=34, action='BUY', totalQuantity=1, lmtPrice=5.43), orderStatus=OrderStatus(orderId=101327, status='Cancelled', filled=0.0, remaining=0.0, avgFillPrice=0.0, permId=0, parentId=0, lastFillPrice=0.0, clientId=0, whyHeld='', mktCapPrice=0.0), fills=[], log=[TradeLogEntry(time=datetime.datetime(2026, 8, 21, 13, 41, 10, 230649, tzinfo=datetime.timezone.utc), status='PendingSubmit', message='', errorCode=0), TradeLogEntry(time=datetime.datetime(2026, 8, 21, 13, 41, 10, 565771, tzinfo=datetime.timezone.utc), status='Cancelled', message='Error 10349, reqId 101327: Order TIF was set to DAY based on order preset.', errorCode=10349)], advancedError='')
Error 10349, reqId 101365: Order TIF was set to DAY based on order preset.
Canceled order: Trade(contract=Option(conId=909495180, symbol='SPY', lastTradeDateOrContractMonth='20260824', strike=770.0, right='P', multiplier='100', exchange='SMART', currency='USD', localSymbol='SPY   260824P00770000', tradingClass='SPY'), order=LimitOrder(orderId=101365, clientId=34, action='SELL', totalQuantity=1, lmtPrice=5.44), orderStatus=OrderStatus(orderId=101365, status='Cancelled', filled=0.0, remaining=0.0, avgFillPrice=0.0, permId=0, parentId=0, lastFillPrice=0.0, clientId=0, whyHeld='', mktCapPrice=0.0), fills=[], log=[TradeLogEntry(time=datetime.datetime(2026, 8, 21, 13, 41, 16, 472446, tzinfo=datetime.timezone.utc), status='PendingSubmit', message='', errorCode=0), TradeLogEntry(time=datetime.datetime(2026, 8, 21, 13, 41, 16, 472446, tzinfo=datetime.timezone.utc), status='Cancelled', message='Error 10349, reqId 101365: Order TIF was set to DAY based on order preset.', errorCode=10349)], advancedError='')
Error 10349, reqId 101367: Order TIF was set to DAY based on order preset.
Canceled order: Trade(contract=Option(conId=909495180, symbol='SPY', lastTradeDateOrContractMonth='20260824', strike=770.0, right='P', multiplier='100', exchange='SMART', currency='USD', localSymbol='SPY   260824P00770000', tradingClass='SPY'), order=LimitOrder(orderId=101367, clientId=34, action='SELL', totalQuantity=1, lmtPrice=5.42), orderStatus=OrderStatus(orderId=101367, status='Cancelled', filled=0.0, remaining=0.0, avgFillPrice=0.0, permId=0, parentId=0, lastFillPrice=0.0, clientId=0, whyHeld='', mktCapPrice=0.0), fills=[], log=[TradeLogEntry(time=datetime.datetime(2026, 8, 21, 13, 41, 26, 130944, tzinfo=datetime.timezone.utc), status='PendingSubmit', message='', errorCode=0), TradeLogEntry(time=datetime.datetime(2026, 8, 21, 13, 41, 26, 135943, tzinfo=datetime.timezone.utc), status='Cancelled', message='Error 10349, reqId 101367: Order TIF was set to DAY based on order preset.', errorCode=10349)], advancedError='')
Error 10349, reqId 101369: Order TIF was set to DAY based on order preset.
Canceled order: Trade(contract=Option(conId=909495180, symbol='SPY', lastTradeDateOrContractMonth='20260824', strike=770.0, right='P', multiplier='100', exchange='SMART', currency='USD', localSymbol='SPY   260824P00770000', tradingClass='SPY'), order=LimitOrder(orderId=101369, clientId=34, action='SELL', totalQuantity=1, lmtPrice=5.41), orderStatus=OrderStatus(orderId=101369, status='Cancelled', filled=0.0, remaining=0.0, avgFillPrice=0.0, permId=0, parentId=0, lastFillPrice=0.0, clientId=0, whyHeld='', mktCapPrice=0.0), fills=[], log=[TradeLogEntry(time=datetime.datetime(2026, 8, 21, 13, 41, 35, 799013, tzinfo=datetime.timezone.utc), status='PendingSubmit', message='', errorCode=0), TradeLogEntry(time=datetime.datetime(2026, 8, 21, 13, 41, 35, 799013, tzinfo=datetime.timezone.utc), status='Cancelled', message='Error 10349, reqId 101369: Order TIF was set to DAY based on order preset.', errorCode=10349)], advancedError='')
Error 10349, reqId 101371: Order TIF was set to DAY based on order preset.
Canceled order: Trade(contract=Option(conId=909495180, symbol='SPY', lastTradeDateOrContractMonth='20260824', strike=770.0, right='P', multiplier='100', exchange='SMART', currency='USD', localSymbol='SPY   260824P00770000', tradingClass='SPY'), order=MarketOrder(orderId=101371, clientId=34, action='SELL', totalQuantity=1), orderStatus=OrderStatus(orderId=101371, status='Cancelled', filled=0.0, remaining=0.0, avgFillPrice=0.0, permId=0, parentId=0, lastFillPrice=0.0, clientId=0, whyHeld='', mktCapPrice=0.0), fills=[], log=[TradeLogEntry(time=datetime.datetime(2026, 8, 21, 13, 41, 45, 452557, tzinfo=datetime.timezone.utc), status='PendingSubmit', message='', errorCode=0), TradeLogEntry(time=datetime.datetime(2026, 8, 21, 13, 41, 45, 452557, tzinfo=datetime.timezone.utc), status='Cancelled', message='Error 10349, reqId 101371: Order TIF was set to DAY based on order preset.', errorCode=10349)], advancedError='')
2026-08-21 09:39:31 | DATA   | cadena 20260821: 34 contratos (ITM+OTM C/P) capturados y cancelados (spot 766.02)
════════════════════════════════════════════════════════════
🔔 2026-08-21 09:39:33 | ORDEN | COMPRA VERTICAL SPY P L=770/S=768 x1 débito<=1.78
════════════════════════════════════════════════════════════
2026-08-21 09:40:03 | DATA   | cadena 20260824: 34 contratos (ITM+OTM C/P) capturados y cancelados (spot 766.02)
════════════════════════════════════════════════════════════
🔔 2026-08-21 09:40:04 | ORDEN | COMPRA VERTICAL SPY P L=770/S=768 x1 débito<=1.46
════════════════════════════════════════════════════════════
2026-08-21 09:40:34 | DATA   | cadena 20260821: 34 contratos (ITM+OTM C/P) capturados y cancelados (spot 766.02)
════════════════════════════════════════════════════════════
🔔 2026-08-21 09:40:36 | ORDEN | COMPRA SINGLE SPY P 770 x1 <=5.01
════════════════════════════════════════════════════════════
2026-08-21 09:41:07 | DATA   | cadena 20260824: 34 contratos (ITM+OTM C/P) capturados y cancelados (spot 766.02)
════════════════════════════════════════════════════════════
🔔 2026-08-21 09:41:10 | ORDEN | COMPRA SINGLE SPY P 770 x1 <=5.43
════════════════════════════════════════════════════════════
2026-08-21 09:41:15 | DATA   | cadena 20260824: 18 contratos (ITM+OTM C/P) capturados y cancelados (spot 766.02)
════════════════════════════════════════════════════════════
🔔 2026-08-21 09:41:45 | ORDEN | CIERRE SPY P 770 x1 MERCADO
════════════════════════════════════════════════════════════
  09:39:28 P a2 mny+4 | vert0DTE:NO_LLENA  vert3DTE:NO_LLENA  SGL 0DTE:NO_LLENA  SGL 3DTE:Filled
Error 10349, reqId 101442: Order TIF was set to DAY based on order preset.
Canceled order: Trade(contract=Contract(secType='BAG', symbol='SPY', exchange='SMART', currency='USD', comboLegs=[ComboLeg(conId=885901574, ratio=1, action='BUY', exchange='SMART', openClose=0, shortSaleSlot=0, designatedLocation='', exemptCode=-1), ComboLeg(conId=885901614, ratio=1, action='SELL', exchange='SMART', openClose=0, shortSaleSlot=0, designatedLocation='', exemptCode=-1)]), order=LimitOrder(orderId=101442, clientId=34, action='BUY', totalQuantity=1, lmtPrice=2.7), orderStatus=OrderStatus(orderId=101442, status='Cancelled', filled=0.0, remaining=0.0, avgFillPrice=0.0, permId=0, parentId=0, lastFillPrice=0.0, clientId=0, whyHeld='', mktCapPrice=0.0), fills=[], log=[TradeLogEntry(time=datetime.datetime(2026, 8, 21, 13, 41, 51, 787082, tzinfo=datetime.timezone.utc), status='PendingSubmit', message='', errorCode=0), TradeLogEntry(time=datetime.datetime(2026, 8, 21, 13, 41, 52, 179107, tzinfo=datetime.timezone.utc), status='Cancelled', message='Error 10349, reqId 101442: Order TIF was set to DAY based on order preset.', errorCode=10349)], advancedError='')
Error 10349, reqId 101517: Order TIF was set to DAY based on order preset.
Canceled order: Trade(contract=Option(conId=885901614, symbol='SPY', lastTradeDateOrContractMonth='20260821', strike=766.0, right='C', multiplier='100', exchange='SMART', currency='USD', localSymbol='SPY   260821C00766000', tradingClass='SPY'), order=MarketOrder(orderId=101517, clientId=34, action='BUY', totalQuantity=1), orderStatus=OrderStatus(orderId=101517, status='Cancelled', filled=0.0, remaining=0.0, avgFillPrice=0.0, permId=0, parentId=0, lastFillPrice=0.0, clientId=0, whyHeld='', mktCapPrice=0.0), fills=[], log=[TradeLogEntry(time=datetime.datetime(2026, 8, 21, 13, 42, 4, 895138, tzinfo=datetime.timezone.utc), status='PendingSubmit', message='', errorCode=0), TradeLogEntry(time=datetime.datetime(2026, 8, 21, 13, 42, 5, 931217, tzinfo=datetime.timezone.utc), status='Cancelled', message='Error 10349, reqId 101517: Order TIF was set to DAY based on order preset.', errorCode=10349)], advancedError='')
Error 10349, reqId 101519: Order TIF was set to DAY based on order preset.
Canceled order: Trade(contract=Option(conId=853203327, symbol='SPY', lastTradeDateOrContractMonth='20260821', strike=770.0, right='P', multiplier='100', exchange='SMART', currency='USD', localSymbol='SPY   260821P00770000', tradingClass='SPY'), order=MarketOrder(orderId=101519, clientId=34, action='SELL', totalQuantity=1), orderStatus=OrderStatus(orderId=101519, status='Cancelled', filled=0.0, remaining=0.0, avgFillPrice=0.0, permId=0, parentId=0, lastFillPrice=0.0, clientId=0, whyHeld='', mktCapPrice=0.0), fills=[], log=[TradeLogEntry(time=datetime.datetime(2026, 8, 21, 13, 42, 12, 966577, tzinfo=datetime.timezone.utc), status='PendingSubmit', message='', errorCode=0), TradeLogEntry(time=datetime.datetime(2026, 8, 21, 13, 42, 12, 971812, tzinfo=datetime.timezone.utc), status='Cancelled', message='Error 10349, reqId 101519: Order TIF was set to DAY based on order preset.', errorCode=10349)], advancedError='')
Error 10349, reqId 101521: Order TIF was set to DAY based on order preset.
Canceled order: Trade(contract=Option(conId=885901574, symbol='SPY', lastTradeDateOrContractMonth='20260821', strike=762.0, right='C', multiplier='100', exchange='SMART', currency='USD', localSymbol='SPY   260821C00762000', tradingClass='SPY'), order=MarketOrder(orderId=101521, clientId=34, action='SELL', totalQuantity=1), orderStatus=OrderStatus(orderId=101521, status='Cancelled', filled=0.0, remaining=0.0, avgFillPrice=0.0, permId=0, parentId=0, lastFillPrice=0.0, clientId=0, whyHeld='', mktCapPrice=0.0), fills=[], log=[TradeLogEntry(time=datetime.datetime(2026, 8, 21, 13, 42, 21, 33719, tzinfo=datetime.timezone.utc), status='PendingSubmit', message='', errorCode=0), TradeLogEntry(time=datetime.datetime(2026, 8, 21, 13, 42, 21, 40334, tzinfo=datetime.timezone.utc), status='Cancelled', message='Error 10349, reqId 101521: Order TIF was set to DAY based on order preset.', errorCode=10349)], advancedError='')
Error 10349, reqId 101592: Order TIF was set to DAY based on order preset.
Canceled order: Trade(contract=Contract(secType='BAG', symbol='SPY', exchange='SMART', currency='USD', comboLegs=[ComboLeg(conId=909958635, ratio=1, action='BUY', exchange='SMART', openClose=0, shortSaleSlot=0, designatedLocation='', exemptCode=-1), ComboLeg(conId=909958680, ratio=1, action='SELL', exchange='SMART', openClose=0, shortSaleSlot=0, designatedLocation='', exemptCode=-1)]), order=LimitOrder(orderId=101592, clientId=34, action='BUY', totalQuantity=1, lmtPrice=2.56), orderStatus=OrderStatus(orderId=101592, status='Cancelled', filled=0.0, remaining=0.0, avgFillPrice=0.0, permId=0, parentId=0, lastFillPrice=0.0, clientId=0, whyHeld='', mktCapPrice=0.0), fills=[], log=[TradeLogEntry(time=datetime.datetime(2026, 8, 21, 13, 42, 33, 863056, tzinfo=datetime.timezone.utc), status='PendingSubmit', message='', errorCode=0), TradeLogEntry(time=datetime.datetime(2026, 8, 21, 13, 42, 34, 208177, tzinfo=datetime.timezone.utc), status='Cancelled', message='Error 10349, reqId 101592: Order TIF was set to DAY based on order preset.', errorCode=10349)], advancedError='')
Error 10349, reqId 101667: Order TIF was set to DAY based on order preset.
Canceled order: Trade(contract=Option(conId=909958680, symbol='SPY', lastTradeDateOrContractMonth='20260824', strike=766.0, right='C', multiplier='100', exchange='SMART', currency='USD', localSymbol='SPY   260824C00766000', tradingClass='SPY'), order=MarketOrder(orderId=101667, clientId=34, action='BUY', totalQuantity=1), orderStatus=OrderStatus(orderId=101667, status='Cancelled', filled=0.0, remaining=0.0, avgFillPrice=0.0, permId=0, parentId=0, lastFillPrice=0.0, clientId=0, whyHeld='', mktCapPrice=0.0), fills=[], log=[TradeLogEntry(time=datetime.datetime(2026, 8, 21, 13, 43, 1, 20811, tzinfo=datetime.timezone.utc), status='PendingSubmit', message='', errorCode=0), TradeLogEntry(time=datetime.datetime(2026, 8, 21, 13, 43, 1, 36468, tzinfo=datetime.timezone.utc), status='Cancelled', message='Error 10349, reqId 101667: Order TIF was set to DAY based on order preset.', errorCode=10349)], advancedError='')
Error 10349, reqId 101669: Order TIF was set to DAY based on order preset.
Canceled order: Trade(contract=Option(conId=909958635, symbol='SPY', lastTradeDateOrContractMonth='20260824', strike=762.0, right='C', multiplier='100', exchange='SMART', currency='USD', localSymbol='SPY   260824C00762000', tradingClass='SPY'), order=MarketOrder(orderId=101669, clientId=34, action='SELL', totalQuantity=1), orderStatus=OrderStatus(orderId=101669, status='Cancelled', filled=0.0, remaining=0.0, avgFillPrice=0.0, permId=0, parentId=0, lastFillPrice=0.0, clientId=0, whyHeld='', mktCapPrice=0.0), fills=[], log=[TradeLogEntry(time=datetime.datetime(2026, 8, 21, 13, 43, 10, 416854, tzinfo=datetime.timezone.utc), status='PendingSubmit', message='', errorCode=0), TradeLogEntry(time=datetime.datetime(2026, 8, 21, 13, 43, 10, 416854, tzinfo=datetime.timezone.utc), status='Cancelled', message='Error 10349, reqId 101669: Order TIF was set to DAY based on order preset.', errorCode=10349)], advancedError='')
Error 201, reqId 101669: Order rejected - reason:YOUR ORDER IS NOT ACCEPTED. IT WOULD CAUSE A MARGIN DEFICIT.
Canceled order: Trade(contract=Option(conId=909958635, symbol='SPY', lastTradeDateOrContractMonth='20260824', strike=762.0, right='C', multiplier='100', exchange='SMART', currency='USD', localSymbol='SPY   260824C00762000', tradingClass='SPY'), order=MarketOrder(orderId=101669, clientId=34, permId=229135206, action='SELL', totalQuantity=1.0, lmtPrice=4.25, auxPrice=0.0), orderStatus=OrderStatus(orderId=101669, status='Cancelled', filled=0.0, remaining=1.0, avgFillPrice=0.0, permId=229135206, parentId=0, lastFillPrice=0.0, clientId=34, whyHeld='', mktCapPrice=0.0), fills=[], log=[TradeLogEntry(time=datetime.datetime(2026, 8, 21, 13, 43, 10, 416854, tzinfo=datetime.timezone.utc), status='PendingSubmit', message='', errorCode=0), TradeLogEntry(time=datetime.datetime(2026, 8, 21, 13, 43, 10, 416854, tzinfo=datetime.timezone.utc), status='Cancelled', message='Error 10349, reqId 101669: Order TIF was set to DAY based on order preset.', errorCode=10349), TradeLogEntry(time=datetime.datetime(2026, 8, 21, 13, 43, 10, 527842, tzinfo=datetime.timezone.utc), status='Inactive', message='', errorCode=0), TradeLogEntry(time=datetime.datetime(2026, 8, 21, 13, 43, 10, 527842, tzinfo=datetime.timezone.utc), status='Cancelled', message='Error 201, reqId 101669: Order rejected - reason:YOUR ORDER IS NOT ACCEPTED. IT WOULD CAUSE A MARGIN DEFICIT.', errorCode=201)], advancedError='')
Error 10349, reqId 101671: Order TIF was set to DAY based on order preset.
Canceled order: Trade(contract=Option(conId=909958635, symbol='SPY', lastTradeDateOrContractMonth='20260824', strike=762.0, right='C', multiplier='100', exchange='SMART', currency='USD', localSymbol='SPY   260824C00762000', tradingClass='SPY'), order=MarketOrder(orderId=101671, clientId=34, action='SELL', totalQuantity=1), orderStatus=OrderStatus(orderId=101671, status='Cancelled', filled=0.0, remaining=0.0, avgFillPrice=0.0, permId=0, parentId=0, lastFillPrice=0.0, clientId=0, whyHeld='', mktCapPrice=0.0), fills=[], log=[TradeLogEntry(time=datetime.datetime(2026, 8, 21, 13, 43, 18, 470516, tzinfo=datetime.timezone.utc), status='PendingSubmit', message='', errorCode=0), TradeLogEntry(time=datetime.datetime(2026, 8, 21, 13, 43, 18, 470516, tzinfo=datetime.timezone.utc), status='Cancelled', message='Error 10349, reqId 101671: Order TIF was set to DAY based on order preset.', errorCode=10349)], advancedError='')
Error 10147, reqId 101669: OrderId 101669 that needs to be cancelled is not found.
2026-08-21 09:41:50 | DATA   | cadena 20260821: 34 contratos (ITM+OTM C/P) capturados y cancelados (spot 766.02)
════════════════════════════════════════════════════════════
🔔 2026-08-21 09:41:51 | ORDEN | COMPRA VERTICAL SPY C L=762/S=766 x1 débito<=2.70
════════════════════════════════════════════════════════════
2026-08-21 09:42:00 | DATA   | cadena 20260821: 34 contratos (ITM+OTM C/P) capturados y cancelados (spot 766.02)
════════════════════════════════════════════════════════════
🔔 2026-08-21 09:42:04 | RIESGO | BAG no cerró (3 pata/s viva/s) — cierre por patas al MID
════════════════════════════════════════════════════════════
════════════════════════════════════════════════════════════
🔔 2026-08-21 09:42:04 | ORDEN | CIERRE MERCADO SPY C 766 x1
════════════════════════════════════════════════════════════
════════════════════════════════════════════════════════════
🔔 2026-08-21 09:42:12 | ORDEN | CIERRE MERCADO SPY P 770 x1
════════════════════════════════════════════════════════════
════════════════════════════════════════════════════════════
🔔 2026-08-21 09:42:21 | ORDEN | CIERRE MERCADO SPY C 762 x1
════════════════════════════════════════════════════════════
2026-08-21 09:42:32 | DATA   | cadena 20260824: 34 contratos (ITM+OTM C/P) capturados y cancelados (spot 766.02)
════════════════════════════════════════════════════════════
🔔 2026-08-21 09:42:33 | ORDEN | COMPRA VERTICAL SPY C L=762/S=766 x1 débito<=2.56
════════════════════════════════════════════════════════════
2026-08-21 09:42:56 | DATA   | cadena 20260824: 34 contratos (ITM+OTM C/P) capturados y cancelados (spot 766.02)
════════════════════════════════════════════════════════════
🔔 2026-08-21 09:43:00 | RIESGO | BAG no cerró (2 pata/s viva/s) — cierre por patas al MID
════════════════════════════════════════════════════════════
════════════════════════════════════════════════════════════
🔔 2026-08-21 09:43:01 | ORDEN | CIERRE MERCADO SPY C 766 x1
════════════════════════════════════════════════════════════
════════════════════════════════════════════════════════════
🔔 2026-08-21 09:43:10 | ORDEN | CIERRE MERCADO SPY C 762 x1
════════════════════════════════════════════════════════════
════════════════════════════════════════════════════════════
🔔 2026-08-21 09:43:18 | RIESGO | BAG no cerró (1 pata/s viva/s) — cierre por patas a MERCADO (último recurso)
════════════════════════════════════════════════════════════
════════════════════════════════════════════════════════════
🔔 2026-08-21 09:43:18 | ORDEN | CIERRE MERCADO SPY C 762 x1
════════════════════════════════════════════════════════════
  09:41:46 C a4 mny+4 | vert0DTE:Filled  vert3DTE:Filled
Error 10349, reqId 101742: Order TIF was set to DAY based on order preset.
Canceled order: Trade(contract=Contract(secType='BAG', symbol='SPY', exchange='SMART', currency='USD', comboLegs=[ComboLeg(conId=853203327, ratio=1, action='BUY', exchange='SMART', openClose=0, shortSaleSlot=0, designatedLocation='', exemptCode=-1), ComboLeg(conId=885903251, ratio=1, action='SELL', exchange='SMART', openClose=0, shortSaleSlot=0, designatedLocation='', exemptCode=-1)]), order=LimitOrder(orderId=101742, clientId=34, action='BUY', totalQuantity=1, lmtPrice=3.31), orderStatus=OrderStatus(orderId=101742, status='Cancelled', filled=0.0, remaining=0.0, avgFillPrice=0.0, permId=0, parentId=0, lastFillPrice=0.0, clientId=0, whyHeld='', mktCapPrice=0.0), fills=[], log=[TradeLogEntry(time=datetime.datetime(2026, 8, 21, 13, 43, 32, 627879, tzinfo=datetime.timezone.utc), status='PendingSubmit', message='', errorCode=0), TradeLogEntry(time=datetime.datetime(2026, 8, 21, 13, 43, 33, 53405, tzinfo=datetime.timezone.utc), status='Cancelled', message='Error 10349, reqId 101742: Order TIF was set to DAY based on order preset.', errorCode=10349)], advancedError='')
Error 10349, reqId 101813: Order TIF was set to DAY based on order preset.
Canceled order: Trade(contract=Contract(secType='BAG', symbol='SPY', exchange='SMART', currency='USD', comboLegs=[ComboLeg(conId=909495180, ratio=1, action='BUY', exchange='SMART', openClose=0, shortSaleSlot=0, designatedLocation='', exemptCode=-1), ComboLeg(conId=909961749, ratio=1, action='SELL', exchange='SMART', openClose=0, shortSaleSlot=0, designatedLocation='', exemptCode=-1)]), order=LimitOrder(orderId=101813, clientId=34, action='BUY', totalQuantity=1, lmtPrice=2.71), orderStatus=OrderStatus(orderId=101813, status='Cancelled', filled=0.0, remaining=0.0, avgFillPrice=0.0, permId=0, parentId=0, lastFillPrice=0.0, clientId=0, whyHeld='', mktCapPrice=0.0), fills=[], log=[TradeLogEntry(time=datetime.datetime(2026, 8, 21, 13, 44, 4, 84677, tzinfo=datetime.timezone.utc), status='PendingSubmit', message='', errorCode=0), TradeLogEntry(time=datetime.datetime(2026, 8, 21, 13, 44, 4, 558063, tzinfo=datetime.timezone.utc), status='Cancelled', message='Error 10349, reqId 101813: Order TIF was set to DAY based on order preset.', errorCode=10349)], advancedError='')
2026-08-21 09:43:31 | DATA   | cadena 20260821: 34 contratos (ITM+OTM C/P) capturados y cancelados (spot 766.02)
════════════════════════════════════════════════════════════
🔔 2026-08-21 09:43:32 | ORDEN | COMPRA VERTICAL SPY P L=770/S=766 x1 débito<=3.31
════════════════════════════════════════════════════════════
2026-08-21 09:44:02 | DATA   | cadena 20260824: 34 contratos (ITM+OTM C/P) capturados y cancelados (spot 766.02)
════════════════════════════════════════════════════════════
🔔 2026-08-21 09:44:04 | ORDEN | COMPRA VERTICAL SPY P L=770/S=766 x1 débito<=2.71
════════════════════════════════════════════════════════════
  09:43:27 P a4 mny+4 | vert0DTE:NO_LLENA  vert3DTE:NO_LLENA
Error 10349, reqId 101884: Order TIF was set to DAY based on order preset.
Canceled order: Trade(contract=Contract(secType='BAG', symbol='SPY', exchange='SMART', currency='USD', comboLegs=[ComboLeg(conId=885901559, ratio=1, action='BUY', exchange='SMART', openClose=0, shortSaleSlot=0, designatedLocation='', exemptCode=-1), ComboLeg(conId=885901586, ratio=1, action='SELL', exchange='SMART', openClose=0, shortSaleSlot=0, designatedLocation='', exemptCode=-1)]), order=LimitOrder(orderId=101884, clientId=34, action='BUY', totalQuantity=1, lmtPrice=1.68), orderStatus=OrderStatus(orderId=101884, status='Cancelled', filled=0.0, remaining=0.0, avgFillPrice=0.0, permId=0, parentId=0, lastFillPrice=0.0, clientId=0, whyHeld='', mktCapPrice=0.0), fills=[], log=[TradeLogEntry(time=datetime.datetime(2026, 8, 21, 13, 44, 35, 764674, tzinfo=datetime.timezone.utc), status='PendingSubmit', message='', errorCode=0), TradeLogEntry(time=datetime.datetime(2026, 8, 21, 13, 44, 36, 105470, tzinfo=datetime.timezone.utc), status='Cancelled', message='Error 10349, reqId 101884: Order TIF was set to DAY based on order preset.', errorCode=10349)], advancedError='')
Error 10148, reqId 101884: OrderId 101884 that needs to be cancelled cannot be cancelled, state: PendingCancel.
Canceled order: Trade(contract=Contract(secType='BAG', symbol='SPY', exchange='SMART', currency='USD', comboLegs=[ComboLeg(conId=885901559, ratio=1, action='BUY', exchange='SMART', openClose=0, shortSaleSlot=0, designatedLocation='', exemptCode=-1), ComboLeg(conId=885901586, ratio=1, action='SELL', exchange='SMART', openClose=0, shortSaleSlot=0, designatedLocation='', exemptCode=-1)]), order=LimitOrder(orderId=101884, clientId=34, permId=229135210, action='BUY', totalQuantity=1.0, lmtPrice=1.68, auxPrice=0.0), orderStatus=OrderStatus(orderId=101884, status='Cancelled', filled=0.0, remaining=1.0, avgFillPrice=0.0, permId=229135210, parentId=0, lastFillPrice=0.0, clientId=34, whyHeld='', mktCapPrice=0.0), fills=[], log=[TradeLogEntry(time=datetime.datetime(2026, 8, 21, 13, 44, 35, 764674, tzinfo=datetime.timezone.utc), status='PendingSubmit', message='', errorCode=0), TradeLogEntry(time=datetime.datetime(2026, 8, 21, 13, 44, 36, 105470, tzinfo=datetime.timezone.utc), status='Cancelled', message='Error 10349, reqId 101884: Order TIF was set to DAY based on order preset.', errorCode=10349), TradeLogEntry(time=datetime.datetime(2026, 8, 21, 13, 44, 36, 216378, tzinfo=datetime.timezone.utc), status='PreSubmitted', message='', errorCode=0), TradeLogEntry(time=datetime.datetime(2026, 8, 21, 13, 44, 44, 448614, tzinfo=datetime.timezone.utc), status='Submitted', message='', errorCode=0), TradeLogEntry(time=datetime.datetime(2026, 8, 21, 13, 45, 1, 38782, tzinfo=datetime.timezone.utc), status='PendingCancel', message='', errorCode=0), TradeLogEntry(time=datetime.datetime(2026, 8, 21, 13, 45, 5, 934139, tzinfo=datetime.timezone.utc), status='PendingCancel', message='', errorCode=0), TradeLogEntry(time=datetime.datetime(2026, 8, 21, 13, 45, 6, 992560, tzinfo=datetime.timezone.utc), status='Cancelled', message='Error 10148, reqId 101884: OrderId 101884 that needs to be cancelled cannot be cancelled, state: PendingCancel.', errorCode=10148)], advancedError='')
Error 10349, reqId 101955: Order TIF was set to DAY based on order preset.
Canceled order: Trade(contract=Contract(secType='BAG', symbol='SPY', exchange='SMART', currency='USD', comboLegs=[ComboLeg(conId=909958615, ratio=1, action='BUY', exchange='SMART', openClose=0, shortSaleSlot=0, designatedLocation='', exemptCode=-1), ComboLeg(conId=909958655, ratio=1, action='SELL', exchange='SMART', openClose=0, shortSaleSlot=0, designatedLocation='', exemptCode=-1)]), order=LimitOrder(orderId=101955, clientId=34, action='BUY', totalQuantity=1, lmtPrice=1.52), orderStatus=OrderStatus(orderId=101955, status='Cancelled', filled=0.0, remaining=0.0, avgFillPrice=0.0, permId=0, parentId=0, lastFillPrice=0.0, clientId=0, whyHeld='', mktCapPrice=0.0), fills=[], log=[TradeLogEntry(time=datetime.datetime(2026, 8, 21, 13, 45, 8, 49901, tzinfo=datetime.timezone.utc), status='PendingSubmit', message='', errorCode=0), TradeLogEntry(time=datetime.datetime(2026, 8, 21, 13, 45, 9, 448254, tzinfo=datetime.timezone.utc), status='Cancelled', message='Error 10349, reqId 101955: Order TIF was set to DAY based on order preset.', errorCode=10349)], advancedError='')
Error 10349, reqId 102025: Order TIF was set to DAY based on order preset.
Canceled order: Trade(contract=Option(conId=885901559, symbol='SPY', lastTradeDateOrContractMonth='20260821', strike=761.0, right='C', multiplier='100', exchange='SMART', currency='USD', localSymbol='SPY   260821C00761000', tradingClass='SPY'), order=LimitOrder(orderId=102025, clientId=34, action='BUY', totalQuantity=1, lmtPrice=4.56), orderStatus=OrderStatus(orderId=102025, status='Cancelled', filled=0.0, remaining=0.0, avgFillPrice=0.0, permId=0, parentId=0, lastFillPrice=0.0, clientId=0, whyHeld='', mktCapPrice=0.0), fills=[], log=[TradeLogEntry(time=datetime.datetime(2026, 8, 21, 13, 45, 39, 693148, tzinfo=datetime.timezone.utc), status='PendingSubmit', message='', errorCode=0), TradeLogEntry(time=datetime.datetime(2026, 8, 21, 13, 45, 39, 697904, tzinfo=datetime.timezone.utc), status='Cancelled', message='Error 10349, reqId 102025: Order TIF was set to DAY based on order preset.', errorCode=10349)], advancedError='')
Error 10349, reqId 102063: Order TIF was set to DAY based on order preset.
Canceled order: Trade(contract=Option(conId=885901559, symbol='SPY', lastTradeDateOrContractMonth='20260821', strike=761.0, right='C', multiplier='100', exchange='SMART', currency='USD', localSymbol='SPY   260821C00761000', tradingClass='SPY'), order=LimitOrder(orderId=102063, clientId=34, action='SELL', totalQuantity=1, lmtPrice=4.51), orderStatus=OrderStatus(orderId=102063, status='Cancelled', filled=0.0, remaining=0.0, avgFillPrice=0.0, permId=0, parentId=0, lastFillPrice=0.0, clientId=0, whyHeld='', mktCapPrice=0.0), fills=[], log=[TradeLogEntry(time=datetime.datetime(2026, 8, 21, 13, 45, 45, 432974, tzinfo=datetime.timezone.utc), status='PendingSubmit', message='', errorCode=0), TradeLogEntry(time=datetime.datetime(2026, 8, 21, 13, 45, 45, 432974, tzinfo=datetime.timezone.utc), status='Cancelled', message='Error 10349, reqId 102063: Order TIF was set to DAY based on order preset.', errorCode=10349)], advancedError='')
Error 10349, reqId 102133: Order TIF was set to DAY based on order preset.
Canceled order: Trade(contract=Option(conId=909958615, symbol='SPY', lastTradeDateOrContractMonth='20260824', strike=761.0, right='C', multiplier='100', exchange='SMART', currency='USD', localSymbol='SPY   260824C00761000', tradingClass='SPY'), order=LimitOrder(orderId=102133, clientId=34, action='BUY', totalQuantity=1, lmtPrice=5.36), orderStatus=OrderStatus(orderId=102133, status='Cancelled', filled=0.0, remaining=0.0, avgFillPrice=0.0, permId=0, parentId=0, lastFillPrice=0.0, clientId=0, whyHeld='', mktCapPrice=0.0), fills=[], log=[TradeLogEntry(time=datetime.datetime(2026, 8, 21, 13, 45, 50, 747404, tzinfo=datetime.timezone.utc), status='PendingSubmit', message='', errorCode=0), TradeLogEntry(time=datetime.datetime(2026, 8, 21, 13, 45, 50, 747404, tzinfo=datetime.timezone.utc), status='Cancelled', message='Error 10349, reqId 102133: Order TIF was set to DAY based on order preset.', errorCode=10349)], advancedError='')
Error 10349, reqId 102171: Order TIF was set to DAY based on order preset.
Canceled order: Trade(contract=Option(conId=909958615, symbol='SPY', lastTradeDateOrContractMonth='20260824', strike=761.0, right='C', multiplier='100', exchange='SMART', currency='USD', localSymbol='SPY   260824C00761000', tradingClass='SPY'), order=LimitOrder(orderId=102171, clientId=34, action='SELL', totalQuantity=1, lmtPrice=5.3), orderStatus=OrderStatus(orderId=102171, status='Cancelled', filled=0.0, remaining=0.0, avgFillPrice=0.0, permId=0, parentId=0, lastFillPrice=0.0, clientId=0, whyHeld='', mktCapPrice=0.0), fills=[], log=[TradeLogEntry(time=datetime.datetime(2026, 8, 21, 13, 45, 57, 909610, tzinfo=datetime.timezone.utc), status='PendingSubmit', message='', errorCode=0), TradeLogEntry(time=datetime.datetime(2026, 8, 21, 13, 45, 57, 922413, tzinfo=datetime.timezone.utc), status='Cancelled', message='Error 10349, reqId 102171: Order TIF was set to DAY based on order preset.', errorCode=10349)], advancedError='')
Error 10349, reqId 102173: Order TIF was set to DAY based on order preset.
Canceled order: Trade(contract=Option(conId=909958615, symbol='SPY', lastTradeDateOrContractMonth='20260824', strike=761.0, right='C', multiplier='100', exchange='SMART', currency='USD', localSymbol='SPY   260824C00761000', tradingClass='SPY'), order=LimitOrder(orderId=102173, clientId=34, action='SELL', totalQuantity=1, lmtPrice=5.29), orderStatus=OrderStatus(orderId=102173, status='Cancelled', filled=0.0, remaining=0.0, avgFillPrice=0.0, permId=0, parentId=0, lastFillPrice=0.0, clientId=0, whyHeld='', mktCapPrice=0.0), fills=[], log=[TradeLogEntry(time=datetime.datetime(2026, 8, 21, 13, 46, 8, 854512, tzinfo=datetime.timezone.utc), status='PendingSubmit', message='', errorCode=0), TradeLogEntry(time=datetime.datetime(2026, 8, 21, 13, 46, 9, 710167, tzinfo=datetime.timezone.utc), status='Cancelled', message='Error 10349, reqId 102173: Order TIF was set to DAY based on order preset.', errorCode=10349)], advancedError='')
Error 10349, reqId 102175: Order TIF was set to DAY based on order preset.
Canceled order: Trade(contract=Option(conId=909958615, symbol='SPY', lastTradeDateOrContractMonth='20260824', strike=761.0, right='C', multiplier='100', exchange='SMART', currency='USD', localSymbol='SPY   260824C00761000', tradingClass='SPY'), order=LimitOrder(orderId=102175, clientId=34, action='SELL', totalQuantity=1, lmtPrice=5.28), orderStatus=OrderStatus(orderId=102175, status='Cancelled', filled=0.0, remaining=0.0, avgFillPrice=0.0, permId=0, parentId=0, lastFillPrice=0.0, clientId=0, whyHeld='', mktCapPrice=0.0), fills=[], log=[TradeLogEntry(time=datetime.datetime(2026, 8, 21, 13, 46, 18, 547484, tzinfo=datetime.timezone.utc), status='PendingSubmit', message='', errorCode=0), TradeLogEntry(time=datetime.datetime(2026, 8, 21, 13, 46, 18, 547484, tzinfo=datetime.timezone.utc), status='Cancelled', message='Error 10349, reqId 102175: Order TIF was set to DAY based on order preset.', errorCode=10349)], advancedError='')
Error 10349, reqId 102177: Order TIF was set to DAY based on order preset.
Canceled order: Trade(contract=Option(conId=909958615, symbol='SPY', lastTradeDateOrContractMonth='20260824', strike=761.0, right='C', multiplier='100', exchange='SMART', currency='USD', localSymbol='SPY   260824C00761000', tradingClass='SPY'), order=MarketOrder(orderId=102177, clientId=34, action='SELL', totalQuantity=1), orderStatus=OrderStatus(orderId=102177, status='Cancelled', filled=0.0, remaining=0.0, avgFillPrice=0.0, permId=0, parentId=0, lastFillPrice=0.0, clientId=0, whyHeld='', mktCapPrice=0.0), fills=[], log=[TradeLogEntry(time=datetime.datetime(2026, 8, 21, 13, 46, 28, 227257, tzinfo=datetime.timezone.utc), status='PendingSubmit', message='', errorCode=0), TradeLogEntry(time=datetime.datetime(2026, 8, 21, 13, 46, 28, 232132, tzinfo=datetime.timezone.utc), status='Cancelled', message='Error 10349, reqId 102177: Order TIF was set to DAY based on order preset.', errorCode=10349)], advancedError='')
2026-08-21 09:44:34 | DATA   | cadena 20260821: 34 contratos (ITM+OTM C/P) capturados y cancelados (spot 766.02)
════════════════════════════════════════════════════════════
🔔 2026-08-21 09:44:35 | ORDEN | COMPRA VERTICAL SPY C L=761/S=763 x1 débito<=1.68
════════════════════════════════════════════════════════════
2026-08-21 09:45:05 | DATA   | cadena 20260824: 34 contratos (ITM+OTM C/P) capturados y cancelados (spot 766.02)
════════════════════════════════════════════════════════════
🔔 2026-08-21 09:45:08 | ORDEN | COMPRA VERTICAL SPY C L=761/S=763 x1 débito<=1.52
════════════════════════════════════════════════════════════
2026-08-21 09:45:38 | DATA   | cadena 20260821: 34 contratos (ITM+OTM C/P) capturados y cancelados (spot 766.02)
════════════════════════════════════════════════════════════
🔔 2026-08-21 09:45:39 | ORDEN | COMPRA SINGLE SPY C 761 x1 <=4.56
════════════════════════════════════════════════════════════
2026-08-21 09:45:44 | DATA   | cadena 20260821: 18 contratos (ITM+OTM C/P) capturados y cancelados (spot 766.02)
2026-08-21 09:45:49 | DATA   | cadena 20260824: 34 contratos (ITM+OTM C/P) capturados y cancelados (spot 766.02)
════════════════════════════════════════════════════════════
🔔 2026-08-21 09:45:50 | ORDEN | COMPRA SINGLE SPY C 761 x1 <=5.36
════════════════════════════════════════════════════════════
2026-08-21 09:45:56 | DATA   | cadena 20260824: 18 contratos (ITM+OTM C/P) capturados y cancelados (spot 766.02)
════════════════════════════════════════════════════════════
🔔 2026-08-21 09:46:28 | ORDEN | CIERRE SPY C 761 x1 MERCADO
════════════════════════════════════════════════════════════
  09:44:30 C a2 mny+5 | vert0DTE:NO_LLENA  vert3DTE:NO_LLENA  SGL 0DTE:Filled  SGL 3DTE:Filled
Error 10349, reqId 102248: Order TIF was set to DAY based on order preset.
Canceled order: Trade(contract=Contract(secType='BAG', symbol='SPY', exchange='SMART', currency='USD', comboLegs=[ComboLeg(conId=885903308, ratio=1, action='BUY', exchange='SMART', openClose=0, shortSaleSlot=0, designatedLocation='', exemptCode=-1), ComboLeg(conId=885903302, ratio=1, action='SELL', exchange='SMART', openClose=0, shortSaleSlot=0, designatedLocation='', exemptCode=-1)]), order=LimitOrder(orderId=102248, clientId=34, action='BUY', totalQuantity=1, lmtPrice=1.95), orderStatus=OrderStatus(orderId=102248, status='Cancelled', filled=0.0, remaining=0.0, avgFillPrice=0.0, permId=0, parentId=0, lastFillPrice=0.0, clientId=0, whyHeld='', mktCapPrice=0.0), fills=[], log=[TradeLogEntry(time=datetime.datetime(2026, 8, 21, 13, 46, 33, 547758, tzinfo=datetime.timezone.utc), status='PendingSubmit', message='', errorCode=0), TradeLogEntry(time=datetime.datetime(2026, 8, 21, 13, 46, 33, 897098, tzinfo=datetime.timezone.utc), status='Cancelled', message='Error 10349, reqId 102248: Order TIF was set to DAY based on order preset.', errorCode=10349)], advancedError='')
Error 10349, reqId 102319: Order TIF was set to DAY based on order preset.
Canceled order: Trade(contract=Contract(secType='BAG', symbol='SPY', exchange='SMART', currency='USD', comboLegs=[ComboLeg(conId=909961822, ratio=1, action='BUY', exchange='SMART', openClose=0, shortSaleSlot=0, designatedLocation='', exemptCode=-1), ComboLeg(conId=909961802, ratio=1, action='SELL', exchange='SMART', openClose=0, shortSaleSlot=0, designatedLocation='', exemptCode=-1)]), order=LimitOrder(orderId=102319, clientId=34, action='BUY', totalQuantity=1, lmtPrice=1.61), orderStatus=OrderStatus(orderId=102319, status='Cancelled', filled=0.0, remaining=0.0, avgFillPrice=0.0, permId=0, parentId=0, lastFillPrice=0.0, clientId=0, whyHeld='', mktCapPrice=0.0), fills=[], log=[TradeLogEntry(time=datetime.datetime(2026, 8, 21, 13, 47, 5, 714502, tzinfo=datetime.timezone.utc), status='PendingSubmit', message='', errorCode=0), TradeLogEntry(time=datetime.datetime(2026, 8, 21, 13, 47, 7, 186022, tzinfo=datetime.timezone.utc), status='Cancelled', message='Error 10349, reqId 102319: Order TIF was set to DAY based on order preset.', errorCode=10349)], advancedError='')
Error 10349, reqId 102389: Order TIF was set to DAY based on order preset.
Canceled order: Trade(contract=Option(conId=885903308, symbol='SPY', lastTradeDateOrContractMonth='20260821', strike=771.0, right='P', multiplier='100', exchange='SMART', currency='USD', localSymbol='SPY   260821P00771000', tradingClass='SPY'), order=LimitOrder(orderId=102389, clientId=34, action='BUY', totalQuantity=1, lmtPrice=6.12), orderStatus=OrderStatus(orderId=102389, status='Cancelled', filled=0.0, remaining=0.0, avgFillPrice=0.0, permId=0, parentId=0, lastFillPrice=0.0, clientId=0, whyHeld='', mktCapPrice=0.0), fills=[], log=[TradeLogEntry(time=datetime.datetime(2026, 8, 21, 13, 47, 37, 480867, tzinfo=datetime.timezone.utc), status='PendingSubmit', message='', errorCode=0), TradeLogEntry(time=datetime.datetime(2026, 8, 21, 13, 47, 37, 486841, tzinfo=datetime.timezone.utc), status='Cancelled', message='Error 10349, reqId 102389: Order TIF was set to DAY based on order preset.', errorCode=10349)], advancedError='')
Error 10349, reqId 102427: Order TIF was set to DAY based on order preset.
Canceled order: Trade(contract=Option(conId=885903308, symbol='SPY', lastTradeDateOrContractMonth='20260821', strike=771.0, right='P', multiplier='100', exchange='SMART', currency='USD', localSymbol='SPY   260821P00771000', tradingClass='SPY'), order=LimitOrder(orderId=102427, clientId=34, action='SELL', totalQuantity=1, lmtPrice=6.05), orderStatus=OrderStatus(orderId=102427, status='Cancelled', filled=0.0, remaining=0.0, avgFillPrice=0.0, permId=0, parentId=0, lastFillPrice=0.0, clientId=0, whyHeld='', mktCapPrice=0.0), fills=[], log=[TradeLogEntry(time=datetime.datetime(2026, 8, 21, 13, 48, 4, 739647, tzinfo=datetime.timezone.utc), status='PendingSubmit', message='', errorCode=0), TradeLogEntry(time=datetime.datetime(2026, 8, 21, 13, 48, 4, 743863, tzinfo=datetime.timezone.utc), status='Cancelled', message='Error 10349, reqId 102427: Order TIF was set to DAY based on order preset.', errorCode=10349)], advancedError='')
Error 10349, reqId 102429: Order TIF was set to DAY based on order preset.
Canceled order: Trade(contract=Option(conId=885903308, symbol='SPY', lastTradeDateOrContractMonth='20260821', strike=771.0, right='P', multiplier='100', exchange='SMART', currency='USD', localSymbol='SPY   260821P00771000', tradingClass='SPY'), order=LimitOrder(orderId=102429, clientId=34, action='SELL', totalQuantity=1, lmtPrice=6.0), orderStatus=OrderStatus(orderId=102429, status='Cancelled', filled=0.0, remaining=0.0, avgFillPrice=0.0, permId=0, parentId=0, lastFillPrice=0.0, clientId=0, whyHeld='', mktCapPrice=0.0), fills=[], log=[TradeLogEntry(time=datetime.datetime(2026, 8, 21, 13, 48, 14, 381823, tzinfo=datetime.timezone.utc), status='PendingSubmit', message='', errorCode=0), TradeLogEntry(time=datetime.datetime(2026, 8, 21, 13, 48, 14, 386600, tzinfo=datetime.timezone.utc), status='Cancelled', message='Error 10349, reqId 102429: Order TIF was set to DAY based on order preset.', errorCode=10349)], advancedError='')
Error 10349, reqId 102431: Order TIF was set to DAY based on order preset.
Canceled order: Trade(contract=Option(conId=885903308, symbol='SPY', lastTradeDateOrContractMonth='20260821', strike=771.0, right='P', multiplier='100', exchange='SMART', currency='USD', localSymbol='SPY   260821P00771000', tradingClass='SPY'), order=LimitOrder(orderId=102431, clientId=34, action='SELL', totalQuantity=1, lmtPrice=5.94), orderStatus=OrderStatus(orderId=102431, status='Cancelled', filled=0.0, remaining=0.0, avgFillPrice=0.0, permId=0, parentId=0, lastFillPrice=0.0, clientId=0, whyHeld='', mktCapPrice=0.0), fills=[], log=[TradeLogEntry(time=datetime.datetime(2026, 8, 21, 13, 48, 24, 29471, tzinfo=datetime.timezone.utc), status='PendingSubmit', message='', errorCode=0), TradeLogEntry(time=datetime.datetime(2026, 8, 21, 13, 48, 24, 29471, tzinfo=datetime.timezone.utc), status='Cancelled', message='Error 10349, reqId 102431: Order TIF was set to DAY based on order preset.', errorCode=10349)], advancedError='')
Error 10349, reqId 102501: Order TIF was set to DAY based on order preset.
Canceled order: Trade(contract=Option(conId=909961822, symbol='SPY', lastTradeDateOrContractMonth='20260824', strike=771.0, right='P', multiplier='100', exchange='SMART', currency='USD', localSymbol='SPY   260824P00771000', tradingClass='SPY'), order=LimitOrder(orderId=102501, clientId=34, action='BUY', totalQuantity=1, lmtPrice=6.32), orderStatus=OrderStatus(orderId=102501, status='Cancelled', filled=0.0, remaining=0.0, avgFillPrice=0.0, permId=0, parentId=0, lastFillPrice=0.0, clientId=0, whyHeld='', mktCapPrice=0.0), fills=[], log=[TradeLogEntry(time=datetime.datetime(2026, 8, 21, 13, 48, 31, 815285, tzinfo=datetime.timezone.utc), status='PendingSubmit', message='', errorCode=0), TradeLogEntry(time=datetime.datetime(2026, 8, 21, 13, 48, 31, 820851, tzinfo=datetime.timezone.utc), status='Cancelled', message='Error 10349, reqId 102501: Order TIF was set to DAY based on order preset.', errorCode=10349)], advancedError='')
2026-08-21 09:46:32 | DATA   | cadena 20260821: 34 contratos (ITM+OTM C/P) capturados y cancelados (spot 766.02)
════════════════════════════════════════════════════════════
🔔 2026-08-21 09:46:33 | ORDEN | COMPRA VERTICAL SPY P L=771/S=769 x1 débito<=1.95
════════════════════════════════════════════════════════════
2026-08-21 09:47:03 | DATA   | cadena 20260824: 34 contratos (ITM+OTM C/P) capturados y cancelados (spot 766.02)
════════════════════════════════════════════════════════════
🔔 2026-08-21 09:47:05 | ORDEN | COMPRA VERTICAL SPY P L=771/S=769 x1 débito<=1.61
════════════════════════════════════════════════════════════
2026-08-21 09:47:36 | DATA   | cadena 20260821: 34 contratos (ITM+OTM C/P) capturados y cancelados (spot 766.02)
════════════════════════════════════════════════════════════
🔔 2026-08-21 09:47:37 | ORDEN | COMPRA SINGLE SPY P 771 x1 <=6.12
════════════════════════════════════════════════════════════
2026-08-21 09:48:03 | DATA   | cadena 20260821: 18 contratos (ITM+OTM C/P) capturados y cancelados (spot 766.02)
2026-08-21 09:48:30 | DATA   | cadena 20260824: 34 contratos (ITM+OTM C/P) capturados y cancelados (spot 766.02)
════════════════════════════════════════════════════════════
🔔 2026-08-21 09:48:31 | ORDEN | COMPRA SINGLE SPY P 771 x1 <=6.32
════════════════════════════════════════════════════════════
  09:46:28 P a2 mny+5 | vert0DTE:NO_LLENA  vert3DTE:NO_LLENA  SGL 0DTE:Filled  SGL 3DTE:NO_LLENA
Error 10349, reqId 102572: Order TIF was set to DAY based on order preset.
Canceled order: Trade(contract=Contract(secType='BAG', symbol='SPY', exchange='SMART', currency='USD', comboLegs=[ComboLeg(conId=885901559, ratio=1, action='BUY', exchange='SMART', openClose=0, shortSaleSlot=0, designatedLocation='', exemptCode=-1), ComboLeg(conId=853202560, ratio=1, action='SELL', exchange='SMART', openClose=0, shortSaleSlot=0, designatedLocation='', exemptCode=-1)]), order=LimitOrder(orderId=102572, clientId=34, action='BUY', totalQuantity=1, lmtPrice=2.91), orderStatus=OrderStatus(orderId=102572, status='Cancelled', filled=0.0, remaining=0.0, avgFillPrice=0.0, permId=0, parentId=0, lastFillPrice=0.0, clientId=0, whyHeld='', mktCapPrice=0.0), fills=[], log=[TradeLogEntry(time=datetime.datetime(2026, 8, 21, 13, 49, 3, 321430, tzinfo=datetime.timezone.utc), status='PendingSubmit', message='', errorCode=0), TradeLogEntry(time=datetime.datetime(2026, 8, 21, 13, 49, 3, 761281, tzinfo=datetime.timezone.utc), status='Cancelled', message='Error 10349, reqId 102572: Order TIF was set to DAY based on order preset.', errorCode=10349)], advancedError='')
Error 10349, reqId 102643: Order TIF was set to DAY based on order preset.
Canceled order: Trade(contract=Contract(secType='BAG', symbol='SPY', exchange='SMART', currency='USD', comboLegs=[ComboLeg(conId=909958615, ratio=1, action='BUY', exchange='SMART', openClose=0, shortSaleSlot=0, designatedLocation='', exemptCode=-1), ComboLeg(conId=909493813, ratio=1, action='SELL', exchange='SMART', openClose=0, shortSaleSlot=0, designatedLocation='', exemptCode=-1)]), order=LimitOrder(orderId=102643, clientId=34, action='BUY', totalQuantity=1, lmtPrice=2.72), orderStatus=OrderStatus(orderId=102643, status='Cancelled', filled=0.0, remaining=0.0, avgFillPrice=0.0, permId=0, parentId=0, lastFillPrice=0.0, clientId=0, whyHeld='', mktCapPrice=0.0), fills=[], log=[TradeLogEntry(time=datetime.datetime(2026, 8, 21, 13, 49, 34, 936652, tzinfo=datetime.timezone.utc), status='PendingSubmit', message='', errorCode=0), TradeLogEntry(time=datetime.datetime(2026, 8, 21, 13, 49, 35, 220401, tzinfo=datetime.timezone.utc), status='Cancelled', message='Error 10349, reqId 102643: Order TIF was set to DAY based on order preset.', errorCode=10349)], advancedError='')
2026-08-21 09:49:01 | DATA   | cadena 20260821: 34 contratos (ITM+OTM C/P) capturados y cancelados (spot 766.02)
════════════════════════════════════════════════════════════
🔔 2026-08-21 09:49:03 | ORDEN | COMPRA VERTICAL SPY C L=761/S=765 x1 débito<=2.91
════════════════════════════════════════════════════════════
2026-08-21 09:49:33 | DATA   | cadena 20260824: 34 contratos (ITM+OTM C/P) capturados y cancelados (spot 766.02)
════════════════════════════════════════════════════════════
🔔 2026-08-21 09:49:34 | ORDEN | COMPRA VERTICAL SPY C L=761/S=765 x1 débito<=2.72
════════════════════════════════════════════════════════════
  09:48:58 C a4 mny+5 | vert0DTE:NO_LLENA  vert3DTE:NO_LLENA
Error 10349, reqId 102714: Order TIF was set to DAY based on order preset.
Canceled order: Trade(contract=Contract(secType='BAG', symbol='SPY', exchange='SMART', currency='USD', comboLegs=[ComboLeg(conId=885903308, ratio=1, action='BUY', exchange='SMART', openClose=0, shortSaleSlot=0, designatedLocation='', exemptCode=-1), ComboLeg(conId=885903264, ratio=1, action='SELL', exchange='SMART', openClose=0, shortSaleSlot=0, designatedLocation='', exemptCode=-1)]), order=LimitOrder(orderId=102714, clientId=34, action='BUY', totalQuantity=1, lmtPrice=3.68), orderStatus=OrderStatus(orderId=102714, status='Cancelled', filled=0.0, remaining=0.0, avgFillPrice=0.0, permId=0, parentId=0, lastFillPrice=0.0, clientId=0, whyHeld='', mktCapPrice=0.0), fills=[], log=[TradeLogEntry(time=datetime.datetime(2026, 8, 21, 13, 50, 6, 724706, tzinfo=datetime.timezone.utc), status='PendingSubmit', message='', errorCode=0), TradeLogEntry(time=datetime.datetime(2026, 8, 21, 13, 50, 8, 63204, tzinfo=datetime.timezone.utc), status='Cancelled', message='Error 10349, reqId 102714: Order TIF was set to DAY based on order preset.', errorCode=10349)], advancedError='')
Error 10349, reqId 102789: Order TIF was set to DAY based on order preset.
Canceled order: Trade(contract=Option(conId=885903264, symbol='SPY', lastTradeDateOrContractMonth='20260821', strike=767.0, right='P', multiplier='100', exchange='SMART', currency='USD', localSymbol='SPY   260821P00767000', tradingClass='SPY'), order=MarketOrder(orderId=102789, clientId=34, action='BUY', totalQuantity=1), orderStatus=OrderStatus(orderId=102789, status='Cancelled', filled=0.0, remaining=0.0, avgFillPrice=0.0, permId=0, parentId=0, lastFillPrice=0.0, clientId=0, whyHeld='', mktCapPrice=0.0), fills=[], log=[TradeLogEntry(time=datetime.datetime(2026, 8, 21, 13, 50, 33, 464899, tzinfo=datetime.timezone.utc), status='PendingSubmit', message='', errorCode=0), TradeLogEntry(time=datetime.datetime(2026, 8, 21, 13, 50, 33, 467090, tzinfo=datetime.timezone.utc), status='Cancelled', message='Error 10349, reqId 102789: Order TIF was set to DAY based on order preset.', errorCode=10349)], advancedError='')
Error 10349, reqId 102791: Order TIF was set to DAY based on order preset.
Canceled order: Trade(contract=Option(conId=885903308, symbol='SPY', lastTradeDateOrContractMonth='20260821', strike=771.0, right='P', multiplier='100', exchange='SMART', currency='USD', localSymbol='SPY   260821P00771000', tradingClass='SPY'), order=MarketOrder(orderId=102791, clientId=34, action='SELL', totalQuantity=1), orderStatus=OrderStatus(orderId=102791, status='Cancelled', filled=0.0, remaining=0.0, avgFillPrice=0.0, permId=0, parentId=0, lastFillPrice=0.0, clientId=0, whyHeld='', mktCapPrice=0.0), fills=[], log=[TradeLogEntry(time=datetime.datetime(2026, 8, 21, 13, 50, 41, 537061, tzinfo=datetime.timezone.utc), status='PendingSubmit', message='', errorCode=0), TradeLogEntry(time=datetime.datetime(2026, 8, 21, 13, 50, 41, 537061, tzinfo=datetime.timezone.utc), status='Cancelled', message='Error 10349, reqId 102791: Order TIF was set to DAY based on order preset.', errorCode=10349)], advancedError='')
Error 10349, reqId 102862: Order TIF was set to DAY based on order preset.
Canceled order: Trade(contract=Contract(secType='BAG', symbol='SPY', exchange='SMART', currency='USD', comboLegs=[ComboLeg(conId=909961822, ratio=1, action='BUY', exchange='SMART', openClose=0, shortSaleSlot=0, designatedLocation='', exemptCode=-1), ComboLeg(conId=909961766, ratio=1, action='SELL', exchange='SMART', openClose=0, shortSaleSlot=0, designatedLocation='', exemptCode=-1)]), order=LimitOrder(orderId=102862, clientId=34, action='BUY', totalQuantity=1, lmtPrice=3.02), orderStatus=OrderStatus(orderId=102862, status='Cancelled', filled=0.0, remaining=0.0, avgFillPrice=0.0, permId=0, parentId=0, lastFillPrice=0.0, clientId=0, whyHeld='', mktCapPrice=0.0), fills=[], log=[TradeLogEntry(time=datetime.datetime(2026, 8, 21, 13, 50, 54, 416339, tzinfo=datetime.timezone.utc), status='PendingSubmit', message='', errorCode=0), TradeLogEntry(time=datetime.datetime(2026, 8, 21, 13, 50, 54, 709646, tzinfo=datetime.timezone.utc), status='Cancelled', message='Error 10349, reqId 102862: Order TIF was set to DAY based on order preset.', errorCode=10349)], advancedError='')
2026-08-21 09:50:05 | DATA   | cadena 20260821: 34 contratos (ITM+OTM C/P) capturados y cancelados (spot 766.02)
════════════════════════════════════════════════════════════
🔔 2026-08-21 09:50:06 | ORDEN | COMPRA VERTICAL SPY P L=771/S=767 x1 débito<=3.68
════════════════════════════════════════════════════════════
2026-08-21 09:50:29 | DATA   | cadena 20260821: 34 contratos (ITM+OTM C/P) capturados y cancelados (spot 766.02)
════════════════════════════════════════════════════════════
🔔 2026-08-21 09:50:33 | RIESGO | BAG no cerró (2 pata/s viva/s) — cierre por patas al MID
════════════════════════════════════════════════════════════
════════════════════════════════════════════════════════════
🔔 2026-08-21 09:50:33 | ORDEN | CIERRE MERCADO SPY P 767 x1
════════════════════════════════════════════════════════════
════════════════════════════════════════════════════════════
🔔 2026-08-21 09:50:41 | ORDEN | CIERRE MERCADO SPY P 771 x1
════════════════════════════════════════════════════════════
2026-08-21 09:50:53 | DATA   | cadena 20260824: 34 contratos (ITM+OTM C/P) capturados y cancelados (spot 766.02)
════════════════════════════════════════════════════════════
🔔 2026-08-21 09:50:54 | ORDEN | COMPRA VERTICAL SPY P L=771/S=767 x1 débito<=3.02
════════════════════════════════════════════════════════════
  09:50:01 P a4 mny+5 | vert0DTE:Filled  vert3DTE:NO_LLENA
Error 10148, reqId 102862: OrderId 102862 that needs to be cancelled cannot be cancelled, state: PendingCancel.
Canceled order: Trade(contract=Contract(secType='BAG', symbol='SPY', exchange='SMART', currency='USD', comboLegs=[ComboLeg(conId=909961822, ratio=1, action='BUY', exchange='SMART', openClose=0, shortSaleSlot=0, designatedLocation='', exemptCode=-1), ComboLeg(conId=909961766, ratio=1, action='SELL', exchange='SMART', openClose=0, shortSaleSlot=0, designatedLocation='', exemptCode=-1)]), order=LimitOrder(orderId=102862, clientId=34, permId=229135335, action='BUY', totalQuantity=1.0, lmtPrice=3.02, auxPrice=0.0), orderStatus=OrderStatus(orderId=102862, status='Cancelled', filled=0.0, remaining=1.0, avgFillPrice=0.0, permId=229135335, parentId=0, lastFillPrice=0.0, clientId=34, whyHeld='', mktCapPrice=0.0), fills=[], log=[TradeLogEntry(time=datetime.datetime(2026, 8, 21, 13, 50, 54, 416339, tzinfo=datetime.timezone.utc), status='PendingSubmit', message='', errorCode=0), TradeLogEntry(time=datetime.datetime(2026, 8, 21, 13, 50, 54, 709646, tzinfo=datetime.timezone.utc), status='Cancelled', message='Error 10349, reqId 102862: Order TIF was set to DAY based on order preset.', errorCode=10349), TradeLogEntry(time=datetime.datetime(2026, 8, 21, 13, 50, 54, 892299, tzinfo=datetime.timezone.utc), status='PreSubmitted', message='', errorCode=0), TradeLogEntry(time=datetime.datetime(2026, 8, 21, 13, 51, 3, 434661, tzinfo=datetime.timezone.utc), status='Submitted', message='', errorCode=0), TradeLogEntry(time=datetime.datetime(2026, 8, 21, 13, 51, 19, 659748, tzinfo=datetime.timezone.utc), status='PendingCancel', message='', errorCode=0), TradeLogEntry(time=datetime.datetime(2026, 8, 21, 13, 51, 24, 610706, tzinfo=datetime.timezone.utc), status='PendingCancel', message='', errorCode=0), TradeLogEntry(time=datetime.datetime(2026, 8, 21, 13, 51, 25, 919052, tzinfo=datetime.timezone.utc), status='Cancelled', message='Error 10148, reqId 102862: OrderId 102862 that needs to be cancelled cannot be cancelled, state: PendingCancel.', errorCode=10148)], advancedError='')
Error 10349, reqId 102933: Order TIF was set to DAY based on order preset.
Canceled order: Trade(contract=Contract(secType='BAG', symbol='SPY', exchange='SMART', currency='USD', comboLegs=[ComboLeg(conId=885901601, ratio=1, action='BUY', exchange='SMART', openClose=0, shortSaleSlot=0, designatedLocation='', exemptCode=-1), ComboLeg(conId=885901614, ratio=1, action='SELL', exchange='SMART', openClose=0, shortSaleSlot=0, designatedLocation='', exemptCode=-1)]), order=LimitOrder(orderId=102933, clientId=34, action='BUY', totalQuantity=1, lmtPrice=1.06), orderStatus=OrderStatus(orderId=102933, status='Cancelled', filled=0.0, remaining=0.0, avgFillPrice=0.0, permId=0, parentId=0, lastFillPrice=0.0, clientId=0, whyHeld='', mktCapPrice=0.0), fills=[], log=[TradeLogEntry(time=datetime.datetime(2026, 8, 21, 13, 51, 26, 281361, tzinfo=datetime.timezone.utc), status='PendingSubmit', message='', errorCode=0), TradeLogEntry(time=datetime.datetime(2026, 8, 21, 13, 51, 26, 619757, tzinfo=datetime.timezone.utc), status='Cancelled', message='Error 10349, reqId 102933: Order TIF was set to DAY based on order preset.', errorCode=10349)], advancedError='')
Error 10349, reqId 103008: Order TIF was set to DAY based on order preset.
Canceled order: Trade(contract=Option(conId=885901614, symbol='SPY', lastTradeDateOrContractMonth='20260821', strike=766.0, right='C', multiplier='100', exchange='SMART', currency='USD', localSymbol='SPY   260821C00766000', tradingClass='SPY'), order=MarketOrder(orderId=103008, clientId=34, action='BUY', totalQuantity=1), orderStatus=OrderStatus(orderId=103008, status='Cancelled', filled=0.0, remaining=0.0, avgFillPrice=0.0, permId=0, parentId=0, lastFillPrice=0.0, clientId=0, whyHeld='', mktCapPrice=0.0), fills=[], log=[TradeLogEntry(time=datetime.datetime(2026, 8, 21, 13, 51, 41, 337447, tzinfo=datetime.timezone.utc), status='PendingSubmit', message='', errorCode=0), TradeLogEntry(time=datetime.datetime(2026, 8, 21, 13, 51, 41, 348461, tzinfo=datetime.timezone.utc), status='Cancelled', message='Error 10349, reqId 103008: Order TIF was set to DAY based on order preset.', errorCode=10349)], advancedError='')
Error 10349, reqId 103010: Order TIF was set to DAY based on order preset.
Canceled order: Trade(contract=Option(conId=885901601, symbol='SPY', lastTradeDateOrContractMonth='20260821', strike=764.0, right='C', multiplier='100', exchange='SMART', currency='USD', localSymbol='SPY   260821C00764000', tradingClass='SPY'), order=MarketOrder(orderId=103010, clientId=34, action='SELL', totalQuantity=1), orderStatus=OrderStatus(orderId=103010, status='Cancelled', filled=0.0, remaining=0.0, avgFillPrice=0.0, permId=0, parentId=0, lastFillPrice=0.0, clientId=0, whyHeld='', mktCapPrice=0.0), fills=[], log=[TradeLogEntry(time=datetime.datetime(2026, 8, 21, 13, 51, 49, 396736, tzinfo=datetime.timezone.utc), status='PendingSubmit', message='', errorCode=0), TradeLogEntry(time=datetime.datetime(2026, 8, 21, 13, 51, 49, 400091, tzinfo=datetime.timezone.utc), status='Cancelled', message='Error 10349, reqId 103010: Order TIF was set to DAY based on order preset.', errorCode=10349)], advancedError='')
Error 10349, reqId 103081: Order TIF was set to DAY based on order preset.
Canceled order: Trade(contract=Contract(secType='BAG', symbol='SPY', exchange='SMART', currency='USD', comboLegs=[ComboLeg(conId=909958662, ratio=1, action='BUY', exchange='SMART', openClose=0, shortSaleSlot=0, designatedLocation='', exemptCode=-1), ComboLeg(conId=909958680, ratio=1, action='SELL', exchange='SMART', openClose=0, shortSaleSlot=0, designatedLocation='', exemptCode=-1)]), order=LimitOrder(orderId=103081, clientId=34, action='BUY', totalQuantity=1, lmtPrice=1.09), orderStatus=OrderStatus(orderId=103081, status='Cancelled', filled=0.0, remaining=0.0, avgFillPrice=0.0, permId=0, parentId=0, lastFillPrice=0.0, clientId=0, whyHeld='', mktCapPrice=0.0), fills=[], log=[TradeLogEntry(time=datetime.datetime(2026, 8, 21, 13, 52, 2, 112022, tzinfo=datetime.timezone.utc), status='PendingSubmit', message='', errorCode=0), TradeLogEntry(time=datetime.datetime(2026, 8, 21, 13, 52, 2, 544329, tzinfo=datetime.timezone.utc), status='Cancelled', message='Error 10349, reqId 103081: Order TIF was set to DAY based on order preset.', errorCode=10349)], advancedError='')
Error 10349, reqId 103156: Order TIF was set to DAY based on order preset.
Canceled order: Trade(contract=Option(conId=909958680, symbol='SPY', lastTradeDateOrContractMonth='20260824', strike=766.0, right='C', multiplier='100', exchange='SMART', currency='USD', localSymbol='SPY   260824C00766000', tradingClass='SPY'), order=MarketOrder(orderId=103156, clientId=34, action='BUY', totalQuantity=1), orderStatus=OrderStatus(orderId=103156, status='Cancelled', filled=0.0, remaining=0.0, avgFillPrice=0.0, permId=0, parentId=0, lastFillPrice=0.0, clientId=0, whyHeld='', mktCapPrice=0.0), fills=[], log=[TradeLogEntry(time=datetime.datetime(2026, 8, 21, 13, 52, 28, 303447, tzinfo=datetime.timezone.utc), status='PendingSubmit', message='', errorCode=0), TradeLogEntry(time=datetime.datetime(2026, 8, 21, 13, 52, 28, 303447, tzinfo=datetime.timezone.utc), status='Cancelled', message='Error 10349, reqId 103156: Order TIF was set to DAY based on order preset.', errorCode=10349)], advancedError='')
Error 10349, reqId 103158: Order TIF was set to DAY based on order preset.
Canceled order: Trade(contract=Option(conId=909958662, symbol='SPY', lastTradeDateOrContractMonth='20260824', strike=764.0, right='C', multiplier='100', exchange='SMART', currency='USD', localSymbol='SPY   260824C00764000', tradingClass='SPY'), order=MarketOrder(orderId=103158, clientId=34, action='SELL', totalQuantity=1), orderStatus=OrderStatus(orderId=103158, status='Cancelled', filled=0.0, remaining=0.0, avgFillPrice=0.0, permId=0, parentId=0, lastFillPrice=0.0, clientId=0, whyHeld='', mktCapPrice=0.0), fills=[], log=[TradeLogEntry(time=datetime.datetime(2026, 8, 21, 13, 52, 36, 361192, tzinfo=datetime.timezone.utc), status='PendingSubmit', message='', errorCode=0), TradeLogEntry(time=datetime.datetime(2026, 8, 21, 13, 52, 36, 365203, tzinfo=datetime.timezone.utc), status='Cancelled', message='Error 10349, reqId 103158: Order TIF was set to DAY based on order preset.', errorCode=10349)], advancedError='')
Error 10349, reqId 103228: Order TIF was set to DAY based on order preset.
Canceled order: Trade(contract=Option(conId=885901601, symbol='SPY', lastTradeDateOrContractMonth='20260821', strike=764.0, right='C', multiplier='100', exchange='SMART', currency='USD', localSymbol='SPY   260821C00764000', tradingClass='SPY'), order=LimitOrder(orderId=103228, clientId=34, action='BUY', totalQuantity=1, lmtPrice=1.66), orderStatus=OrderStatus(orderId=103228, status='Cancelled', filled=0.0, remaining=0.0, avgFillPrice=0.0, permId=0, parentId=0, lastFillPrice=0.0, clientId=0, whyHeld='', mktCapPrice=0.0), fills=[], log=[TradeLogEntry(time=datetime.datetime(2026, 8, 21, 13, 52, 48, 994613, tzinfo=datetime.timezone.utc), status='PendingSubmit', message='', errorCode=0), TradeLogEntry(time=datetime.datetime(2026, 8, 21, 13, 52, 48, 994613, tzinfo=datetime.timezone.utc), status='Cancelled', message='Error 10349, reqId 103228: Order TIF was set to DAY based on order preset.', errorCode=10349)], advancedError='')
Error 10349, reqId 103266: Order TIF was set to DAY based on order preset.
Canceled order: Trade(contract=Option(conId=885901601, symbol='SPY', lastTradeDateOrContractMonth='20260821', strike=764.0, right='C', multiplier='100', exchange='SMART', currency='USD', localSymbol='SPY   260821C00764000', tradingClass='SPY'), order=LimitOrder(orderId=103266, clientId=34, action='SELL', totalQuantity=1, lmtPrice=1.58), orderStatus=OrderStatus(orderId=103266, status='Cancelled', filled=0.0, remaining=0.0, avgFillPrice=0.0, permId=0, parentId=0, lastFillPrice=0.0, clientId=0, whyHeld='', mktCapPrice=0.0), fills=[], log=[TradeLogEntry(time=datetime.datetime(2026, 8, 21, 13, 52, 54, 840603, tzinfo=datetime.timezone.utc), status='PendingSubmit', message='', errorCode=0), TradeLogEntry(time=datetime.datetime(2026, 8, 21, 13, 52, 54, 840603, tzinfo=datetime.timezone.utc), status='Cancelled', message='Error 10349, reqId 103266: Order TIF was set to DAY based on order preset.', errorCode=10349)], advancedError='')
Error 10349, reqId 103268: Order TIF was set to DAY based on order preset.
Canceled order: Trade(contract=Option(conId=885901601, symbol='SPY', lastTradeDateOrContractMonth='20260821', strike=764.0, right='C', multiplier='100', exchange='SMART', currency='USD', localSymbol='SPY   260821C00764000', tradingClass='SPY'), order=LimitOrder(orderId=103268, clientId=34, action='SELL', totalQuantity=1, lmtPrice=1.57), orderStatus=OrderStatus(orderId=103268, status='Cancelled', filled=0.0, remaining=0.0, avgFillPrice=0.0, permId=0, parentId=0, lastFillPrice=0.0, clientId=0, whyHeld='', mktCapPrice=0.0), fills=[], log=[TradeLogEntry(time=datetime.datetime(2026, 8, 21, 13, 53, 4, 507443, tzinfo=datetime.timezone.utc), status='PendingSubmit', message='', errorCode=0), TradeLogEntry(time=datetime.datetime(2026, 8, 21, 13, 53, 4, 507443, tzinfo=datetime.timezone.utc), status='Cancelled', message='Error 10349, reqId 103268: Order TIF was set to DAY based on order preset.', errorCode=10349)], advancedError='')
Error 10349, reqId 103338: Order TIF was set to DAY based on order preset.
Canceled order: Trade(contract=Option(conId=909958662, symbol='SPY', lastTradeDateOrContractMonth='20260824', strike=764.0, right='C', multiplier='100', exchange='SMART', currency='USD', localSymbol='SPY   260824C00764000', tradingClass='SPY'), order=LimitOrder(orderId=103338, clientId=34, action='BUY', totalQuantity=1, lmtPrice=2.65), orderStatus=OrderStatus(orderId=103338, status='Cancelled', filled=0.0, remaining=0.0, avgFillPrice=0.0, permId=0, parentId=0, lastFillPrice=0.0, clientId=0, whyHeld='', mktCapPrice=0.0), fills=[], log=[TradeLogEntry(time=datetime.datetime(2026, 8, 21, 13, 53, 15, 792675, tzinfo=datetime.timezone.utc), status='PendingSubmit', message='', errorCode=0), TradeLogEntry(time=datetime.datetime(2026, 8, 21, 13, 53, 15, 792675, tzinfo=datetime.timezone.utc), status='Cancelled', message='Error 10349, reqId 103338: Order TIF was set to DAY based on order preset.', errorCode=10349)], advancedError='')
Error 10349, reqId 103376: Order TIF was set to DAY based on order preset.
Canceled order: Trade(contract=Option(conId=909958662, symbol='SPY', lastTradeDateOrContractMonth='20260824', strike=764.0, right='C', multiplier='100', exchange='SMART', currency='USD', localSymbol='SPY   260824C00764000', tradingClass='SPY'), order=LimitOrder(orderId=103376, clientId=34, action='SELL', totalQuantity=1, lmtPrice=2.66), orderStatus=OrderStatus(orderId=103376, status='Cancelled', filled=0.0, remaining=0.0, avgFillPrice=0.0, permId=0, parentId=0, lastFillPrice=0.0, clientId=0, whyHeld='', mktCapPrice=0.0), fills=[], log=[TradeLogEntry(time=datetime.datetime(2026, 8, 21, 13, 53, 22, 137121, tzinfo=datetime.timezone.utc), status='PendingSubmit', message='', errorCode=0), TradeLogEntry(time=datetime.datetime(2026, 8, 21, 13, 53, 22, 152979, tzinfo=datetime.timezone.utc), status='Cancelled', message='Error 10349, reqId 103376: Order TIF was set to DAY based on order preset.', errorCode=10349)], advancedError='')
2026-08-21 09:51:24 | DATA   | cadena 20260821: 34 contratos (ITM+OTM C/P) capturados y cancelados (spot 766.02)
════════════════════════════════════════════════════════════
🔔 2026-08-21 09:51:26 | ORDEN | COMPRA VERTICAL SPY C L=764/S=766 x1 débito<=1.06
════════════════════════════════════════════════════════════
2026-08-21 09:51:37 | DATA   | cadena 20260821: 34 contratos (ITM+OTM C/P) capturados y cancelados (spot 766.02)
════════════════════════════════════════════════════════════
🔔 2026-08-21 09:51:41 | RIESGO | BAG no cerró (2 pata/s viva/s) — cierre por patas al MID
════════════════════════════════════════════════════════════
════════════════════════════════════════════════════════════
🔔 2026-08-21 09:51:41 | ORDEN | CIERRE MERCADO SPY C 766 x1
════════════════════════════════════════════════════════════
════════════════════════════════════════════════════════════
🔔 2026-08-21 09:51:49 | ORDEN | CIERRE MERCADO SPY C 764 x1
════════════════════════════════════════════════════════════
2026-08-21 09:52:00 | DATA   | cadena 20260824: 34 contratos (ITM+OTM C/P) capturados y cancelados (spot 766.02)
════════════════════════════════════════════════════════════
🔔 2026-08-21 09:52:02 | ORDEN | COMPRA VERTICAL SPY C L=764/S=766 x1 débito<=1.09
════════════════════════════════════════════════════════════
2026-08-21 09:52:24 | DATA   | cadena 20260824: 34 contratos (ITM+OTM C/P) capturados y cancelados (spot 766.02)
════════════════════════════════════════════════════════════
🔔 2026-08-21 09:52:28 | RIESGO | BAG no cerró (2 pata/s viva/s) — cierre por patas al MID
════════════════════════════════════════════════════════════
════════════════════════════════════════════════════════════
🔔 2026-08-21 09:52:28 | ORDEN | CIERRE MERCADO SPY C 766 x1
════════════════════════════════════════════════════════════
════════════════════════════════════════════════════════════
🔔 2026-08-21 09:52:36 | ORDEN | CIERRE MERCADO SPY C 764 x1
════════════════════════════════════════════════════════════
2026-08-21 09:52:47 | DATA   | cadena 20260821: 34 contratos (ITM+OTM C/P) capturados y cancelados (spot 766.02)
════════════════════════════════════════════════════════════
🔔 2026-08-21 09:52:48 | ORDEN | COMPRA SINGLE SPY C 764 x1 <=1.66
════════════════════════════════════════════════════════════
2026-08-21 09:52:53 | DATA   | cadena 20260821: 18 contratos (ITM+OTM C/P) capturados y cancelados (spot 766.02)
2026-08-21 09:53:14 | DATA   | cadena 20260824: 34 contratos (ITM+OTM C/P) capturados y cancelados (spot 766.02)
════════════════════════════════════════════════════════════
🔔 2026-08-21 09:53:15 | ORDEN | COMPRA SINGLE SPY C 764 x1 <=2.65
════════════════════════════════════════════════════════════
2026-08-21 09:53:21 | DATA   | cadena 20260824: 18 contratos (ITM+OTM C/P) capturados y cancelados (spot 766.02)
  09:51:21 C a2 mny+2 | vert0DTE:Filled  vert3DTE:Filled  SGL 0DTE:Filled  SGL 3DTE:Filled
Error 10349, reqId 103447: Order TIF was set to DAY based on order preset.
Canceled order: Trade(contract=Contract(secType='BAG', symbol='SPY', exchange='SMART', currency='USD', comboLegs=[ComboLeg(conId=885903284, ratio=1, action='BUY', exchange='SMART', openClose=0, shortSaleSlot=0, designatedLocation='', exemptCode=-1), ComboLeg(conId=885903251, ratio=1, action='SELL', exchange='SMART', openClose=0, shortSaleSlot=0, designatedLocation='', exemptCode=-1)]), order=LimitOrder(orderId=103447, clientId=34, action='BUY', totalQuantity=1, lmtPrice=1.58), orderStatus=OrderStatus(orderId=103447, status='Cancelled', filled=0.0, remaining=0.0, avgFillPrice=0.0, permId=0, parentId=0, lastFillPrice=0.0, clientId=0, whyHeld='', mktCapPrice=0.0), fills=[], log=[TradeLogEntry(time=datetime.datetime(2026, 8, 21, 13, 53, 27, 395149, tzinfo=datetime.timezone.utc), status='PendingSubmit', message='', errorCode=0), TradeLogEntry(time=datetime.datetime(2026, 8, 21, 13, 53, 27, 717316, tzinfo=datetime.timezone.utc), status='Cancelled', message='Error 10349, reqId 103447: Order TIF was set to DAY based on order preset.', errorCode=10349)], advancedError='')
Error 10349, reqId 103522: Order TIF was set to DAY based on order preset.
Canceled order: Trade(contract=Option(conId=885903251, symbol='SPY', lastTradeDateOrContractMonth='20260821', strike=766.0, right='P', multiplier='100', exchange='SMART', currency='USD', localSymbol='SPY   260821P00766000', tradingClass='SPY'), order=MarketOrder(orderId=103522, clientId=34, action='BUY', totalQuantity=1), orderStatus=OrderStatus(orderId=103522, status='Cancelled', filled=0.0, remaining=0.0, avgFillPrice=0.0, permId=0, parentId=0, lastFillPrice=0.0, clientId=0, whyHeld='', mktCapPrice=0.0), fills=[], log=[TradeLogEntry(time=datetime.datetime(2026, 8, 21, 13, 53, 44, 573133, tzinfo=datetime.timezone.utc), status='PendingSubmit', message='', errorCode=0), TradeLogEntry(time=datetime.datetime(2026, 8, 21, 13, 53, 44, 579338, tzinfo=datetime.timezone.utc), status='Cancelled', message='Error 10349, reqId 103522: Order TIF was set to DAY based on order preset.', errorCode=10349)], advancedError='')
Error 10349, reqId 103524: Order TIF was set to DAY based on order preset.
Canceled order: Trade(contract=Option(conId=885903284, symbol='SPY', lastTradeDateOrContractMonth='20260821', strike=768.0, right='P', multiplier='100', exchange='SMART', currency='USD', localSymbol='SPY   260821P00768000', tradingClass='SPY'), order=MarketOrder(orderId=103524, clientId=34, action='SELL', totalQuantity=1), orderStatus=OrderStatus(orderId=103524, status='Cancelled', filled=0.0, remaining=0.0, avgFillPrice=0.0, permId=0, parentId=0, lastFillPrice=0.0, clientId=0, whyHeld='', mktCapPrice=0.0), fills=[], log=[TradeLogEntry(time=datetime.datetime(2026, 8, 21, 13, 53, 52, 630003, tzinfo=datetime.timezone.utc), status='PendingSubmit', message='', errorCode=0), TradeLogEntry(time=datetime.datetime(2026, 8, 21, 13, 53, 52, 634020, tzinfo=datetime.timezone.utc), status='Cancelled', message='Error 10349, reqId 103524: Order TIF was set to DAY based on order preset.', errorCode=10349)], advancedError='')
Error 10349, reqId 103595: Order TIF was set to DAY based on order preset.
Canceled order: Trade(contract=Contract(secType='BAG', symbol='SPY', exchange='SMART', currency='USD', comboLegs=[ComboLeg(conId=909961784, ratio=1, action='BUY', exchange='SMART', openClose=0, shortSaleSlot=0, designatedLocation='', exemptCode=-1), ComboLeg(conId=909961749, ratio=1, action='SELL', exchange='SMART', openClose=0, shortSaleSlot=0, designatedLocation='', exemptCode=-1)]), order=LimitOrder(orderId=103595, clientId=34, action='BUY', totalQuantity=1, lmtPrice=1.29), orderStatus=OrderStatus(orderId=103595, status='Cancelled', filled=0.0, remaining=0.0, avgFillPrice=0.0, permId=0, parentId=0, lastFillPrice=0.0, clientId=0, whyHeld='', mktCapPrice=0.0), fills=[], log=[TradeLogEntry(time=datetime.datetime(2026, 8, 21, 13, 54, 5, 237447, tzinfo=datetime.timezone.utc), status='PendingSubmit', message='', errorCode=0), TradeLogEntry(time=datetime.datetime(2026, 8, 21, 13, 54, 7, 620339, tzinfo=datetime.timezone.utc), status='Cancelled', message='Error 10349, reqId 103595: Order TIF was set to DAY based on order preset.', errorCode=10349)], advancedError='')
Error 10349, reqId 103665: Order TIF was set to DAY based on order preset.
Canceled order: Trade(contract=Option(conId=885903284, symbol='SPY', lastTradeDateOrContractMonth='20260821', strike=768.0, right='P', multiplier='100', exchange='SMART', currency='USD', localSymbol='SPY   260821P00768000', tradingClass='SPY'), order=LimitOrder(orderId=103665, clientId=34, action='BUY', totalQuantity=1, lmtPrice=3.9), orderStatus=OrderStatus(orderId=103665, status='Cancelled', filled=0.0, remaining=0.0, avgFillPrice=0.0, permId=0, parentId=0, lastFillPrice=0.0, clientId=0, whyHeld='', mktCapPrice=0.0), fills=[], log=[TradeLogEntry(time=datetime.datetime(2026, 8, 21, 13, 54, 36, 907466, tzinfo=datetime.timezone.utc), status='PendingSubmit', message='', errorCode=0), TradeLogEntry(time=datetime.datetime(2026, 8, 21, 13, 54, 36, 907466, tzinfo=datetime.timezone.utc), status='Cancelled', message='Error 10349, reqId 103665: Order TIF was set to DAY based on order preset.', errorCode=10349)], advancedError='')
Error 10349, reqId 103703: Order TIF was set to DAY based on order preset.
Canceled order: Trade(contract=Option(conId=885903284, symbol='SPY', lastTradeDateOrContractMonth='20260821', strike=768.0, right='P', multiplier='100', exchange='SMART', currency='USD', localSymbol='SPY   260821P00768000', tradingClass='SPY'), order=LimitOrder(orderId=103703, clientId=34, action='SELL', totalQuantity=1, lmtPrice=3.91), orderStatus=OrderStatus(orderId=103703, status='Cancelled', filled=0.0, remaining=0.0, avgFillPrice=0.0, permId=0, parentId=0, lastFillPrice=0.0, clientId=0, whyHeld='', mktCapPrice=0.0), fills=[], log=[TradeLogEntry(time=datetime.datetime(2026, 8, 21, 13, 54, 42, 880143, tzinfo=datetime.timezone.utc), status='PendingSubmit', message='', errorCode=0), TradeLogEntry(time=datetime.datetime(2026, 8, 21, 13, 54, 42, 891272, tzinfo=datetime.timezone.utc), status='Cancelled', message='Error 10349, reqId 103703: Order TIF was set to DAY based on order preset.', errorCode=10349)], advancedError='')
Error 10349, reqId 103705: Order TIF was set to DAY based on order preset.
Canceled order: Trade(contract=Option(conId=885903284, symbol='SPY', lastTradeDateOrContractMonth='20260821', strike=768.0, right='P', multiplier='100', exchange='SMART', currency='USD', localSymbol='SPY   260821P00768000', tradingClass='SPY'), order=LimitOrder(orderId=103705, clientId=34, action='SELL', totalQuantity=1, lmtPrice=3.9), orderStatus=OrderStatus(orderId=103705, status='Cancelled', filled=0.0, remaining=0.0, avgFillPrice=0.0, permId=0, parentId=0, lastFillPrice=0.0, clientId=0, whyHeld='', mktCapPrice=0.0), fills=[], log=[TradeLogEntry(time=datetime.datetime(2026, 8, 21, 13, 54, 52, 581361, tzinfo=datetime.timezone.utc), status='PendingSubmit', message='', errorCode=0), TradeLogEntry(time=datetime.datetime(2026, 8, 21, 13, 54, 52, 581361, tzinfo=datetime.timezone.utc), status='Cancelled', message='Error 10349, reqId 103705: Order TIF was set to DAY based on order preset.', errorCode=10349)], advancedError='')
Error 10349, reqId 103707: Order TIF was set to DAY based on order preset.
Canceled order: Trade(contract=Option(conId=885903284, symbol='SPY', lastTradeDateOrContractMonth='20260821', strike=768.0, right='P', multiplier='100', exchange='SMART', currency='USD', localSymbol='SPY   260821P00768000', tradingClass='SPY'), order=LimitOrder(orderId=103707, clientId=34, action='SELL', totalQuantity=1, lmtPrice=3.89), orderStatus=OrderStatus(orderId=103707, status='Cancelled', filled=0.0, remaining=0.0, avgFillPrice=0.0, permId=0, parentId=0, lastFillPrice=0.0, clientId=0, whyHeld='', mktCapPrice=0.0), fills=[], log=[TradeLogEntry(time=datetime.datetime(2026, 8, 21, 13, 55, 2, 343498, tzinfo=datetime.timezone.utc), status='PendingSubmit', message='', errorCode=0), TradeLogEntry(time=datetime.datetime(2026, 8, 21, 13, 55, 2, 343498, tzinfo=datetime.timezone.utc), status='Cancelled', message='Error 10349, reqId 103707: Order TIF was set to DAY based on order preset.', errorCode=10349)], advancedError='')
Error 10349, reqId 103709: Order TIF was set to DAY based on order preset.
Canceled order: Trade(contract=Option(conId=885903284, symbol='SPY', lastTradeDateOrContractMonth='20260821', strike=768.0, right='P', multiplier='100', exchange='SMART', currency='USD', localSymbol='SPY   260821P00768000', tradingClass='SPY'), order=MarketOrder(orderId=103709, clientId=34, action='SELL', totalQuantity=1), orderStatus=OrderStatus(orderId=103709, status='Cancelled', filled=0.0, remaining=0.0, avgFillPrice=0.0, permId=0, parentId=0, lastFillPrice=0.0, clientId=0, whyHeld='', mktCapPrice=0.0), fills=[], log=[TradeLogEntry(time=datetime.datetime(2026, 8, 21, 13, 55, 12, 40557, tzinfo=datetime.timezone.utc), status='PendingSubmit', message='', errorCode=0), TradeLogEntry(time=datetime.datetime(2026, 8, 21, 13, 55, 12, 56444, tzinfo=datetime.timezone.utc), status='Cancelled', message='Error 10349, reqId 103709: Order TIF was set to DAY based on order preset.', errorCode=10349)], advancedError='')
Error 10148, reqId 103707: OrderId 103707 that needs to be cancelled cannot be cancelled, state: PendingCancel.
Canceled order: Trade(contract=Option(conId=885903284, symbol='SPY', lastTradeDateOrContractMonth='20260821', strike=768.0, right='P', multiplier='100', exchange='SMART', currency='USD', localSymbol='SPY   260821P00768000', tradingClass='SPY'), order=LimitOrder(orderId=103707, clientId=34, permId=229135354, action='SELL', totalQuantity=1.0, lmtPrice=3.89, auxPrice=0.0), orderStatus=OrderStatus(orderId=103707, status='Cancelled', filled=0.0, remaining=1.0, avgFillPrice=0.0, permId=229135354, parentId=0, lastFillPrice=0.0, clientId=34, whyHeld='', mktCapPrice=0.0), fills=[], log=[TradeLogEntry(time=datetime.datetime(2026, 8, 21, 13, 55, 2, 343498, tzinfo=datetime.timezone.utc), status='PendingSubmit', message='', errorCode=0), TradeLogEntry(time=datetime.datetime(2026, 8, 21, 13, 55, 2, 343498, tzinfo=datetime.timezone.utc), status='Cancelled', message='Error 10349, reqId 103707: Order TIF was set to DAY based on order preset.', errorCode=10349), TradeLogEntry(time=datetime.datetime(2026, 8, 21, 13, 55, 2, 456992, tzinfo=datetime.timezone.utc), status='Submitted', message='', errorCode=0), TradeLogEntry(time=datetime.datetime(2026, 8, 21, 13, 55, 10, 483130, tzinfo=datetime.timezone.utc), status='PendingCancel', message='', errorCode=0), TradeLogEntry(time=datetime.datetime(2026, 8, 21, 13, 55, 12, 537480, tzinfo=datetime.timezone.utc), status='PendingCancel', message='', errorCode=0), TradeLogEntry(time=datetime.datetime(2026, 8, 21, 13, 55, 12, 537480, tzinfo=datetime.timezone.utc), status='Cancelled', message='Error 10148, reqId 103707: OrderId 103707 that needs to be cancelled cannot be cancelled, state: PendingCancel.', errorCode=10148)], advancedError='')
Error 10349, reqId 103779: Order TIF was set to DAY based on order preset.
Canceled order: Trade(contract=Option(conId=909961784, symbol='SPY', lastTradeDateOrContractMonth='20260824', strike=768.0, right='P', multiplier='100', exchange='SMART', currency='USD', localSymbol='SPY   260824P00768000', tradingClass='SPY'), order=LimitOrder(orderId=103779, clientId=34, action='BUY', totalQuantity=1, lmtPrice=4.22), orderStatus=OrderStatus(orderId=103779, status='Cancelled', filled=0.0, remaining=0.0, avgFillPrice=0.0, permId=0, parentId=0, lastFillPrice=0.0, clientId=0, whyHeld='', mktCapPrice=0.0), fills=[], log=[TradeLogEntry(time=datetime.datetime(2026, 8, 21, 13, 55, 18, 673479, tzinfo=datetime.timezone.utc), status='PendingSubmit', message='', errorCode=0), TradeLogEntry(time=datetime.datetime(2026, 8, 21, 13, 55, 19, 34393, tzinfo=datetime.timezone.utc), status='Cancelled', message='Error 10349, reqId 103779: Order TIF was set to DAY based on order preset.', errorCode=10349)], advancedError='')
Error 10349, reqId 103817: Order TIF was set to DAY based on order preset.
Canceled order: Trade(contract=Option(conId=909961784, symbol='SPY', lastTradeDateOrContractMonth='20260824', strike=768.0, right='P', multiplier='100', exchange='SMART', currency='USD', localSymbol='SPY   260824P00768000', tradingClass='SPY'), order=LimitOrder(orderId=103817, clientId=34, action='SELL', totalQuantity=1, lmtPrice=4.26), orderStatus=OrderStatus(orderId=103817, status='Cancelled', filled=0.0, remaining=0.0, avgFillPrice=0.0, permId=0, parentId=0, lastFillPrice=0.0, clientId=0, whyHeld='', mktCapPrice=0.0), fills=[], log=[TradeLogEntry(time=datetime.datetime(2026, 8, 21, 13, 55, 24, 841884, tzinfo=datetime.timezone.utc), status='PendingSubmit', message='', errorCode=0), TradeLogEntry(time=datetime.datetime(2026, 8, 21, 13, 55, 24, 841884, tzinfo=datetime.timezone.utc), status='Cancelled', message='Error 10349, reqId 103817: Order TIF was set to DAY based on order preset.', errorCode=10349)], advancedError='')
Error 10349, reqId 103819: Order TIF was set to DAY based on order preset.
Canceled order: Trade(contract=Option(conId=909961784, symbol='SPY', lastTradeDateOrContractMonth='20260824', strike=768.0, right='P', multiplier='100', exchange='SMART', currency='USD', localSymbol='SPY   260824P00768000', tradingClass='SPY'), order=LimitOrder(orderId=103819, clientId=34, action='SELL', totalQuantity=1, lmtPrice=4.24), orderStatus=OrderStatus(orderId=103819, status='Cancelled', filled=0.0, remaining=0.0, avgFillPrice=0.0, permId=0, parentId=0, lastFillPrice=0.0, clientId=0, whyHeld='', mktCapPrice=0.0), fills=[], log=[TradeLogEntry(time=datetime.datetime(2026, 8, 21, 13, 55, 34, 513855, tzinfo=datetime.timezone.utc), status='PendingSubmit', message='', errorCode=0), TradeLogEntry(time=datetime.datetime(2026, 8, 21, 13, 55, 34, 513855, tzinfo=datetime.timezone.utc), status='Cancelled', message='Error 10349, reqId 103819: Order TIF was set to DAY based on order preset.', errorCode=10349)], advancedError='')
Error 10349, reqId 103821: Order TIF was set to DAY based on order preset.
Canceled order: Trade(contract=Option(conId=909961784, symbol='SPY', lastTradeDateOrContractMonth='20260824', strike=768.0, right='P', multiplier='100', exchange='SMART', currency='USD', localSymbol='SPY   260824P00768000', tradingClass='SPY'), order=LimitOrder(orderId=103821, clientId=34, action='SELL', totalQuantity=1, lmtPrice=4.23), orderStatus=OrderStatus(orderId=103821, status='Cancelled', filled=0.0, remaining=0.0, avgFillPrice=0.0, permId=0, parentId=0, lastFillPrice=0.0, clientId=0, whyHeld='', mktCapPrice=0.0), fills=[], log=[TradeLogEntry(time=datetime.datetime(2026, 8, 21, 13, 55, 44, 163156, tzinfo=datetime.timezone.utc), status='PendingSubmit', message='', errorCode=0), TradeLogEntry(time=datetime.datetime(2026, 8, 21, 13, 55, 44, 166152, tzinfo=datetime.timezone.utc), status='Cancelled', message='Error 10349, reqId 103821: Order TIF was set to DAY based on order preset.', errorCode=10349)], advancedError='')
Error 10349, reqId 103823: Order TIF was set to DAY based on order preset.
Canceled order: Trade(contract=Option(conId=909961784, symbol='SPY', lastTradeDateOrContractMonth='20260824', strike=768.0, right='P', multiplier='100', exchange='SMART', currency='USD', localSymbol='SPY   260824P00768000', tradingClass='SPY'), order=MarketOrder(orderId=103823, clientId=34, action='SELL', totalQuantity=1), orderStatus=OrderStatus(orderId=103823, status='Cancelled', filled=0.0, remaining=0.0, avgFillPrice=0.0, permId=0, parentId=0, lastFillPrice=0.0, clientId=0, whyHeld='', mktCapPrice=0.0), fills=[], log=[TradeLogEntry(time=datetime.datetime(2026, 8, 21, 13, 55, 53, 816385, tzinfo=datetime.timezone.utc), status='PendingSubmit', message='', errorCode=0), TradeLogEntry(time=datetime.datetime(2026, 8, 21, 13, 55, 53, 816385, tzinfo=datetime.timezone.utc), status='Cancelled', message='Error 10349, reqId 103823: Order TIF was set to DAY based on order preset.', errorCode=10349)], advancedError='')
2026-08-21 09:53:26 | DATA   | cadena 20260821: 34 contratos (ITM+OTM C/P) capturados y cancelados (spot 766.02)
════════════════════════════════════════════════════════════
🔔 2026-08-21 09:53:27 | ORDEN | COMPRA VERTICAL SPY P L=768/S=766 x1 débito<=1.58
════════════════════════════════════════════════════════════
2026-08-21 09:53:40 | DATA   | cadena 20260821: 34 contratos (ITM+OTM C/P) capturados y cancelados (spot 766.02)
════════════════════════════════════════════════════════════
🔔 2026-08-21 09:53:44 | RIESGO | BAG no cerró (2 pata/s viva/s) — cierre por patas al MID
════════════════════════════════════════════════════════════
════════════════════════════════════════════════════════════
🔔 2026-08-21 09:53:44 | ORDEN | CIERRE MERCADO SPY P 766 x1
════════════════════════════════════════════════════════════
════════════════════════════════════════════════════════════
🔔 2026-08-21 09:53:52 | ORDEN | CIERRE MERCADO SPY P 768 x1
════════════════════════════════════════════════════════════
2026-08-21 09:54:04 | DATA   | cadena 20260824: 34 contratos (ITM+OTM C/P) capturados y cancelados (spot 766.02)
════════════════════════════════════════════════════════════
🔔 2026-08-21 09:54:05 | ORDEN | COMPRA VERTICAL SPY P L=768/S=766 x1 débito<=1.29
════════════════════════════════════════════════════════════
2026-08-21 09:54:35 | DATA   | cadena 20260821: 34 contratos (ITM+OTM C/P) capturados y cancelados (spot 766.02)
════════════════════════════════════════════════════════════
🔔 2026-08-21 09:54:36 | ORDEN | COMPRA SINGLE SPY P 768 x1 <=3.90
════════════════════════════════════════════════════════════
2026-08-21 09:54:41 | DATA   | cadena 20260821: 18 contratos (ITM+OTM C/P) capturados y cancelados (spot 766.02)
════════════════════════════════════════════════════════════
🔔 2026-08-21 09:55:12 | ORDEN | CIERRE SPY P 768 x1 MERCADO
════════════════════════════════════════════════════════════
2026-08-21 09:55:17 | DATA   | cadena 20260824: 34 contratos (ITM+OTM C/P) capturados y cancelados (spot 766.02)
════════════════════════════════════════════════════════════
🔔 2026-08-21 09:55:18 | ORDEN | COMPRA SINGLE SPY P 768 x1 <=4.22
════════════════════════════════════════════════════════════
2026-08-21 09:55:23 | DATA   | cadena 20260824: 18 contratos (ITM+OTM C/P) capturados y cancelados (spot 766.02)
════════════════════════════════════════════════════════════
🔔 2026-08-21 09:55:53 | ORDEN | CIERRE SPY P 768 x1 MERCADO
════════════════════════════════════════════════════════════
  09:53:22 P a2 mny+2 | vert0DTE:Filled  vert3DTE:NO_LLENA  SGL 0DTE:Filled  SGL 3DTE:Filled
Error 10349, reqId 103894: Order TIF was set to DAY based on order preset.
Canceled order: Trade(contract=Contract(secType='BAG', symbol='SPY', exchange='SMART', currency='USD', comboLegs=[ComboLeg(conId=885901601, ratio=1, action='BUY', exchange='SMART', openClose=0, shortSaleSlot=0, designatedLocation='', exemptCode=-1), ComboLeg(conId=885901640, ratio=1, action='SELL', exchange='SMART', openClose=0, shortSaleSlot=0, designatedLocation='', exemptCode=-1)]), order=LimitOrder(orderId=103894, clientId=34, action='BUY', totalQuantity=1, lmtPrice=1.32), orderStatus=OrderStatus(orderId=103894, status='Cancelled', filled=0.0, remaining=0.0, avgFillPrice=0.0, permId=0, parentId=0, lastFillPrice=0.0, clientId=0, whyHeld='', mktCapPrice=0.0), fills=[], log=[TradeLogEntry(time=datetime.datetime(2026, 8, 21, 13, 55, 59, 134332, tzinfo=datetime.timezone.utc), status='PendingSubmit', message='', errorCode=0), TradeLogEntry(time=datetime.datetime(2026, 8, 21, 13, 55, 59, 512383, tzinfo=datetime.timezone.utc), status='Cancelled', message='Error 10349, reqId 103894: Order TIF was set to DAY based on order preset.', errorCode=10349)], advancedError='')
Error 10349, reqId 103969: Order TIF was set to DAY based on order preset.
Canceled order: Trade(contract=Option(conId=885901640, symbol='SPY', lastTradeDateOrContractMonth='20260821', strike=768.0, right='C', multiplier='100', exchange='SMART', currency='USD', localSymbol='SPY   260821C00768000', tradingClass='SPY'), order=MarketOrder(orderId=103969, clientId=34, action='BUY', totalQuantity=1), orderStatus=OrderStatus(orderId=103969, status='Cancelled', filled=0.0, remaining=0.0, avgFillPrice=0.0, permId=0, parentId=0, lastFillPrice=0.0, clientId=0, whyHeld='', mktCapPrice=0.0), fills=[], log=[TradeLogEntry(time=datetime.datetime(2026, 8, 21, 13, 56, 17, 111072, tzinfo=datetime.timezone.utc), status='PendingSubmit', message='', errorCode=0), TradeLogEntry(time=datetime.datetime(2026, 8, 21, 13, 56, 17, 131103, tzinfo=datetime.timezone.utc), status='Cancelled', message='Error 10349, reqId 103969: Order TIF was set to DAY based on order preset.', errorCode=10349)], advancedError='')
Error 10349, reqId 103971: Order TIF was set to DAY based on order preset.
Canceled order: Trade(contract=Option(conId=885901601, symbol='SPY', lastTradeDateOrContractMonth='20260821', strike=764.0, right='C', multiplier='100', exchange='SMART', currency='USD', localSymbol='SPY   260821C00764000', tradingClass='SPY'), order=MarketOrder(orderId=103971, clientId=34, action='SELL', totalQuantity=1), orderStatus=OrderStatus(orderId=103971, status='Cancelled', filled=0.0, remaining=0.0, avgFillPrice=0.0, permId=0, parentId=0, lastFillPrice=0.0, clientId=0, whyHeld='', mktCapPrice=0.0), fills=[], log=[TradeLogEntry(time=datetime.datetime(2026, 8, 21, 13, 56, 25, 201030, tzinfo=datetime.timezone.utc), status='PendingSubmit', message='', errorCode=0), TradeLogEntry(time=datetime.datetime(2026, 8, 21, 13, 56, 25, 212176, tzinfo=datetime.timezone.utc), status='Cancelled', message='Error 10349, reqId 103971: Order TIF was set to DAY based on order preset.', errorCode=10349)], advancedError='')
Error 10349, reqId 104042: Order TIF was set to DAY based on order preset.
Canceled order: Trade(contract=Contract(secType='BAG', symbol='SPY', exchange='SMART', currency='USD', comboLegs=[ComboLeg(conId=909958662, ratio=1, action='BUY', exchange='SMART', openClose=0, shortSaleSlot=0, designatedLocation='', exemptCode=-1), ComboLeg(conId=909958722, ratio=1, action='SELL', exchange='SMART', openClose=0, shortSaleSlot=0, designatedLocation='', exemptCode=-1)]), order=LimitOrder(orderId=104042, clientId=34, action='BUY', totalQuantity=1, lmtPrice=1.8), orderStatus=OrderStatus(orderId=104042, status='Cancelled', filled=0.0, remaining=0.0, avgFillPrice=0.0, permId=0, parentId=0, lastFillPrice=0.0, clientId=0, whyHeld='', mktCapPrice=0.0), fills=[], log=[TradeLogEntry(time=datetime.datetime(2026, 8, 21, 13, 56, 37, 985790, tzinfo=datetime.timezone.utc), status='PendingSubmit', message='', errorCode=0), TradeLogEntry(time=datetime.datetime(2026, 8, 21, 13, 56, 38, 351669, tzinfo=datetime.timezone.utc), status='Cancelled', message='Error 10349, reqId 104042: Order TIF was set to DAY based on order preset.', errorCode=10349)], advancedError='')
2026-08-21 09:55:57 | DATA   | cadena 20260821: 34 contratos (ITM+OTM C/P) capturados y cancelados (spot 766.02)
════════════════════════════════════════════════════════════
🔔 2026-08-21 09:55:59 | ORDEN | COMPRA VERTICAL SPY C L=764/S=768 x1 débito<=1.32
════════════════════════════════════════════════════════════
2026-08-21 09:56:13 | DATA   | cadena 20260821: 34 contratos (ITM+OTM C/P) capturados y cancelados (spot 766.02)
════════════════════════════════════════════════════════════
🔔 2026-08-21 09:56:17 | RIESGO | BAG no cerró (2 pata/s viva/s) — cierre por patas al MID
════════════════════════════════════════════════════════════
════════════════════════════════════════════════════════════
🔔 2026-08-21 09:56:17 | ORDEN | CIERRE MERCADO SPY C 768 x1
════════════════════════════════════════════════════════════
════════════════════════════════════════════════════════════
🔔 2026-08-21 09:56:25 | ORDEN | CIERRE MERCADO SPY C 764 x1
════════════════════════════════════════════════════════════
2026-08-21 09:56:36 | DATA   | cadena 20260824: 34 contratos (ITM+OTM C/P) capturados y cancelados (spot 766.02)
════════════════════════════════════════════════════════════
🔔 2026-08-21 09:56:37 | ORDEN | COMPRA VERTICAL SPY C L=764/S=768 x1 débito<=1.80
════════════════════════════════════════════════════════════
  09:55:54 C a4 mny+2 | vert0DTE:Filled  vert3DTE:NO_LLENA
Error 10349, reqId 104113: Order TIF was set to DAY based on order preset.
Canceled order: Trade(contract=Contract(secType='BAG', symbol='SPY', exchange='SMART', currency='USD', comboLegs=[ComboLeg(conId=885903284, ratio=1, action='BUY', exchange='SMART', openClose=0, shortSaleSlot=0, designatedLocation='', exemptCode=-1), ComboLeg(conId=885903239, ratio=1, action='SELL', exchange='SMART', openClose=0, shortSaleSlot=0, designatedLocation='', exemptCode=-1)]), order=LimitOrder(orderId=104113, clientId=34, action='BUY', totalQuantity=1, lmtPrice=2.59), orderStatus=OrderStatus(orderId=104113, status='Cancelled', filled=0.0, remaining=0.0, avgFillPrice=0.0, permId=0, parentId=0, lastFillPrice=0.0, clientId=0, whyHeld='', mktCapPrice=0.0), fills=[], log=[TradeLogEntry(time=datetime.datetime(2026, 8, 21, 13, 57, 9, 263767, tzinfo=datetime.timezone.utc), status='PendingSubmit', message='', errorCode=0), TradeLogEntry(time=datetime.datetime(2026, 8, 21, 13, 57, 11, 427266, tzinfo=datetime.timezone.utc), status='Cancelled', message='Error 10349, reqId 104113: Order TIF was set to DAY based on order preset.', errorCode=10349)], advancedError='')
Error 10349, reqId 104188: Order TIF was set to DAY based on order preset.
Canceled order: Trade(contract=Option(conId=885903239, symbol='SPY', lastTradeDateOrContractMonth='20260821', strike=764.0, right='P', multiplier='100', exchange='SMART', currency='USD', localSymbol='SPY   260821P00764000', tradingClass='SPY'), order=MarketOrder(orderId=104188, clientId=34, action='BUY', totalQuantity=1), orderStatus=OrderStatus(orderId=104188, status='Cancelled', filled=0.0, remaining=0.0, avgFillPrice=0.0, permId=0, parentId=0, lastFillPrice=0.0, clientId=0, whyHeld='', mktCapPrice=0.0), fills=[], log=[TradeLogEntry(time=datetime.datetime(2026, 8, 21, 13, 57, 25, 375905, tzinfo=datetime.timezone.utc), status='PendingSubmit', message='', errorCode=0), TradeLogEntry(time=datetime.datetime(2026, 8, 21, 13, 57, 25, 380332, tzinfo=datetime.timezone.utc), status='Cancelled', message='Error 10349, reqId 104188: Order TIF was set to DAY based on order preset.', errorCode=10349)], advancedError='')
Error 10349, reqId 104190: Order TIF was set to DAY based on order preset.
Canceled order: Trade(contract=Option(conId=885903284, symbol='SPY', lastTradeDateOrContractMonth='20260821', strike=768.0, right='P', multiplier='100', exchange='SMART', currency='USD', localSymbol='SPY   260821P00768000', tradingClass='SPY'), order=MarketOrder(orderId=104190, clientId=34, action='SELL', totalQuantity=1), orderStatus=OrderStatus(orderId=104190, status='Cancelled', filled=0.0, remaining=0.0, avgFillPrice=0.0, permId=0, parentId=0, lastFillPrice=0.0, clientId=0, whyHeld='', mktCapPrice=0.0), fills=[], log=[TradeLogEntry(time=datetime.datetime(2026, 8, 21, 13, 57, 33, 447987, tzinfo=datetime.timezone.utc), status='PendingSubmit', message='', errorCode=0), TradeLogEntry(time=datetime.datetime(2026, 8, 21, 13, 57, 33, 461008, tzinfo=datetime.timezone.utc), status='Cancelled', message='Error 10349, reqId 104190: Order TIF was set to DAY based on order preset.', errorCode=10349)], advancedError='')
Error 10349, reqId 104261: Order TIF was set to DAY based on order preset.
Canceled order: Trade(contract=Contract(secType='BAG', symbol='SPY', exchange='SMART', currency='USD', comboLegs=[ComboLeg(conId=909961784, ratio=1, action='BUY', exchange='SMART', openClose=0, shortSaleSlot=0, designatedLocation='', exemptCode=-1), ComboLeg(conId=909961729, ratio=1, action='SELL', exchange='SMART', openClose=0, shortSaleSlot=0, designatedLocation='', exemptCode=-1)]), order=LimitOrder(orderId=104261, clientId=34, action='BUY', totalQuantity=1, lmtPrice=2.23), orderStatus=OrderStatus(orderId=104261, status='Cancelled', filled=0.0, remaining=0.0, avgFillPrice=0.0, permId=0, parentId=0, lastFillPrice=0.0, clientId=0, whyHeld='', mktCapPrice=0.0), fills=[], log=[TradeLogEntry(time=datetime.datetime(2026, 8, 21, 13, 57, 46, 203162, tzinfo=datetime.timezone.utc), status='PendingSubmit', message='', errorCode=0), TradeLogEntry(time=datetime.datetime(2026, 8, 21, 13, 57, 46, 623364, tzinfo=datetime.timezone.utc), status='Cancelled', message='Error 10349, reqId 104261: Order TIF was set to DAY based on order preset.', errorCode=10349)], advancedError='')
2026-08-21 09:57:08 | DATA   | cadena 20260821: 34 contratos (ITM+OTM C/P) capturados y cancelados (spot 766.02)
════════════════════════════════════════════════════════════
🔔 2026-08-21 09:57:09 | ORDEN | COMPRA VERTICAL SPY P L=768/S=764 x1 débito<=2.59
════════════════════════════════════════════════════════════
2026-08-21 09:57:21 | DATA   | cadena 20260821: 34 contratos (ITM+OTM C/P) capturados y cancelados (spot 766.02)
════════════════════════════════════════════════════════════
🔔 2026-08-21 09:57:25 | RIESGO | BAG no cerró (2 pata/s viva/s) — cierre por patas al MID
════════════════════════════════════════════════════════════
════════════════════════════════════════════════════════════
🔔 2026-08-21 09:57:25 | ORDEN | CIERRE MERCADO SPY P 764 x1
════════════════════════════════════════════════════════════
════════════════════════════════════════════════════════════
🔔 2026-08-21 09:57:33 | ORDEN | CIERRE MERCADO SPY P 768 x1
════════════════════════════════════════════════════════════
2026-08-21 09:57:44 | DATA   | cadena 20260824: 34 contratos (ITM+OTM C/P) capturados y cancelados (spot 766.02)
════════════════════════════════════════════════════════════
🔔 2026-08-21 09:57:46 | ORDEN | COMPRA VERTICAL SPY P L=768/S=764 x1 débito<=2.23
════════════════════════════════════════════════════════════
  09:57:04 P a4 mny+2 | vert0DTE:Filled  vert3DTE:NO_LLENA
Error 10349, reqId 104332: Order TIF was set to DAY based on order preset.
Canceled order: Trade(contract=Contract(secType='BAG', symbol='SPY', exchange='SMART', currency='USD', comboLegs=[ComboLeg(conId=853202560, ratio=1, action='BUY', exchange='SMART', openClose=0, shortSaleSlot=0, designatedLocation='', exemptCode=-1), ComboLeg(conId=885901626, ratio=1, action='SELL', exchange='SMART', openClose=0, shortSaleSlot=0, designatedLocation='', exemptCode=-1)]), order=LimitOrder(orderId=104332, clientId=34, action='BUY', totalQuantity=1, lmtPrice=0.6), orderStatus=OrderStatus(orderId=104332, status='Cancelled', filled=0.0, remaining=0.0, avgFillPrice=0.0, permId=0, parentId=0, lastFillPrice=0.0, clientId=0, whyHeld='', mktCapPrice=0.0), fills=[], log=[TradeLogEntry(time=datetime.datetime(2026, 8, 21, 13, 58, 17, 766568, tzinfo=datetime.timezone.utc), status='PendingSubmit', message='', errorCode=0), TradeLogEntry(time=datetime.datetime(2026, 8, 21, 13, 58, 18, 87201, tzinfo=datetime.timezone.utc), status='Cancelled', message='Error 10349, reqId 104332: Order TIF was set to DAY based on order preset.', errorCode=10349)], advancedError='')
Error 10349, reqId 104403: Order TIF was set to DAY based on order preset.
Canceled order: Trade(contract=Contract(secType='BAG', symbol='SPY', exchange='SMART', currency='USD', comboLegs=[ComboLeg(conId=909493813, ratio=1, action='BUY', exchange='SMART', openClose=0, shortSaleSlot=0, designatedLocation='', exemptCode=-1), ComboLeg(conId=909958702, ratio=1, action='SELL', exchange='SMART', openClose=0, shortSaleSlot=0, designatedLocation='', exemptCode=-1)]), order=LimitOrder(orderId=104403, clientId=34, action='BUY', totalQuantity=1, lmtPrice=0.87), orderStatus=OrderStatus(orderId=104403, status='Cancelled', filled=0.0, remaining=0.0, avgFillPrice=0.0, permId=0, parentId=0, lastFillPrice=0.0, clientId=0, whyHeld='', mktCapPrice=0.0), fills=[], log=[TradeLogEntry(time=datetime.datetime(2026, 8, 21, 13, 58, 49, 359536, tzinfo=datetime.timezone.utc), status='PendingSubmit', message='', errorCode=0), TradeLogEntry(time=datetime.datetime(2026, 8, 21, 13, 58, 49, 686128, tzinfo=datetime.timezone.utc), status='Cancelled', message='Error 10349, reqId 104403: Order TIF was set to DAY based on order preset.', errorCode=10349)], advancedError='')
Error 10349, reqId 104473: Order TIF was set to DAY based on order preset.
Canceled order: Trade(contract=Option(conId=853202560, symbol='SPY', lastTradeDateOrContractMonth='20260821', strike=765.0, right='C', multiplier='100', exchange='SMART', currency='USD', localSymbol='SPY   260821C00765000', tradingClass='SPY'), order=LimitOrder(orderId=104473, clientId=34, action='BUY', totalQuantity=1, lmtPrice=0.98), orderStatus=OrderStatus(orderId=104473, status='Cancelled', filled=0.0, remaining=0.0, avgFillPrice=0.0, permId=0, parentId=0, lastFillPrice=0.0, clientId=0, whyHeld='', mktCapPrice=0.0), fills=[], log=[TradeLogEntry(time=datetime.datetime(2026, 8, 21, 13, 59, 21, 117520, tzinfo=datetime.timezone.utc), status='PendingSubmit', message='', errorCode=0), TradeLogEntry(time=datetime.datetime(2026, 8, 21, 13, 59, 21, 117520, tzinfo=datetime.timezone.utc), status='Cancelled', message='Error 10349, reqId 104473: Order TIF was set to DAY based on order preset.', errorCode=10349)], advancedError='')
Error 10349, reqId 104511: Order TIF was set to DAY based on order preset.
Canceled order: Trade(contract=Option(conId=853202560, symbol='SPY', lastTradeDateOrContractMonth='20260821', strike=765.0, right='C', multiplier='100', exchange='SMART', currency='USD', localSymbol='SPY   260821C00765000', tradingClass='SPY'), order=LimitOrder(orderId=104511, clientId=34, action='SELL', totalQuantity=1, lmtPrice=1.0), orderStatus=OrderStatus(orderId=104511, status='Cancelled', filled=0.0, remaining=0.0, avgFillPrice=0.0, permId=0, parentId=0, lastFillPrice=0.0, clientId=0, whyHeld='', mktCapPrice=0.0), fills=[], log=[TradeLogEntry(time=datetime.datetime(2026, 8, 21, 13, 59, 27, 289402, tzinfo=datetime.timezone.utc), status='PendingSubmit', message='', errorCode=0), TradeLogEntry(time=datetime.datetime(2026, 8, 21, 13, 59, 27, 289402, tzinfo=datetime.timezone.utc), status='Cancelled', message='Error 10349, reqId 104511: Order TIF was set to DAY based on order preset.', errorCode=10349)], advancedError='')
Error 10349, reqId 104581: Order TIF was set to DAY based on order preset.
Canceled order: Trade(contract=Option(conId=909493813, symbol='SPY', lastTradeDateOrContractMonth='20260824', strike=765.0, right='C', multiplier='100', exchange='SMART', currency='USD', localSymbol='SPY   260824C00765000', tradingClass='SPY'), order=LimitOrder(orderId=104581, clientId=34, action='BUY', totalQuantity=1, lmtPrice=2.13), orderStatus=OrderStatus(orderId=104581, status='Cancelled', filled=0.0, remaining=0.0, avgFillPrice=0.0, permId=0, parentId=0, lastFillPrice=0.0, clientId=0, whyHeld='', mktCapPrice=0.0), fills=[], log=[TradeLogEntry(time=datetime.datetime(2026, 8, 21, 13, 59, 33, 33988, tzinfo=datetime.timezone.utc), status='PendingSubmit', message='', errorCode=0), TradeLogEntry(time=datetime.datetime(2026, 8, 21, 13, 59, 33, 41046, tzinfo=datetime.timezone.utc), status='Cancelled', message='Error 10349, reqId 104581: Order TIF was set to DAY based on order preset.', errorCode=10349)], advancedError='')
Error 10349, reqId 104619: Order TIF was set to DAY based on order preset.
Canceled order: Trade(contract=Option(conId=909493813, symbol='SPY', lastTradeDateOrContractMonth='20260824', strike=765.0, right='C', multiplier='100', exchange='SMART', currency='USD', localSymbol='SPY   260824C00765000', tradingClass='SPY'), order=LimitOrder(orderId=104619, clientId=34, action='SELL', totalQuantity=1, lmtPrice=2.09), orderStatus=OrderStatus(orderId=104619, status='Cancelled', filled=0.0, remaining=0.0, avgFillPrice=0.0, permId=0, parentId=0, lastFillPrice=0.0, clientId=0, whyHeld='', mktCapPrice=0.0), fills=[], log=[TradeLogEntry(time=datetime.datetime(2026, 8, 21, 13, 59, 38, 684235, tzinfo=datetime.timezone.utc), status='PendingSubmit', message='', errorCode=0), TradeLogEntry(time=datetime.datetime(2026, 8, 21, 13, 59, 38, 700804, tzinfo=datetime.timezone.utc), status='Cancelled', message='Error 10349, reqId 104619: Order TIF was set to DAY based on order preset.', errorCode=10349)], advancedError='')
Error 10349, reqId 104621: Order TIF was set to DAY based on order preset.
Canceled order: Trade(contract=Option(conId=909493813, symbol='SPY', lastTradeDateOrContractMonth='20260824', strike=765.0, right='C', multiplier='100', exchange='SMART', currency='USD', localSymbol='SPY   260824C00765000', tradingClass='SPY'), order=LimitOrder(orderId=104621, clientId=34, action='SELL', totalQuantity=1, lmtPrice=2.08), orderStatus=OrderStatus(orderId=104621, status='Cancelled', filled=0.0, remaining=0.0, avgFillPrice=0.0, permId=0, parentId=0, lastFillPrice=0.0, clientId=0, whyHeld='', mktCapPrice=0.0), fills=[], log=[TradeLogEntry(time=datetime.datetime(2026, 8, 21, 13, 59, 48, 334423, tzinfo=datetime.timezone.utc), status='PendingSubmit', message='', errorCode=0), TradeLogEntry(time=datetime.datetime(2026, 8, 21, 13, 59, 48, 344261, tzinfo=datetime.timezone.utc), status='Cancelled', message='Error 10349, reqId 104621: Order TIF was set to DAY based on order preset.', errorCode=10349)], advancedError='')
Error 10349, reqId 104623: Order TIF was set to DAY based on order preset.
Canceled order: Trade(contract=Option(conId=909493813, symbol='SPY', lastTradeDateOrContractMonth='20260824', strike=765.0, right='C', multiplier='100', exchange='SMART', currency='USD', localSymbol='SPY   260824C00765000', tradingClass='SPY'), order=LimitOrder(orderId=104623, clientId=34, action='SELL', totalQuantity=1, lmtPrice=2.07), orderStatus=OrderStatus(orderId=104623, status='Cancelled', filled=0.0, remaining=0.0, avgFillPrice=0.0, permId=0, parentId=0, lastFillPrice=0.0, clientId=0, whyHeld='', mktCapPrice=0.0), fills=[], log=[TradeLogEntry(time=datetime.datetime(2026, 8, 21, 13, 59, 56, 415337, tzinfo=datetime.timezone.utc), status='PendingSubmit', message='', errorCode=0), TradeLogEntry(time=datetime.datetime(2026, 8, 21, 13, 59, 56, 415337, tzinfo=datetime.timezone.utc), status='Cancelled', message='Error 10349, reqId 104623: Order TIF was set to DAY based on order preset.', errorCode=10349)], advancedError='')
Error 201, reqId 104623: Order rejected - reason:YOUR ORDER IS NOT ACCEPTED. THERE IS NOT ENOUGH EXCESS EQUITY TO SUPPORT ALL THE OUTSTANDING ORDERS ON THE <br>SAME UNDERLYING.
Canceled order: Trade(contract=Option(conId=909493813, symbol='SPY', lastTradeDateOrContractMonth='20260824', strike=765.0, right='C', multiplier='100', exchange='SMART', currency='USD', localSymbol='SPY   260824C00765000', tradingClass='SPY'), order=LimitOrder(orderId=104623, clientId=34, permId=229135456, action='SELL', totalQuantity=1.0, lmtPrice=2.07, auxPrice=0.0), orderStatus=OrderStatus(orderId=104623, status='Cancelled', filled=0.0, remaining=1.0, avgFillPrice=0.0, permId=229135456, parentId=0, lastFillPrice=0.0, clientId=34, whyHeld='', mktCapPrice=0.0), fills=[], log=[TradeLogEntry(time=datetime.datetime(2026, 8, 21, 13, 59, 56, 415337, tzinfo=datetime.timezone.utc), status='PendingSubmit', message='', errorCode=0), TradeLogEntry(time=datetime.datetime(2026, 8, 21, 13, 59, 56, 415337, tzinfo=datetime.timezone.utc), status='Cancelled', message='Error 10349, reqId 104623: Order TIF was set to DAY based on order preset.', errorCode=10349), TradeLogEntry(time=datetime.datetime(2026, 8, 21, 13, 59, 56, 500799, tzinfo=datetime.timezone.utc), status='Inactive', message='', errorCode=0), TradeLogEntry(time=datetime.datetime(2026, 8, 21, 13, 59, 56, 502815, tzinfo=datetime.timezone.utc), status='Cancelled', message='Error 201, reqId 104623: Order rejected - reason:YOUR ORDER IS NOT ACCEPTED. THERE IS NOT ENOUGH EXCESS EQUITY TO SUPPORT ALL THE OUTSTANDING ORDERS ON THE <br>SAME UNDERLYING.', errorCode=201)], advancedError='')
Error 10148, reqId 104623: OrderId 104623 that needs to be cancelled cannot be cancelled, state: Cancelled.
Error 10349, reqId 104625: Order TIF was set to DAY based on order preset.
Canceled order: Trade(contract=Option(conId=909493813, symbol='SPY', lastTradeDateOrContractMonth='20260824', strike=765.0, right='C', multiplier='100', exchange='SMART', currency='USD', localSymbol='SPY   260824C00765000', tradingClass='SPY'), order=MarketOrder(orderId=104625, clientId=34, action='SELL', totalQuantity=1), orderStatus=OrderStatus(orderId=104625, status='Cancelled', filled=0.0, remaining=0.0, avgFillPrice=0.0, permId=0, parentId=0, lastFillPrice=0.0, clientId=0, whyHeld='', mktCapPrice=0.0), fills=[], log=[TradeLogEntry(time=datetime.datetime(2026, 8, 21, 13, 59, 58, 462335, tzinfo=datetime.timezone.utc), status='PendingSubmit', message='', errorCode=0), TradeLogEntry(time=datetime.datetime(2026, 8, 21, 13, 59, 58, 462335, tzinfo=datetime.timezone.utc), status='Cancelled', message='Error 10349, reqId 104625: Order TIF was set to DAY based on order preset.', errorCode=10349)], advancedError='')
Error 10349, reqId 104627: Order TIF was set to DAY based on order preset.
Canceled order: Trade(contract=Option(conId=909493813, symbol='SPY', lastTradeDateOrContractMonth='20260824', strike=765.0, right='C', multiplier='100', exchange='SMART', currency='USD', localSymbol='SPY   260824C00765000', tradingClass='SPY'), order=MarketOrder(orderId=104627, clientId=34, action='SELL', totalQuantity=1), orderStatus=OrderStatus(orderId=104627, status='Cancelled', filled=0.0, remaining=0.0, avgFillPrice=0.0, permId=0, parentId=0, lastFillPrice=0.0, clientId=0, whyHeld='', mktCapPrice=0.0), fills=[], log=[TradeLogEntry(time=datetime.datetime(2026, 8, 21, 14, 0, 15, 198322, tzinfo=datetime.timezone.utc), status='PendingSubmit', message='', errorCode=0), TradeLogEntry(time=datetime.datetime(2026, 8, 21, 14, 0, 15, 201779, tzinfo=datetime.timezone.utc), status='Cancelled', message='Error 10349, reqId 104627: Order TIF was set to DAY based on order preset.', errorCode=10349)], advancedError='')
Error 201, reqId 104627: Order rejected - reason:We are unable to accept your order. Your Available Funds are in sufficient to cover the change in the <br>account's margin requirements if this order executes. In order to obtain the desired position your Equity with<br> Loan Value [14935.83 USD] must exceed the new total Initial Margin of  [15455.00 USD].
Canceled order: Trade(contract=Option(conId=909493813, symbol='SPY', lastTradeDateOrContractMonth='20260824', strike=765.0, right='C', multiplier='100', exchange='SMART', currency='USD', localSymbol='SPY   260824C00765000', tradingClass='SPY'), order=MarketOrder(orderId=104627, clientId=34, permId=229135458, action='SELL', totalQuantity=1.0, lmtPrice=2.13, auxPrice=0.0), orderStatus=OrderStatus(orderId=104627, status='Cancelled', filled=0.0, remaining=1.0, avgFillPrice=0.0, permId=229135458, parentId=0, lastFillPrice=0.0, clientId=34, whyHeld='', mktCapPrice=0.0), fills=[], log=[TradeLogEntry(time=datetime.datetime(2026, 8, 21, 14, 0, 15, 198322, tzinfo=datetime.timezone.utc), status='PendingSubmit', message='', errorCode=0), TradeLogEntry(time=datetime.datetime(2026, 8, 21, 14, 0, 15, 201779, tzinfo=datetime.timezone.utc), status='Cancelled', message='Error 10349, reqId 104627: Order TIF was set to DAY based on order preset.', errorCode=10349), TradeLogEntry(time=datetime.datetime(2026, 8, 21, 14, 0, 15, 284726, tzinfo=datetime.timezone.utc), status='Inactive', message='', errorCode=0), TradeLogEntry(time=datetime.datetime(2026, 8, 21, 14, 0, 15, 285142, tzinfo=datetime.timezone.utc), status='Cancelled', message="Error 201, reqId 104627: Order rejected - reason:We are unable to accept your order. Your Available Funds are in sufficient to cover the change in the <br>account's margin requirements if this order executes. In order to obtain the desired position your Equity with<br> Loan Value [14935.83 USD] must exceed the new total Initial Margin of  [15455.00 USD].", errorCode=201)], advancedError='')
2026-08-21 09:58:16 | DATA   | cadena 20260821: 34 contratos (ITM+OTM C/P) capturados y cancelados (spot 766.02)
════════════════════════════════════════════════════════════
🔔 2026-08-21 09:58:17 | ORDEN | COMPRA VERTICAL SPY C L=765/S=767 x1 débito<=0.60
════════════════════════════════════════════════════════════
2026-08-21 09:58:48 | DATA   | cadena 20260824: 34 contratos (ITM+OTM C/P) capturados y cancelados (spot 766.02)
════════════════════════════════════════════════════════════
🔔 2026-08-21 09:58:49 | ORDEN | COMPRA VERTICAL SPY C L=765/S=767 x1 débito<=0.87
════════════════════════════════════════════════════════════
2026-08-21 09:59:19 | DATA   | cadena 20260821: 34 contratos (ITM+OTM C/P) capturados y cancelados (spot 766.02)
════════════════════════════════════════════════════════════
🔔 2026-08-21 09:59:21 | ORDEN | COMPRA SINGLE SPY C 765 x1 <=0.98
════════════════════════════════════════════════════════════
2026-08-21 09:59:26 | DATA   | cadena 20260821: 18 contratos (ITM+OTM C/P) capturados y cancelados (spot 766.02)
2026-08-21 09:59:31 | DATA   | cadena 20260824: 34 contratos (ITM+OTM C/P) capturados y cancelados (spot 766.02)
════════════════════════════════════════════════════════════
🔔 2026-08-21 09:59:33 | ORDEN | COMPRA SINGLE SPY C 765 x1 <=2.13
════════════════════════════════════════════════════════════
2026-08-21 09:59:37 | DATA   | cadena 20260824: 18 contratos (ITM+OTM C/P) capturados y cancelados (spot 766.02)
════════════════════════════════════════════════════════════
🔔 2026-08-21 09:59:58 | ORDEN | CIERRE SPY C 765 x1 MERCADO
════════════════════════════════════════════════════════════
════════════════════════════════════════════════════════════
🔔 2026-08-21 10:00:15 | RIESGO | BAG no cerró (1 pata/s viva/s) — cierre por patas al MID
════════════════════════════════════════════════════════════
════════════════════════════════════════════════════════════
🔔 2026-08-21 10:00:15 | ORDEN | CIERRE MERCADO SPY C 765 x1
════════════════════════════════════════════════════════════
  ⚠️ venta no llenó (NO_LLENA) -> cerrado a mercado
  09:58:13 C a2 mny+1 | vert0DTE:NO_LLENA  vert3DTE:NO_LLENA  SGL 0DTE:Filled  SGL 3DTE:Filled
Error 10147, reqId 104627: OrderId 104627 that needs to be cancelled is not found.
Error 10349, reqId 104698: Order TIF was set to DAY based on order preset.
Canceled order: Trade(contract=Contract(secType='BAG', symbol='SPY', exchange='SMART', currency='USD', comboLegs=[ComboLeg(conId=885903264, ratio=1, action='BUY', exchange='SMART', openClose=0, shortSaleSlot=0, designatedLocation='', exemptCode=-1), ComboLeg(conId=853203317, ratio=1, action='SELL', exchange='SMART', openClose=0, shortSaleSlot=0, designatedLocation='', exemptCode=-1)]), order=LimitOrder(orderId=104698, clientId=34, action='BUY', totalQuantity=1, lmtPrice=1.32), orderStatus=OrderStatus(orderId=104698, status='Cancelled', filled=0.0, remaining=0.0, avgFillPrice=0.0, permId=0, parentId=0, lastFillPrice=0.0, clientId=0, whyHeld='', mktCapPrice=0.0), fills=[], log=[TradeLogEntry(time=datetime.datetime(2026, 8, 21, 14, 0, 28, 285400, tzinfo=datetime.timezone.utc), status='PendingSubmit', message='', errorCode=0), TradeLogEntry(time=datetime.datetime(2026, 8, 21, 14, 0, 28, 602766, tzinfo=datetime.timezone.utc), status='Cancelled', message='Error 10349, reqId 104698: Order TIF was set to DAY based on order preset.', errorCode=10349)], advancedError='')
Error 10349, reqId 104773: Order TIF was set to DAY based on order preset.
Canceled order: Trade(contract=Option(conId=853203317, symbol='SPY', lastTradeDateOrContractMonth='20260821', strike=765.0, right='P', multiplier='100', exchange='SMART', currency='USD', localSymbol='SPY   260821P00765000', tradingClass='SPY'), order=MarketOrder(orderId=104773, clientId=34, action='BUY', totalQuantity=1), orderStatus=OrderStatus(orderId=104773, status='Cancelled', filled=0.0, remaining=0.0, avgFillPrice=0.0, permId=0, parentId=0, lastFillPrice=0.0, clientId=0, whyHeld='', mktCapPrice=0.0), fills=[], log=[TradeLogEntry(time=datetime.datetime(2026, 8, 21, 14, 1, 0, 52533, tzinfo=datetime.timezone.utc), status='PendingSubmit', message='', errorCode=0), TradeLogEntry(time=datetime.datetime(2026, 8, 21, 14, 1, 0, 71916, tzinfo=datetime.timezone.utc), status='Cancelled', message='Error 10349, reqId 104773: Order TIF was set to DAY based on order preset.', errorCode=10349)], advancedError='')
Error 10349, reqId 104775: Order TIF was set to DAY based on order preset.
Canceled order: Trade(contract=Option(conId=885903264, symbol='SPY', lastTradeDateOrContractMonth='20260821', strike=767.0, right='P', multiplier='100', exchange='SMART', currency='USD', localSymbol='SPY   260821P00767000', tradingClass='SPY'), order=MarketOrder(orderId=104775, clientId=34, action='SELL', totalQuantity=1), orderStatus=OrderStatus(orderId=104775, status='Cancelled', filled=0.0, remaining=0.0, avgFillPrice=0.0, permId=0, parentId=0, lastFillPrice=0.0, clientId=0, whyHeld='', mktCapPrice=0.0), fills=[], log=[TradeLogEntry(time=datetime.datetime(2026, 8, 21, 14, 1, 9, 258797, tzinfo=datetime.timezone.utc), status='PendingSubmit', message='', errorCode=0), TradeLogEntry(time=datetime.datetime(2026, 8, 21, 14, 1, 10, 407675, tzinfo=datetime.timezone.utc), status='Cancelled', message='Error 10349, reqId 104775: Order TIF was set to DAY based on order preset.', errorCode=10349)], advancedError='')
Error 10349, reqId 104846: Order TIF was set to DAY based on order preset.
Canceled order: Trade(contract=Contract(secType='BAG', symbol='SPY', exchange='SMART', currency='USD', comboLegs=[ComboLeg(conId=909961766, ratio=1, action='BUY', exchange='SMART', openClose=0, shortSaleSlot=0, designatedLocation='', exemptCode=-1), ComboLeg(conId=909495114, ratio=1, action='SELL', exchange='SMART', openClose=0, shortSaleSlot=0, designatedLocation='', exemptCode=-1)]), order=LimitOrder(orderId=104846, clientId=34, action='BUY', totalQuantity=1, lmtPrice=1.06), orderStatus=OrderStatus(orderId=104846, status='Cancelled', filled=0.0, remaining=0.0, avgFillPrice=0.0, permId=0, parentId=0, lastFillPrice=0.0, clientId=0, whyHeld='', mktCapPrice=0.0), fills=[], log=[TradeLogEntry(time=datetime.datetime(2026, 8, 21, 14, 1, 21, 954660, tzinfo=datetime.timezone.utc), status='PendingSubmit', message='', errorCode=0), TradeLogEntry(time=datetime.datetime(2026, 8, 21, 14, 1, 22, 281338, tzinfo=datetime.timezone.utc), status='Cancelled', message='Error 10349, reqId 104846: Order TIF was set to DAY based on order preset.', errorCode=10349)], advancedError='')
Error 10349, reqId 104916: Order TIF was set to DAY based on order preset.
Canceled order: Trade(contract=Option(conId=885903264, symbol='SPY', lastTradeDateOrContractMonth='20260821', strike=767.0, right='P', multiplier='100', exchange='SMART', currency='USD', localSymbol='SPY   260821P00767000', tradingClass='SPY'), order=LimitOrder(orderId=104916, clientId=34, action='BUY', totalQuantity=1, lmtPrice=2.54), orderStatus=OrderStatus(orderId=104916, status='Cancelled', filled=0.0, remaining=0.0, avgFillPrice=0.0, permId=0, parentId=0, lastFillPrice=0.0, clientId=0, whyHeld='', mktCapPrice=0.0), fills=[], log=[TradeLogEntry(time=datetime.datetime(2026, 8, 21, 14, 1, 53, 516698, tzinfo=datetime.timezone.utc), status='PendingSubmit', message='', errorCode=0), TradeLogEntry(time=datetime.datetime(2026, 8, 21, 14, 1, 53, 534659, tzinfo=datetime.timezone.utc), status='Cancelled', message='Error 10349, reqId 104916: Order TIF was set to DAY based on order preset.', errorCode=10349)], advancedError='')
Error 10349, reqId 104954: Order TIF was set to DAY based on order preset.
Canceled order: Trade(contract=Option(conId=885903264, symbol='SPY', lastTradeDateOrContractMonth='20260821', strike=767.0, right='P', multiplier='100', exchange='SMART', currency='USD', localSymbol='SPY   260821P00767000', tradingClass='SPY'), order=LimitOrder(orderId=104954, clientId=34, action='SELL', totalQuantity=1, lmtPrice=2.52), orderStatus=OrderStatus(orderId=104954, status='Cancelled', filled=0.0, remaining=0.0, avgFillPrice=0.0, permId=0, parentId=0, lastFillPrice=0.0, clientId=0, whyHeld='', mktCapPrice=0.0), fills=[], log=[TradeLogEntry(time=datetime.datetime(2026, 8, 21, 14, 2, 0, 62420, tzinfo=datetime.timezone.utc), status='PendingSubmit', message='', errorCode=0), TradeLogEntry(time=datetime.datetime(2026, 8, 21, 14, 2, 0, 68396, tzinfo=datetime.timezone.utc), status='Cancelled', message='Error 10349, reqId 104954: Order TIF was set to DAY based on order preset.', errorCode=10349)], advancedError='')
Error 10349, reqId 105024: Order TIF was set to DAY based on order preset.
Canceled order: Trade(contract=Option(conId=909961766, symbol='SPY', lastTradeDateOrContractMonth='20260824', strike=767.0, right='P', multiplier='100', exchange='SMART', currency='USD', localSymbol='SPY   260824P00767000', tradingClass='SPY'), order=LimitOrder(orderId=105024, clientId=34, action='BUY', totalQuantity=1, lmtPrice=3.35), orderStatus=OrderStatus(orderId=105024, status='Cancelled', filled=0.0, remaining=0.0, avgFillPrice=0.0, permId=0, parentId=0, lastFillPrice=0.0, clientId=0, whyHeld='', mktCapPrice=0.0), fills=[], log=[TradeLogEntry(time=datetime.datetime(2026, 8, 21, 14, 2, 5, 496162, tzinfo=datetime.timezone.utc), status='PendingSubmit', message='', errorCode=0), TradeLogEntry(time=datetime.datetime(2026, 8, 21, 14, 2, 6, 641978, tzinfo=datetime.timezone.utc), status='Cancelled', message='Error 10349, reqId 105024: Order TIF was set to DAY based on order preset.', errorCode=10349)], advancedError='')
Error 10349, reqId 105062: Order TIF was set to DAY based on order preset.
Canceled order: Trade(contract=Option(conId=909961766, symbol='SPY', lastTradeDateOrContractMonth='20260824', strike=767.0, right='P', multiplier='100', exchange='SMART', currency='USD', localSymbol='SPY   260824P00767000', tradingClass='SPY'), order=LimitOrder(orderId=105062, clientId=34, action='SELL', totalQuantity=1, lmtPrice=3.36), orderStatus=OrderStatus(orderId=105062, status='Cancelled', filled=0.0, remaining=0.0, avgFillPrice=0.0, permId=0, parentId=0, lastFillPrice=0.0, clientId=0, whyHeld='', mktCapPrice=0.0), fills=[], log=[TradeLogEntry(time=datetime.datetime(2026, 8, 21, 14, 2, 12, 55415, tzinfo=datetime.timezone.utc), status='PendingSubmit', message='', errorCode=0), TradeLogEntry(time=datetime.datetime(2026, 8, 21, 14, 2, 12, 55415, tzinfo=datetime.timezone.utc), status='Cancelled', message='Error 10349, reqId 105062: Order TIF was set to DAY based on order preset.', errorCode=10349)], advancedError='')
Error 10349, reqId 105064: Order TIF was set to DAY based on order preset.
Canceled order: Trade(contract=Option(conId=909961766, symbol='SPY', lastTradeDateOrContractMonth='20260824', strike=767.0, right='P', multiplier='100', exchange='SMART', currency='USD', localSymbol='SPY   260824P00767000', tradingClass='SPY'), order=LimitOrder(orderId=105064, clientId=34, action='SELL', totalQuantity=1, lmtPrice=3.35), orderStatus=OrderStatus(orderId=105064, status='Cancelled', filled=0.0, remaining=0.0, avgFillPrice=0.0, permId=0, parentId=0, lastFillPrice=0.0, clientId=0, whyHeld='', mktCapPrice=0.0), fills=[], log=[TradeLogEntry(time=datetime.datetime(2026, 8, 21, 14, 2, 21, 676884, tzinfo=datetime.timezone.utc), status='PendingSubmit', message='', errorCode=0), TradeLogEntry(time=datetime.datetime(2026, 8, 21, 14, 2, 21, 692768, tzinfo=datetime.timezone.utc), status='Cancelled', message='Error 10349, reqId 105064: Order TIF was set to DAY based on order preset.', errorCode=10349)], advancedError='')
2026-08-21 10:00:26 | DATA   | cadena 20260821: 34 contratos (ITM+OTM C/P) capturados y cancelados (spot 766.02)
════════════════════════════════════════════════════════════
🔔 2026-08-21 10:00:28 | ORDEN | COMPRA VERTICAL SPY P L=767/S=765 x1 débito<=1.32
════════════════════════════════════════════════════════════
2026-08-21 10:00:55 | DATA   | cadena 20260821: 34 contratos (ITM+OTM C/P) capturados y cancelados (spot 766.02)
════════════════════════════════════════════════════════════
🔔 2026-08-21 10:01:00 | RIESGO | BAG no cerró (2 pata/s viva/s) — cierre por patas al MID
════════════════════════════════════════════════════════════
════════════════════════════════════════════════════════════
🔔 2026-08-21 10:01:00 | ORDEN | CIERRE MERCADO SPY P 765 x1
════════════════════════════════════════════════════════════
════════════════════════════════════════════════════════════
🔔 2026-08-21 10:01:09 | ORDEN | CIERRE MERCADO SPY P 767 x1
════════════════════════════════════════════════════════════
2026-08-21 10:01:20 | DATA   | cadena 20260824: 34 contratos (ITM+OTM C/P) capturados y cancelados (spot 766.02)
════════════════════════════════════════════════════════════
🔔 2026-08-21 10:01:21 | ORDEN | COMPRA VERTICAL SPY P L=767/S=765 x1 débito<=1.06
════════════════════════════════════════════════════════════
2026-08-21 10:01:52 | DATA   | cadena 20260821: 34 contratos (ITM+OTM C/P) capturados y cancelados (spot 766.02)
════════════════════════════════════════════════════════════
🔔 2026-08-21 10:01:53 | ORDEN | COMPRA SINGLE SPY P 767 x1 <=2.54
════════════════════════════════════════════════════════════
2026-08-21 10:01:58 | DATA   | cadena 20260821: 18 contratos (ITM+OTM C/P) capturados y cancelados (spot 766.02)
2026-08-21 10:02:03 | DATA   | cadena 20260824: 34 contratos (ITM+OTM C/P) capturados y cancelados (spot 766.02)
════════════════════════════════════════════════════════════
🔔 2026-08-21 10:02:05 | ORDEN | COMPRA SINGLE SPY P 767 x1 <=3.35
════════════════════════════════════════════════════════════
2026-08-21 10:02:10 | DATA   | cadena 20260824: 18 contratos (ITM+OTM C/P) capturados y cancelados (spot 766.02)
  10:00:23 P a2 mny+1 | vert0DTE:Filled  vert3DTE:NO_LLENA  SGL 0DTE:Filled  SGL 3DTE:Filled
Error 10349, reqId 105135: Order TIF was set to DAY based on order preset.
Canceled order: Trade(contract=Contract(secType='BAG', symbol='SPY', exchange='SMART', currency='USD', comboLegs=[ComboLeg(conId=853202560, ratio=1, action='BUY', exchange='SMART', openClose=0, shortSaleSlot=0, designatedLocation='', exemptCode=-1), ComboLeg(conId=885901654, ratio=1, action='SELL', exchange='SMART', openClose=0, shortSaleSlot=0, designatedLocation='', exemptCode=-1)]), order=LimitOrder(orderId=105135, clientId=34, action='BUY', totalQuantity=1, lmtPrice=0.9), orderStatus=OrderStatus(orderId=105135, status='Cancelled', filled=0.0, remaining=0.0, avgFillPrice=0.0, permId=0, parentId=0, lastFillPrice=0.0, clientId=0, whyHeld='', mktCapPrice=0.0), fills=[], log=[TradeLogEntry(time=datetime.datetime(2026, 8, 21, 14, 2, 28, 46930, tzinfo=datetime.timezone.utc), status='PendingSubmit', message='', errorCode=0), TradeLogEntry(time=datetime.datetime(2026, 8, 21, 14, 2, 28, 434049, tzinfo=datetime.timezone.utc), status='Cancelled', message='Error 10349, reqId 105135: Order TIF was set to DAY based on order preset.', errorCode=10349)], advancedError='')
Error 10349, reqId 105210: Order TIF was set to DAY based on order preset.
Canceled order: Trade(contract=Option(conId=885901654, symbol='SPY', lastTradeDateOrContractMonth='20260821', strike=769.0, right='C', multiplier='100', exchange='SMART', currency='USD', localSymbol='SPY   260821C00769000', tradingClass='SPY'), order=MarketOrder(orderId=105210, clientId=34, action='BUY', totalQuantity=1), orderStatus=OrderStatus(orderId=105210, status='Cancelled', filled=0.0, remaining=0.0, avgFillPrice=0.0, permId=0, parentId=0, lastFillPrice=0.0, clientId=0, whyHeld='', mktCapPrice=0.0), fills=[], log=[TradeLogEntry(time=datetime.datetime(2026, 8, 21, 14, 3, 1, 457245, tzinfo=datetime.timezone.utc), status='PendingSubmit', message='', errorCode=0), TradeLogEntry(time=datetime.datetime(2026, 8, 21, 14, 3, 1, 474980, tzinfo=datetime.timezone.utc), status='Cancelled', message='Error 10349, reqId 105210: Order TIF was set to DAY based on order preset.', errorCode=10349)], advancedError='')
Error 10349, reqId 105212: Order TIF was set to DAY based on order preset.
Canceled order: Trade(contract=Option(conId=853202560, symbol='SPY', lastTradeDateOrContractMonth='20260821', strike=765.0, right='C', multiplier='100', exchange='SMART', currency='USD', localSymbol='SPY   260821C00765000', tradingClass='SPY'), order=MarketOrder(orderId=105212, clientId=34, action='SELL', totalQuantity=1), orderStatus=OrderStatus(orderId=105212, status='Cancelled', filled=0.0, remaining=0.0, avgFillPrice=0.0, permId=0, parentId=0, lastFillPrice=0.0, clientId=0, whyHeld='', mktCapPrice=0.0), fills=[], log=[TradeLogEntry(time=datetime.datetime(2026, 8, 21, 14, 3, 9, 964176, tzinfo=datetime.timezone.utc), status='PendingSubmit', message='', errorCode=0), TradeLogEntry(time=datetime.datetime(2026, 8, 21, 14, 3, 10, 987153, tzinfo=datetime.timezone.utc), status='Cancelled', message='Error 10349, reqId 105212: Order TIF was set to DAY based on order preset.', errorCode=10349)], advancedError='')
Error 10349, reqId 105283: Order TIF was set to DAY based on order preset.
Canceled order: Trade(contract=Contract(secType='BAG', symbol='SPY', exchange='SMART', currency='USD', comboLegs=[ComboLeg(conId=909493813, ratio=1, action='BUY', exchange='SMART', openClose=0, shortSaleSlot=0, designatedLocation='', exemptCode=-1), ComboLeg(conId=909958742, ratio=1, action='SELL', exchange='SMART', openClose=0, shortSaleSlot=0, designatedLocation='', exemptCode=-1)]), order=LimitOrder(orderId=105283, clientId=34, action='BUY', totalQuantity=1, lmtPrice=1.52), orderStatus=OrderStatus(orderId=105283, status='Cancelled', filled=0.0, remaining=0.0, avgFillPrice=0.0, permId=0, parentId=0, lastFillPrice=0.0, clientId=0, whyHeld='', mktCapPrice=0.0), fills=[], log=[TradeLogEntry(time=datetime.datetime(2026, 8, 21, 14, 3, 22, 706586, tzinfo=datetime.timezone.utc), status='PendingSubmit', message='', errorCode=0), TradeLogEntry(time=datetime.datetime(2026, 8, 21, 14, 3, 23, 100006, tzinfo=datetime.timezone.utc), status='Cancelled', message='Error 10349, reqId 105283: Order TIF was set to DAY based on order preset.', errorCode=10349)], advancedError='')
Error 10349, reqId 105358: Order TIF was set to DAY based on order preset.
Canceled order: Trade(contract=Option(conId=909958742, symbol='SPY', lastTradeDateOrContractMonth='20260824', strike=769.0, right='C', multiplier='100', exchange='SMART', currency='USD', localSymbol='SPY   260824C00769000', tradingClass='SPY'), order=MarketOrder(orderId=105358, clientId=34, action='BUY', totalQuantity=1), orderStatus=OrderStatus(orderId=105358, status='Cancelled', filled=0.0, remaining=0.0, avgFillPrice=0.0, permId=0, parentId=0, lastFillPrice=0.0, clientId=0, whyHeld='', mktCapPrice=0.0), fills=[], log=[TradeLogEntry(time=datetime.datetime(2026, 8, 21, 14, 3, 36, 173417, tzinfo=datetime.timezone.utc), status='PendingSubmit', message='', errorCode=0), TradeLogEntry(time=datetime.datetime(2026, 8, 21, 14, 3, 36, 190251, tzinfo=datetime.timezone.utc), status='Cancelled', message='Error 10349, reqId 105358: Order TIF was set to DAY based on order preset.', errorCode=10349)], advancedError='')
Error 10349, reqId 105360: Order TIF was set to DAY based on order preset.
Canceled order: Trade(contract=Option(conId=909493813, symbol='SPY', lastTradeDateOrContractMonth='20260824', strike=765.0, right='C', multiplier='100', exchange='SMART', currency='USD', localSymbol='SPY   260824C00765000', tradingClass='SPY'), order=MarketOrder(orderId=105360, clientId=34, action='SELL', totalQuantity=1), orderStatus=OrderStatus(orderId=105360, status='Cancelled', filled=0.0, remaining=0.0, avgFillPrice=0.0, permId=0, parentId=0, lastFillPrice=0.0, clientId=0, whyHeld='', mktCapPrice=0.0), fills=[], log=[TradeLogEntry(time=datetime.datetime(2026, 8, 21, 14, 3, 44, 265079, tzinfo=datetime.timezone.utc), status='PendingSubmit', message='', errorCode=0), TradeLogEntry(time=datetime.datetime(2026, 8, 21, 14, 3, 44, 269115, tzinfo=datetime.timezone.utc), status='Cancelled', message='Error 10349, reqId 105360: Order TIF was set to DAY based on order preset.', errorCode=10349)], advancedError='')
2026-08-21 10:02:26 | DATA   | cadena 20260821: 34 contratos (ITM+OTM C/P) capturados y cancelados (spot 766.02)
════════════════════════════════════════════════════════════
🔔 2026-08-21 10:02:28 | ORDEN | COMPRA VERTICAL SPY C L=765/S=769 x1 débito<=0.90
════════════════════════════════════════════════════════════
2026-08-21 10:02:57 | DATA   | cadena 20260821: 34 contratos (ITM+OTM C/P) capturados y cancelados (spot 766.02)
════════════════════════════════════════════════════════════
🔔 2026-08-21 10:03:01 | RIESGO | BAG no cerró (2 pata/s viva/s) — cierre por patas al MID
════════════════════════════════════════════════════════════
════════════════════════════════════════════════════════════
🔔 2026-08-21 10:03:01 | ORDEN | CIERRE MERCADO SPY C 769 x1
════════════════════════════════════════════════════════════
════════════════════════════════════════════════════════════
🔔 2026-08-21 10:03:09 | ORDEN | CIERRE MERCADO SPY C 765 x1
════════════════════════════════════════════════════════════
2026-08-21 10:03:21 | DATA   | cadena 20260824: 34 contratos (ITM+OTM C/P) capturados y cancelados (spot 766.02)
════════════════════════════════════════════════════════════
🔔 2026-08-21 10:03:22 | ORDEN | COMPRA VERTICAL SPY C L=765/S=769 x1 débito<=1.52
════════════════════════════════════════════════════════════
2026-08-21 10:03:32 | DATA   | cadena 20260824: 34 contratos (ITM+OTM C/P) capturados y cancelados (spot 766.02)
════════════════════════════════════════════════════════════
🔔 2026-08-21 10:03:36 | RIESGO | BAG no cerró (2 pata/s viva/s) — cierre por patas al MID
════════════════════════════════════════════════════════════
════════════════════════════════════════════════════════════
🔔 2026-08-21 10:03:36 | ORDEN | CIERRE MERCADO SPY C 769 x1
════════════════════════════════════════════════════════════
════════════════════════════════════════════════════════════
🔔 2026-08-21 10:03:44 | ORDEN | CIERRE MERCADO SPY C 765 x1
════════════════════════════════════════════════════════════
  10:02:23 C a4 mny+1 | vert0DTE:Filled  vert3DTE:Filled
Error 10349, reqId 105431: Order TIF was set to DAY based on order preset.
Canceled order: Trade(contract=Contract(secType='BAG', symbol='SPY', exchange='SMART', currency='USD', comboLegs=[ComboLeg(conId=885903264, ratio=1, action='BUY', exchange='SMART', openClose=0, shortSaleSlot=0, designatedLocation='', exemptCode=-1), ComboLeg(conId=885903218, ratio=1, action='SELL', exchange='SMART', openClose=0, shortSaleSlot=0, designatedLocation='', exemptCode=-1)]), order=LimitOrder(orderId=105431, clientId=34, action='BUY', totalQuantity=1, lmtPrice=2.05), orderStatus=OrderStatus(orderId=105431, status='Cancelled', filled=0.0, remaining=0.0, avgFillPrice=0.0, permId=0, parentId=0, lastFillPrice=0.0, clientId=0, whyHeld='', mktCapPrice=0.0), fills=[], log=[TradeLogEntry(time=datetime.datetime(2026, 8, 21, 14, 3, 57, 157559, tzinfo=datetime.timezone.utc), status='PendingSubmit', message='', errorCode=0), TradeLogEntry(time=datetime.datetime(2026, 8, 21, 14, 3, 57, 500781, tzinfo=datetime.timezone.utc), status='Cancelled', message='Error 10349, reqId 105431: Order TIF was set to DAY based on order preset.', errorCode=10349)], advancedError='')
Error 10349, reqId 105506: Order TIF was set to DAY based on order preset.
Canceled order: Trade(contract=Option(conId=885903218, symbol='SPY', lastTradeDateOrContractMonth='20260821', strike=763.0, right='P', multiplier='100', exchange='SMART', currency='USD', localSymbol='SPY   260821P00763000', tradingClass='SPY'), order=MarketOrder(orderId=105506, clientId=34, action='BUY', totalQuantity=1), orderStatus=OrderStatus(orderId=105506, status='Cancelled', filled=0.0, remaining=0.0, avgFillPrice=0.0, permId=0, parentId=0, lastFillPrice=0.0, clientId=0, whyHeld='', mktCapPrice=0.0), fills=[], log=[TradeLogEntry(time=datetime.datetime(2026, 8, 21, 14, 4, 13, 358674, tzinfo=datetime.timezone.utc), status='PendingSubmit', message='', errorCode=0), TradeLogEntry(time=datetime.datetime(2026, 8, 21, 14, 4, 13, 364672, tzinfo=datetime.timezone.utc), status='Cancelled', message='Error 10349, reqId 105506: Order TIF was set to DAY based on order preset.', errorCode=10349)], advancedError='')
Error 10349, reqId 105508: Order TIF was set to DAY based on order preset.
Canceled order: Trade(contract=Option(conId=885903264, symbol='SPY', lastTradeDateOrContractMonth='20260821', strike=767.0, right='P', multiplier='100', exchange='SMART', currency='USD', localSymbol='SPY   260821P00767000', tradingClass='SPY'), order=MarketOrder(orderId=105508, clientId=34, action='SELL', totalQuantity=1), orderStatus=OrderStatus(orderId=105508, status='Cancelled', filled=0.0, remaining=0.0, avgFillPrice=0.0, permId=0, parentId=0, lastFillPrice=0.0, clientId=0, whyHeld='', mktCapPrice=0.0), fills=[], log=[TradeLogEntry(time=datetime.datetime(2026, 8, 21, 14, 4, 21, 422424, tzinfo=datetime.timezone.utc), status='PendingSubmit', message='', errorCode=0), TradeLogEntry(time=datetime.datetime(2026, 8, 21, 14, 4, 21, 434472, tzinfo=datetime.timezone.utc), status='Cancelled', message='Error 10349, reqId 105508: Order TIF was set to DAY based on order preset.', errorCode=10349)], advancedError='')
Error 10349, reqId 105579: Order TIF was set to DAY based on or