2026-08-20 13:29:44 | DATA   | IBKR conectando a 127.0.0.1:4002 clientId=34
════════════════════════════════════════════════════════════
🔔 2026-08-20 13:29:45 | IBKR | IBKR conectado (paper 4002)
════════════════════════════════════════════════════════════
BARRIDO EXHAUSTIVO | paciencia 20s | 60 combinaciones/pasada | saldo 711.39


═══ PASADA 1 — 13:29 ═══
2026-08-20 13:29:50 | DATA   | cadena 20260820: 98 contratos (ITM+OTM C/P) capturados y cancelados (spot 764.79)
2026-08-20 13:29:57 | DATA   | cadena 20260820: 98 contratos (ITM+OTM C/P) capturados y cancelados (spot 764.79)
════════════════════════════════════════════════════════════
🔔 2026-08-20 13:30:04 | ORDEN | COMPRA VERTICAL SPY P L=760/S=758 x1 débito<=0.01
════════════════════════════════════════════════════════════
  13:29:57 P a2 mny -5 -> NO_LLENA    (mid 0.020, spr 100.0%)
════════════════════════════════════════════════════════════
🔔 2026-08-20 13:30:28 | ORDEN | COMPRA VERTICAL SPY P L=760/S=757 x1 débito<=0.02
════════════════════════════════════════════════════════════
  13:30:26 P a3 mny -5 -> NO_LLENA    (mid 0.020, spr 100.0%)
════════════════════════════════════════════════════════════
🔔 2026-08-20 13:30:53 | ORDEN | COMPRA VERTICAL SPY P L=760/S=756 x1 débito<=0.02
════════════════════════════════════════════════════════════
  13:30:50 P a4 mny -5 -> NO_LLENA    (mid 0.020, spr 100.0%)
════════════════════════════════════════════════════════════
🔔 2026-08-20 13:31:18 | ORDEN | COMPRA VERTICAL SPY P L=762/S=760 x1 débito<=0.07
════════════════════════════════════════════════════════════
2026-08-20 13:31:37 | DATA   | cadena 20260820: 14 contratos (ITM+OTM C/P) capturados y cancelados (spot 764.79)
════════════════════════════════════════════════════════════
🔔 2026-08-20 13:31:41 | RIESGO | BAG no cerró (2 pata/s viva/s) — cierre por patas al MID
════════════════════════════════════════════════════════════
════════════════════════════════════════════════════════════
🔔 2026-08-20 13:31:41 | ORDEN | CIERRE MERCADO SPY P 760 x1
════════════════════════════════════════════════════════════
════════════════════════════════════════════════════════════
🔔 2026-08-20 13:31:49 | ORDEN | CIERRE MERCADO SPY P 762 x1
════════════════════════════════════════════════════════════
  13:31:15 P a2 mny -3 -> C 0.070 en 15.7s (+0.0%) | V 0.050 en 16.2s FORZ | -2.0$
════════════════════════════════════════════════════════════
🔔 2026-08-20 13:32:00 | ORDEN | COMPRA VERTICAL SPY P L=762/S=759 x1 débito<=0.07
════════════════════════════════════════════════════════════
  13:31:57 P a3 mny -3 -> NO_LLENA    (mid 0.080, spr 25.0%)
════════════════════════════════════════════════════════════
🔔 2026-08-20 13:32:24 | ORDEN | COMPRA VERTICAL SPY P L=762/S=758 x1 débito<=0.08
════════════════════════════════════════════════════════════
  13:32:21 P a4 mny -3 -> NO_LLENA    (mid 0.090, spr 22.2%)
2026-08-20 13:32:51 | DATA   | cadena 20260820: 98 contratos (ITM+OTM C/P) capturados y cancelados (spot 764.85)
2026-08-20 13:32:59 | DATA   | cadena 20260820: 98 contratos (ITM+OTM C/P) capturados y cancelados (spot 764.85)
════════════════════════════════════════════════════════════
🔔 2026-08-20 13:33:05 | ORDEN | COMPRA VERTICAL SPY P L=763/S=761 x1 débito<=0.15
════════════════════════════════════════════════════════════
2026-08-20 13:33:14 | DATA   | cadena 20260820: 14 contratos (ITM+OTM C/P) capturados y cancelados (spot 764.85)
════════════════════════════════════════════════════════════
🔔 2026-08-20 13:33:18 | RIESGO | BAG no cerró (2 pata/s viva/s) — cierre por patas al MID
════════════════════════════════════════════════════════════
════════════════════════════════════════════════════════════
🔔 2026-08-20 13:33:18 | ORDEN | CIERRE MERCADO SPY P 761 x1
════════════════════════════════════════════════════════════
════════════════════════════════════════════════════════════
🔔 2026-08-20 13:33:26 | ORDEN | CIERRE MERCADO SPY P 763 x1
════════════════════════════════════════════════════════════
  13:32:59 P a2 mny -2 -> C 0.150 en  5.1s (-0.0%) | V 0.130 en 16.1s FORZ | -2.0$
════════════════════════════════════════════════════════════
🔔 2026-08-20 13:33:37 | ORDEN | COMPRA VERTICAL SPY P L=763/S=760 x1 débito<=0.17
════════════════════════════════════════════════════════════
  13:33:34 P a3 mny -2 -> NO_LLENA    (mid 0.170, spr 11.8%)
════════════════════════════════════════════════════════════
🔔 2026-08-20 13:34:03 | ORDEN | COMPRA VERTICAL SPY P L=763/S=759 x1 débito<=0.19
════════════════════════════════════════════════════════════
  13:33:59 P a4 mny -2 -> NO_LLENA    (mid 0.180, spr 11.1%)
════════════════════════════════════════════════════════════
🔔 2026-08-20 13:34:27 | ORDEN | COMPRA VERTICAL SPY C L=761/S=763 x1 débito<=1.85
════════════════════════════════════════════════════════════
2026-08-20 13:34:51 | DATA   | cadena 20260820: 14 contratos (ITM+OTM C/P) capturados y cancelados (spot 764.85)
════════════════════════════════════════════════════════════
🔔 2026-08-20 13:34:55 | RIESGO | BAG no cerró (2 pata/s viva/s) — cierre por patas al MID
════════════════════════════════════════════════════════════
════════════════════════════════════════════════════════════
🔔 2026-08-20 13:34:55 | ORDEN | CIERRE MERCADO SPY C 763 x1
════════════════════════════════════════════════════════════
════════════════════════════════════════════════════════════
🔔 2026-08-20 13:35:04 | ORDEN | CIERRE MERCADO SPY C 761 x1
════════════════════════════════════════════════════════════
  13:34:25 C a2 mny +4 -> C 1.850 en 19.7s (+1.1%) | V 1.770 en 17.2s FORZ | -8.0$
════════════════════════════════════════════════════════════
🔔 2026-08-20 13:35:15 | ORDEN | COMPRA VERTICAL SPY C L=760/S=762 x1 débito<=1.90
════════════════════════════════════════════════════════════
  13:35:12 C a2 mny +5 -> NO_LLENA    (mid 1.910, spr 8.4%)
════════════════════════════════════════════════════════════
🔔 2026-08-20 13:35:39 | ORDEN | COMPRA VERTICAL SPY C L=760/S=763 x1 débito<=2.83
════════════════════════════════════════════════════════════
  13:35:37 C a3 mny +5 -> NO_LLENA    (mid 2.800, spr 5.7%)
2026-08-20 13:36:08 | DATA   | cadena 20260820: 98 contratos (ITM+OTM C/P) capturados y cancelados (spot 764.65)
2026-08-20 13:36:15 | DATA   | cadena 20260820: 98 contratos (ITM+OTM C/P) capturados y cancelados (spot 764.65)
════════════════════════════════════════════════════════════
🔔 2026-08-20 13:36:21 | ORDEN | COMPRA VERTICAL SPY C L=760/S=764 x1 débito<=3.60
════════════════════════════════════════════════════════════
  13:36:15 C a4 mny +5 -> NO_LLENA    (mid 3.580, spr 3.4%)
  -> pasada 1: 13 pruebas

═══ PASADA 2 — 13:36 ═══
2026-08-20 13:36:48 | DATA   | cadena 20260820: 98 contratos (ITM+OTM C/P) capturados y cancelados (spot 764.65)
2026-08-20 13:36:55 | DATA   | cadena 20260820: 98 contratos (ITM+OTM C/P) capturados y cancelados (spot 764.65)
════════════════════════════════════════════════════════════
🔔 2026-08-20 13:37:01 | ORDEN | COMPRA VERTICAL SPY P L=760/S=758 x1 débito<=0.01
════════════════════════════════════════════════════════════
  13:36:55 P a2 mny -5 -> NO_LLENA    (mid 0.020, spr 100.0%)
════════════════════════════════════════════════════════════
🔔 2026-08-20 13:37:26 | ORDEN | COMPRA VERTICAL SPY P L=760/S=757 x1 débito<=0.02
════════════════════════════════════════════════════════════
  13:37:23 P a3 mny -5 -> NO_LLENA    (mid 0.020, spr 100.0%)
════════════════════════════════════════════════════════════
🔔 2026-08-20 13:37:51 | ORDEN | COMPRA VERTICAL SPY P L=760/S=756 x1 débito<=0.03
════════════════════════════════════════════════════════════
  13:37:48 P a4 mny -5 -> NO_LLENA    (mid 0.020, spr 100.0%)
════════════════════════════════════════════════════════════
🔔 2026-08-20 13:38:15 | ORDEN | COMPRA VERTICAL SPY P L=762/S=760 x1 débito<=0.10
════════════════════════════════════════════════════════════
  13:38:12 P a2 mny -3 -> NO_LLENA    (mid 0.080, spr 25.0%)
════════════════════════════════════════════════════════════
🔔 2026-08-20 13:38:40 | ORDEN | COMPRA VERTICAL SPY P L=762/S=759 x1 débito<=0.12
════════════════════════════════════════════════════════════
2026-08-20 13:38:47 | DATA   | cadena 20260820: 14 contratos (ITM+OTM C/P) capturados y cancelados (spot 764.65)
════════════════════════════════════════════════════════════
🔔 2026-08-20 13:38:50 | RIESGO | BAG no cerró (2 pata/s viva/s) — cierre por patas al MID
════════════════════════════════════════════════════════════
════════════════════════════════════════════════════════════
🔔 2026-08-20 13:38:50 | ORDEN | CIERRE MERCADO SPY P 759 x1
════════════════════════════════════════════════════════════
════════════════════════════════════════════════════════════
🔔 2026-08-20 13:38:58 | ORDEN | CIERRE MERCADO SPY P 762 x1
════════════════════════════════════════════════════════════
  13:38:37 P a3 mny -3 -> C 0.120 en  3.0s (+33.3%) | V 0.090 en 16.1s FORZ | -3.0$
════════════════════════════════════════════════════════════
🔔 2026-08-20 13:39:11 | ORDEN | COMPRA VERTICAL SPY P L=762/S=758 x1 débito<=0.10
════════════════════════════════════════════════════════════
2026-08-20 13:39:18 | DATA   | cadena 20260820: 14 contratos (ITM+OTM C/P) capturados y cancelados (spot 764.65)
════════════════════════════════════════════════════════════
🔔 2026-08-20 13:39:22 | RIESGO | BAG no cerró (2 pata/s viva/s) — cierre por patas al MID
════════════════════════════════════════════════════════════
════════════════════════════════════════════════════════════
🔔 2026-08-20 13:39:22 | ORDEN | CIERRE MERCADO SPY P 758 x1
════════════════════════════════════════════════════════════
════════════════════════════════════════════════════════════
🔔 2026-08-20 13:39:30 | ORDEN | CIERRE MERCADO SPY P 762 x1
════════════════════════════════════════════════════════════
  13:39:06 P a4 mny -3 -> C 0.100 en  3.5s (+0.0%) | V 0.090 en 16.1s FORZ | -1.0$
2026-08-20 13:39:43 | DATA   | cadena 20260820: 98 contratos (ITM+OTM C/P) capturados y cancelados (spot 764.50)
2026-08-20 13:39:51 | DATA   | cadena 20260820: 98 contratos (ITM+OTM C/P) capturados y cancelados (spot 764.50)
════════════════════════════════════════════════════════════
🔔 2026-08-20 13:39:57 | ORDEN | COMPRA VERTICAL SPY P L=762/S=760 x1 débito<=0.09
════════════════════════════════════════════════════════════
  13:39:51 P a2 mny -2 -> NO_LLENA    (mid 0.080, spr 25.0%)
════════════════════════════════════════════════════════════
🔔 2026-08-20 13:40:21 | ORDEN | COMPRA VERTICAL SPY P L=762/S=759 x1 débito<=0.10
════════════════════════════════════════════════════════════
  13:40:19 P a3 mny -2 -> NO_LLENA    (mid 0.090, spr 22.2%)
════════════════════════════════════════════════════════════
🔔 2026-08-20 13:40:46 | ORDEN | COMPRA VERTICAL SPY P L=762/S=758 x1 débito<=0.12
════════════════════════════════════════════════════════════
  13:40:43 P a4 mny -2 -> NO_LLENA    (mid 0.100, spr 20.0%)
════════════════════════════════════════════════════════════
🔔 2026-08-20 13:41:12 | ORDEN | COMPRA VERTICAL SPY P L=764/S=762 x1 débito<=0.42
════════════════════════════════════════════════════════════
2026-08-20 13:41:28 | DATA   | cadena 20260820: 14 contratos (ITM+OTM C/P) capturados y cancelados (spot 764.50)
════════════════════════════════════════════════════════════
🔔 2026-08-20 13:41:32 | RIESGO | BAG no cerró (2 pata/s viva/s) — cierre por patas al MID
════════════════════════════════════════════════════════════
════════════════════════════════════════════════════════════
🔔 2026-08-20 13:41:32 | ORDEN | CIERRE MERCADO SPY P 762 x1
════════════════════════════════════════════════════════════
════════════════════════════════════════════════════════════
🔔 2026-08-20 13:41:40 | ORDEN | CIERRE MERCADO SPY P 764 x1
════════════════════════════════════════════════════════════
  13:41:08 P a2 mny -1 -> C 0.420 en 12.1s (+7.7%) | V 0.410 en 16.1s FORZ | -1.0$
════════════════════════════════════════════════════════════
🔔 2026-08-20 13:41:51 | ORDEN | COMPRA VERTICAL SPY P L=764/S=761 x1 débito<=0.51
════════════════════════════════════════════════════════════
  13:41:48 P a3 mny -1 -> NO_LLENA    (mid 0.440, spr 4.5%)
════════════════════════════════════════════════════════════
🔔 2026-08-20 13:42:15 | ORDEN | COMPRA VERTICAL SPY P L=764/S=760 x1 débito<=0.59
════════════════════════════════════════════════════════════
2026-08-20 13:42:19 | DATA   | cadena 20260820: 14 contratos (ITM+OTM C/P) capturados y cancelados (spot 764.50)
════════════════════════════════════════════════════════════
🔔 2026-08-20 13:42:23 | RIESGO | BAG no cerró (2 pata/s viva/s) — cierre por patas al MID
════════════════════════════════════════════════════════════
════════════════════════════════════════════════════════════
🔔 2026-08-20 13:42:23 | ORDEN | CIERRE MERCADO SPY P 760 x1
════════════════════════════════════════════════════════════
════════════════════════════════════════════════════════════
🔔 2026-08-20 13:42:31 | ORDEN | CIERRE MERCADO SPY P 764 x1
════════════════════════════════════════════════════════════
  13:42:13 P a4 mny -1 -> C 0.590 en  0.5s (+25.5%) | V 0.550 en 16.1s FORZ | -4.0$
2026-08-20 13:42:45 | DATA   | cadena 20260820: 98 contratos (ITM+OTM C/P) capturados y cancelados (spot 764.31)
2026-08-20 13:42:52 | DATA   | cadena 20260820: 98 contratos (ITM+OTM C/P) capturados y cancelados (spot 764.31)
2026-08-20 13:42:59 | DATA   | cadena 20260820: 98 contratos (ITM+OTM C/P) capturados y cancelados (spot 764.31)
2026-08-20 13:43:07 | DATA   | cadena 20260820: 98 contratos (ITM+OTM C/P) capturados y cancelados (spot 764.31)
2026-08-20 13:43:18 | DATA   | cadena 20260820: 98 contratos (ITM+OTM C/P) capturados y cancelados (spot 764.35)
2026-08-20 13:43:25 | DATA   | cadena 20260820: 98 contratos (ITM+OTM C/P) capturados y cancelados (spot 764.35)
════════════════════════════════════════════════════════════
🔔 2026-08-20 13:43:31 | ORDEN | COMPRA VERTICAL SPY P L=764/S=760 x1 débito<=0.56
════════════════════════════════════════════════════════════
  13:43:25 P a4 mny +0 -> NO_LLENA    (mid 0.560, spr 3.6%)
════════════════════════════════════════════════════════════
🔔 2026-08-20 13:43:56 | ORDEN | COMPRA VERTICAL SPY C L=762/S=764 x1 débito<=1.55
════════════════════════════════════════════════════════════
  13:43:53 C a2 mny +2 -> NO_LLENA    (mid 1.550, spr 2.6%)
════════════════════════════════════════════════════════════
🔔 2026-08-20 13:44:21 | ORDEN | COMPRA VERTICAL SPY C L=761/S=763 x1 débito<=1.79
════════════════════════════════════════════════════════════
  13:44:18 C a2 mny +3 -> NO_LLENA    (mid 1.775, spr 2.8%)
════════════════════════════════════════════════════════════
🔔 2026-08-20 13:44:45 | ORDEN | COMPRA VERTICAL SPY C L=761/S=764 x1 débito<=2.53
════════════════════════════════════════════════════════════
  13:44:42 C a3 mny +3 -> NO_LLENA    (mid 2.480, spr 1.6%)
════════════════════════════════════════════════════════════
🔔 2026-08-20 13:45:10 | ORDEN | COMPRA VERTICAL SPY C L=760/S=762 x1 débito<=1.88
════════════════════════════════════════════════════════════
  13:45:07 C a2 mny +4 -> NO_LLENA    (mid 1.920, spr 5.2%)
════════════════════════════════════════════════════════════
🔔 2026-08-20 13:45:35 | ORDEN | COMPRA VERTICAL SPY C L=760/S=763 x1 débito<=2.79
════════════════════════════════════════════════════════════
  13:45:32 C a3 mny +4 -> NO_LLENA    (mid 2.765, spr 3.3%)
2026-08-20 13:46:06 | DATA   | cadena 20260820: 98 contratos (ITM+OTM C/P) capturados y cancelados (spot 764.45)
2026-08-20 13:46:14 | DATA   | cadena 20260820: 98 contratos (ITM+OTM C/P) capturados y cancelados (spot 764.45)
2026-08-20 13:46:24 | DATA   | cadena 20260820: 98 contratos (ITM+OTM C/P) capturados y cancelados (spot 764.58)
2026-08-20 13:46:31 | DATA   | cadena 20260820: 98 contratos (ITM+OTM C/P) capturados y cancelados (spot 764.58)
════════════════════════════════════════════════════════════
🔔 2026-08-20 13:46:37 | ORDEN | COMPRA VERTICAL SPY C L=760/S=762 x1 débito<=1.92
════════════════════════════════════════════════════════════
  13:46:31 C a2 mny +5 -> NO_LLENA    (mid 1.935, spr 6.7%)
════════════════════════════════════════════════════════════
🔔 2026-08-20 13:47:02 | ORDEN | COMPRA VERTICAL SPY C L=760/S=763 x1 débito<=2.83
════════════════════════════════════════════════════════════
  13:46:59 C a3 mny +5 -> NO_LLENA    (mid 2.815, spr 4.6%)
  -> pasada 2: 20 pruebas

═══ PASADA 3 — 13:47 ═══
2026-08-20 13:47:29 | DATA   | cadena 20260820: 98 contratos (ITM+OTM C/P) capturados y cancelados (spot 764.66)
2026-08-20 13:47:36 | DATA   | cadena 20260820: 98 contratos (ITM+OTM C/P) capturados y cancelados (spot 764.66)
════════════════════════════════════════════════════════════
🔔 2026-08-20 13:47:42 | ORDEN | COMPRA VERTICAL SPY P L=760/S=758 x1 débito<=0.02
════════════════════════════════════════════════════════════
2026-08-20 13:48:05 | DATA   | cadena 20260820: 14 contratos (ITM+OTM C/P) capturados y cancelados (spot 764.66)
════════════════════════════════════════════════════════════
🔔 2026-08-20 13:48:09 | RIESGO | BAG no cerró (2 pata/s viva/s) — cierre por patas al MID
════════════════════════════════════════════════════════════
════════════════════════════════════════════════════════════
🔔 2026-08-20 13:48:10 | ORDEN | CIERRE MERCADO SPY P 758 x1
════════════════════════════════════════════════════════════
════════════════════════════════════════════════════════════
🔔 2026-08-20 13:48:18 | ORDEN | CIERRE MERCADO SPY P 760 x1
════════════════════════════════════════════════════════════
  13:47:36 P a2 mny -5 -> C 0.020 en 18.7s (-0.0%) | V 0.000 en 16.6s FORZ | -2.0$
════════════════════════════════════════════════════════════
🔔 2026-08-20 13:48:29 | ORDEN | COMPRA VERTICAL SPY P L=760/S=757 x1 débito<=0.01
════════════════════════════════════════════════════════════
  13:48:26 P a3 mny -5 -> NO_LLENA    (mid 0.020, spr 100.0%)
════════════════════════════════════════════════════════════
🔔 2026-08-20 13:48:53 | ORDEN | COMPRA VERTICAL SPY P L=760/S=756 x1 débito<=0.01
════════════════════════════════════════════════════════════
  13:48:50 P a4 mny -5 -> NO_LLENA    (mid 0.020, spr 100.0%)
════════════════════════════════════════════════════════════
🔔 2026-08-20 13:49:18 | ORDEN | COMPRA VERTICAL SPY P L=762/S=760 x1 débito<=0.05
════════════════════════════════════════════════════════════
  13:49:15 P a2 mny -3 -> NO_LLENA    (mid 0.060, spr 33.3%)
════════════════════════════════════════════════════════════
🔔 2026-08-20 13:49:43 | ORDEN | COMPRA VERTICAL SPY P L=762/S=759 x1 débito<=0.06
════════════════════════════════════════════════════════════
  13:49:40 P a3 mny -3 -> NO_LLENA    (mid 0.070, spr 28.6%)
════════════════════════════════════════════════════════════
🔔 2026-08-20 13:50:08 | ORDEN | COMPRA VERTICAL SPY P L=762/S=758 x1 débito<=0.07
════════════════════════════════════════════════════════════
2026-08-20 13:50:27 | DATA   | cadena 20260820: 14 contratos (ITM+OTM C/P) capturados y cancelados (spot 764.66)
════════════════════════════════════════════════════════════
🔔 2026-08-20 13:50:30 | RIESGO | BAG no cerró (2 pata/s viva/s) — cierre por patas al MID
════════════════════════════════════════════════════════════
════════════════════════════════════════════════════════════
🔔 2026-08-20 13:50:30 | ORDEN | CIERRE MERCADO SPY P 758 x1
════════════════════════════════════════════════════════════
════════════════════════════════════════════════════════════
🔔 2026-08-20 13:50:38 | ORDEN | CIERRE MERCADO SPY P 762 x1
════════════════════════════════════════════════════════════
  13:50:04 P a4 mny -3 -> C 0.070 en 14.7s (-12.5%) | V 0.050 en 16.1s FORZ | -2.0$
2026-08-20 13:50:51 | DATA   | cadena 20260820: 98 contratos (ITM+OTM C/P) capturados y cancelados (spot 764.72)
2026-08-20 13:50:59 | DATA   | cadena 20260820: 98 contratos (ITM+OTM C/P) capturados y cancelados (spot 764.72)
════════════════════════════════════════════════════════════
🔔 2026-08-20 13:51:06 | ORDEN | COMPRA VERTICAL SPY P L=763/S=761 x1 débito<=0.11
════════════════════════════════════════════════════════════
  13:50:59 P a2 mny -2 -> NO_LLENA    (mid 0.110, spr 18.2%)
════════════════════════════════════════════════════════════
🔔 2026-08-20 13:51:31 | ORDEN | COMPRA VERTICAL SPY C L=767/S=770 x1 débito<=0.08
════════════════════════════════════════════════════════════
  13:51:28 C a3 mny -2 -> NO_LLENA    (mid 0.080, spr 25.0%)
════════════════════════════════════════════════════════════
🔔 2026-08-20 13:51:55 | ORDEN | COMPRA VERTICAL SPY P L=763/S=760 x1 débito<=0.13
════════════════════════════════════════════════════════════
  13:51:52 P a3 mny -2 -> NO_LLENA    (mid 0.120, spr 16.7%)
════════════════════════════════════════════════════════════
🔔 2026-08-20 13:52:20 | ORDEN | COMPRA VERTICAL SPY C L=767/S=771 x1 débito<=0.07
════════════════════════════════════════════════════════════
  13:52:17 C a4 mny -2 -> NO_LLENA    (mid 0.080, spr 25.0%)
════════════════════════════════════════════════════════════
🔔 2026-08-20 13:52:44 | ORDEN | COMPRA VERTICAL SPY P L=763/S=759 x1 débito<=0.14
════════════════════════════════════════════════════════════
  13:52:42 P a4 mny -2 -> NO_LLENA    (mid 0.130, spr 15.4%)
════════════════════════════════════════════════════════════
🔔 2026-08-20 13:53:10 | ORDEN | COMPRA VERTICAL SPY C L=766/S=768 x1 débito<=0.18
════════════════════════════════════════════════════════════
  13:53:06 C a2 mny -1 -> NO_LLENA    (mid 0.220, spr 9.1%)
2026-08-20 13:53:36 | DATA   | cadena 20260820: 98 contratos (ITM+OTM C/P) capturados y cancelados (spot 764.82)
2026-08-20 13:53:44 | DATA   | cadena 20260820: 98 contratos (ITM+OTM C/P) capturados y cancelados (spot 764.82)
2026-08-20 13:53:51 | DATA   | cadena 20260820: 98 contratos (ITM+OTM C/P) capturados y cancelados (spot 764.82)
════════════════════════════════════════════════════════════
🔔 2026-08-20 13:53:57 | ORDEN | COMPRA VERTICAL SPY P L=764/S=761 x1 débito<=0.31
════════════════════════════════════════════════════════════
  13:53:51 P a3 mny -1 -> NO_LLENA    (mid 0.310, spr 6.5%)
════════════════════════════════════════════════════════════
🔔 2026-08-20 13:54:22 | ORDEN | COMPRA VERTICAL SPY P L=764/S=760 x1 débito<=0.34
════════════════════════════════════════════════════════════
2026-08-20 13:54:27 | DATA   | cadena 20260820: 14 contratos (ITM+OTM C/P) capturados y cancelados (spot 764.82)
════════════════════════════════════════════════════════════
🔔 2026-08-20 13:54:30 | RIESGO | BAG no cerró (2 pata/s viva/s) — cierre por patas al MID
════════════════════════════════════════════════════════════
════════════════════════════════════════════════════════════
🔔 2026-08-20 13:54:30 | ORDEN | CIERRE MERCADO SPY P 760 x1
════════════════════════════════════════════════════════════
════════════════════════════════════════════════════════════
🔔 2026-08-20 13:54:38 | ORDEN | CIERRE MERCADO SPY P 764 x1
════════════════════════════════════════════════════════════
  13:54:19 P a4 mny -1 -> C 0.340 en  1.5s (+6.2%) | V 0.310 en 16.2s FORZ | -3.0$
════════════════════════════════════════════════════════════
🔔 2026-08-20 13:54:49 | ORDEN | COMPRA VERTICAL SPY P L=765/S=763 x1 débito<=0.61
════════════════════════════════════════════════════════════
2026-08-20 13:54:58 | DATA   | cadena 20260820: 14 contratos (ITM+OTM C/P) capturados y cancelados (spot 764.82)
════════════════════════════════════════════════════════════
🔔 2026-08-20 13:55:02 | RIESGO | BAG no cerró (2 pata/s viva/s) — cierre por patas al MID
════════════════════════════════════════════════════════════
════════════════════════════════════════════════════════════
🔔 2026-08-20 13:55:02 | ORDEN | CIERRE MERCADO SPY P 763 x1
════════════════════════════════════════════════════════════
════════════════════════════════════════════════════════════
🔔 2026-08-20 13:55:10 | ORDEN | CIERRE MERCADO SPY P 765 x1
════════════════════════════════════════════════════════════
  13:54:46 P a2 mny +0 -> C 0.610 en  5.0s (+7.0%) | V 0.630 en 16.2s FORZ | 2.0$
════════════════════════════════════════════════════════════
🔔 2026-08-20 13:55:21 | ORDEN | COMPRA VERTICAL SPY P L=765/S=762 x1 débito<=0.75
════════════════════════════════════════════════════════════
2026-08-20 13:55:25 | DATA   | cadena 20260820: 14 contratos (ITM+OTM C/P) capturados y cancelados (spot 764.82)
════════════════════════════════════════════════════════════
🔔 2026-08-20 13:55:29 | RIESGO | BAG no cerró (2 pata/s viva/s) — cierre por patas al MID
════════════════════════════════════════════════════════════
════════════════════════════════════════════════════════════
🔔 2026-08-20 13:55:29 | ORDEN | CIERRE MERCADO SPY P 762 x1
════════════════════════════════════════════════════════════
════════════════════════════════════════════════════════════
🔔 2026-08-20 13:55:37 | ORDEN | CIERRE MERCADO SPY P 765 x1
════════════════════════════════════════════════════════════
  13:55:18 P a3 mny +0 -> C 0.750 en  0.5s (+15.4%) | V 0.710 en 16.1s FORZ | -4.0$
════════════════════════════════════════════════════════════
🔔 2026-08-20 13:55:47 | ORDEN | COMPRA VERTICAL SPY P L=765/S=761 x1 débito<=0.79
════════════════════════════════════════════════════════════
2026-08-20 13:55:52 | DATA   | cadena 20260820: 14 contratos (ITM+OTM C/P) capturados y cancelados (spot 764.82)
════════════════════════════════════════════════════════════
🔔 2026-08-20 13:55:56 | RIESGO | BAG no cerró (2 pata/s viva/s) — cierre por patas al MID
════════════════════════════════════════════════════════════
════════════════════════════════════════════════════════════
🔔 2026-08-20 13:55:56 | ORDEN | CIERRE MERCADO SPY P 761 x1
════════════════════════════════════════════════════════════
════════════════════════════════════════════════════════════
🔔 2026-08-20 13:56:04 | ORDEN | CIERRE MERCADO SPY P 765 x1
════════════════════════════════════════════════════════════
  13:55:45 P a4 mny +0 -> C 0.790 en  1.5s (+14.5%) | V 0.770 en 16.8s FORZ | -2.0$
════════════════════════════════════════════════════════════
🔔 2026-08-20 13:56:15 | ORDEN | COMPRA VERTICAL SPY C L=763/S=765 x1 débito<=1.39
════════════════════════════════════════════════════════════
2026-08-20 13:56:20 | DATA   | cadena 20260820: 14 contratos (ITM+OTM C/P) capturados y cancelados (spot 764.82)
════════════════════════════════════════════════════════════
🔔 2026-08-20 13:56:24 | RIESGO | BAG no cerró (2 pata/s viva/s) — cierre por patas al MID
════════════════════════════════════════════════════════════
════════════════════════════════════════════════════════════
🔔 2026-08-20 13:56:24 | ORDEN | CIERRE MERCADO SPY C 765 x1
════════════════════════════════════════════════════════════
════════════════════════════════════════════════════════════
🔔 2026-08-20 13:56:32 | ORDEN | CIERRE MERCADO SPY C 763 x1
════════════════════════════════════════════════════════════
  13:56:12 C a2 mny +2 -> C 1.390 en  1.0s (-2.5%) | V 1.370 en 16.1s FORZ | -2.0$
2026-08-20 13:56:45 | DATA   | cadena 20260820: 98 contratos (ITM+OTM C/P) capturados y cancelados (spot 764.74)
2026-08-20 13:56:52 | DATA   | cadena 20260820: 98 contratos (ITM+OTM C/P) capturados y cancelados (spot 764.74)
2026-08-20 13:57:00 | DATA   | cadena 20260820: 98 contratos (ITM+OTM C/P) capturados y cancelados (spot 764.74)
2026-08-20 13:57:08 | DATA   | cadena 20260820: 98 contratos (ITM+OTM C/P) capturados y cancelados (spot 764.74)
2026-08-20 13:57:18 | DATA   | cadena 20260820: 98 contratos (ITM+OTM C/P) capturados y cancelados (spot 764.79)
2026-08-20 13:57:26 | DATA   | cadena 20260820: 98 contratos (ITM+OTM C/P) capturados y cancelados (spot 764.79)
════════════════════════════════════════════════════════════
🔔 2026-08-20 13:57:32 | ORDEN | COMPRA VERTICAL SPY C L=762/S=764 x1 débito<=1.70
════════════════════════════════════════════════════════════
  13:57:26 C a2 mny +3 -> NO_LLENA    (mid 1.715, spr 2.9%)
════════════════════════════════════════════════════════════
🔔 2026-08-20 13:57:56 | ORDEN | COMPRA VERTICAL SPY C L=761/S=763 x1 débito<=1.86
════════════════════════════════════════════════════════════
  13:57:53 C a2 mny +4 -> NO_LLENA    (mid 1.890, spr 7.4%)
════════════════════════════════════════════════════════════
🔔 2026-08-20 13:58:21 | ORDEN | COMPRA VERTICAL SPY C L=761/S=764 x1 débito<=2.69
════════════════════════════════════════════════════════════
  13:58:18 C a3 mny +4 -> NO_LLENA    (mid 2.695, spr 4.8%)
════════════════════════════════════════════════════════════
🔔 2026-08-20 13:58:45 | ORDEN | COMPRA VERTICAL SPY C L=760/S=762 x1 débito<=1.96
════════════════════════════════════════════════════════════
  13:58:43 C a2 mny +5 -> NO_LLENA    (mid 1.955, spr 6.6%)
════════════════════════════════════════════════════════════
🔔 2026-08-20 13:59:11 | ORDEN | COMPRA VERTICAL SPY C L=760/S=763 x1 débito<=2.83
════════════════════════════════════════════════════════════
  13:59:07 C a3 mny +5 -> NO_LLENA    (mid 2.865, spr 4.5%)
════════════════════════════════════════════════════════════
🔔 2026-08-20 13:59:35 | ORDEN | COMPRA VERTICAL SPY C L=760/S=764 x1 débito<=3.65
════════════════════════════════════════════════════════════
2026-08-20 13:59:59 | DATA   | cadena 20260820: 14 contratos (ITM+OTM C/P) capturados y cancelados (spot 764.79)
════════════════════════════════════════════════════════════
🔔 2026-08-20 14:00:02 | RIESGO | BAG no cerró (2 pata/s viva/s) — cierre por patas al MID
════════════════════════════════════════════════════════════
════════════════════════════════════════════════════════════
🔔 2026-08-20 14:00:02 | ORDEN | CIERRE MERCADO SPY C 764 x1
════════════════════════════════════════════════════════════
════════════════════════════════════════════════════════════
🔔 2026-08-20 14:00:10 | ORDEN | CIERRE MERCADO SPY C 760 x1
════════════════════════════════════════════════════════════
  13:59:32 C a4 mny +5 -> C 3.650 en 19.8s (-0.5%) | V 3.470 en 16.2s FORZ | -18.0$
2026-08-20 14:00:23 | DATA   | cadena 20260820: 98 contratos (ITM+OTM C/P) capturados y cancelados (spot 764.54)
2026-08-20 14:00:31 | DATA   | cadena 20260820: 98 contratos (ITM+OTM C/P) capturados y cancelados (spot 764.54)
  -> pasada 3: 24 pruebas

═══ PASADA 4 — 14:00 ═══
2026-08-20 14:00:38 | DATA   | cadena 20260820: 98 contratos (ITM+OTM C/P) capturados y cancelados (spot 764.54)
2026-08-20 14:00:45 | DATA   | cadena 20260820: 98 contratos (ITM+OTM C/P) capturados y cancelados (spot 764.54)
════════════════════════════════════════════════════════════
🔔 2026-08-20 14:00:51 | ORDEN | COMPRA VERTICAL SPY P L=760/S=758 x1 débito<=0.02
════════════════════════════════════════════════════════════
  14:00:45 P a2 mny -5 -> NO_LLENA    (mid 0.020, spr 100.0%)
════════════════════════════════════════════════════════════
🔔 2026-08-20 14:01:16 | ORDEN | COMPRA VERTICAL SPY P L=760/S=757 x1 débito<=0.02
════════════════════════════════════════════════════════════
  14:01:13 P a3 mny -5 -> NO_LLENA    (mid 0.020, spr 100.0%)
════════════════════════════════════════════════════════════
🔔 2026-08-20 14:01:41 | ORDEN | COMPRA VERTICAL SPY P L=760/S=756 x1 débito<=0.02
════════════════════════════════════════════════════════════
  14:01:38 P a4 mny -5 -> NO_LLENA    (mid 0.020, spr 100.0%)
════════════════════════════════════════════════════════════
🔔 2026-08-20 14:02:07 | ORDEN | COMPRA VERTICAL SPY P L=762/S=760 x1 débito<=0.10
════════════════════════════════════════════════════════════
  14:02:03 P a2 mny -3 -> NO_LLENA    (mid 0.090, spr 22.2%)
════════════════════════════════════════════════════════════
🔔 2026-08-20 14:02:32 | ORDEN | COMPRA VERTICAL SPY P L=762/S=759 x1 débito<=0.12
════════════════════════════════════════════════════════════
  14:02:29 P a3 mny -3 -> NO_LLENA    (mid 0.110, spr 18.2%)
════════════════════════════════════════════════════════════
🔔 2026-08-20 14:02:58 | ORDEN | COMPRA VERTICAL SPY P L=762/S=758 x1 débito<=0.16
════════════════════════════════════════════════════════════
2026-08-20 14:03:03 | DATA   | cadena 20260820: 14 contratos (ITM+OTM C/P) capturados y cancelados (spot 764.54)
════════════════════════════════════════════════════════════
🔔 2026-08-20 14:03:07 | RIESGO | BAG no cerró (2 pata/s viva/s) — cierre por patas al MID
════════════════════════════════════════════════════════════
════════════════════════════════════════════════════════════
🔔 2026-08-20 14:03:08 | ORDEN | CIERRE MERCADO SPY P 758 x1
════════════════════════════════════════════════════════════
════════════════════════════════════════════════════════════
🔔 2026-08-20 14:03:16 | ORDEN | CIERRE MERCADO SPY P 762 x1
════════════════════════════════════════════════════════════
  14:02:54 P a4 mny -3 -> C 0.160 en  1.0s (+45.5%) | V 0.140 en 16.6s FORZ | -2.0$
2026-08-20 14:03:29 | DATA   | cadena 20260820: 98 contratos (ITM+OTM C/P) capturados y cancelados (spot 764.05)
2026-08-20 14:03:36 | DATA   | cadena 20260820: 98 contratos (ITM+OTM C/P) capturados y cancelados (spot 764.05)
════════════════════════════════════════════════════════════
🔔 2026-08-20 14:03:42 | ORDEN | COMPRA VERTICAL SPY P L=762/S=760 x1 débito<=0.11
════════════════════════════════════════════════════════════
  14:03:36 P a2 mny -2 -> NO_LLENA    (mid 0.110, spr 18.2%)
════════════════════════════════════════════════════════════
🔔 2026-08-20 14:04:07 | ORDEN | COMPRA VERTICAL SPY P L=762/S=759 x1 débito<=0.14
════════════════════════════════════════════════════════════
2026-08-20 14:04:29 | DATA   | cadena 20260820: 14 contratos (ITM+OTM C/P) capturados y cancelados (spot 764.05)
════════════════════════════════════════════════════════════
🔔 2026-08-20 14:04:56 | RIESGO | BAG no cerró (2 pata/s viva/s) — cierre por patas al MID
════════════════════════════════════════════════════════════
════════════════════════════════════════════════════════════
🔔 2026-08-20 14:04:56 | ORDEN | CIERRE MERCADO SPY P 759 x1
════════════════════════════════════════════════════════════
════════════════════════════════════════════════════════════
🔔 2026-08-20 14:05:06 | ORDEN | CIERRE MERCADO SPY P 762 x1
════════════════════════════════════════════════════════════
  14:04:04 P a3 mny -2 -> C 0.140 en 18.2s (+7.7%) | V 0.130 en 41.5s FORZ | -1.0$
════════════════════════════════════════════════════════════
🔔 2026-08-20 14:05:16 | ORDEN | COMPRA VERTICAL SPY P L=762/S=758 x1 débito<=0.15
════════════════════════════════════════════════════════════
  14:05:14 P a4 mny -2 -> NO_LLENA    (mid 0.140, spr 14.3%)
════════════════════════════════════════════════════════════
🔔 2026-08-20 14:05:41 | ORDEN | COMPRA VERTICAL SPY C L=760/S=762 x1 débito<=1.90
════════════════════════════════════════════════════════════
2026-08-20 14:05:58 | DATA   | cadena 20260820: 14 contratos (ITM+OTM C/P) capturados y cancelados (spot 764.05)
════════════════════════════════════════════════════════════
🔔 2026-08-20 14:06:01 | RIESGO | BAG no cerró (2 pata/s viva/s) — cierre por patas al MID
════════════════════════════════════════════════════════════
════════════════════════════════════════════════════════════
🔔 2026-08-20 14:06:01 | ORDEN | CIERRE MERCADO SPY C 762 x1
════════════════════════════════════════════════════════════
════════════════════════════════════════════════════════════
🔔 2026-08-20 14:06:10 | ORDEN | CIERRE MERCADO SPY C 760 x1
════════════════════════════════════════════════════════════
  14:05:38 C a2 mny +4 -> C 1.880 en 12.7s (+2.5%) | V 1.820 en 16.3s FORZ | -6.0$
════════════════════════════════════════════════════════════
🔔 2026-08-20 14:06:20 | ORDEN | COMPRA VERTICAL SPY C L=759/S=761 x1 débito<=1.86
════════════════════════════════════════════════════════════
  14:06:18 C a2 mny +5 -> NO_LLENA    (mid 1.935, spr 12.9%)
════════════════════════════════════════════════════════════
🔔 2026-08-20 14:06:45 | ORDEN | COMPRA VERTICAL SPY C L=759/S=762 x1 débito<=2.85
════════════════════════════════════════════════════════════
  14:06:42 C a3 mny +5 -> NO_LLENA    (mid 2.855, spr 8.8%)
2026-08-20 14:07:12 | DATA   | cadena 20260820: 98 contratos (ITM+OTM C/P) capturados y cancelados (spot 763.80)
════════════════════════════════════════════════════════════
🔔 2026-08-20 14:07:18 | ORDEN | COMPRA VERTICAL SPY P L=769/S=766 x1 débito<=2.91
════════════════════════════════════════════════════════════
  14:07:12 P a3 mny +5 -> NO_LLENA    (mid 2.895, spr 5.2%)
════════════════════════════════════════════════════════════
🔔 2026-08-20 14:07:43 | ORDEN | COMPRA VERTICAL SPY C L=759/S=763 x1 débito<=3.51
════════════════════════════════════════════════════════════
  14:07:40 C a4 mny +5 -> NO_LLENA    (mid 3.570, spr 3.4%)
════════════════════════════════════════════════════════════
🔔 2026-08-20 14:08:09 | ORDEN | COMPRA VERTICAL SPY P L=769/S=765 x1 débito<=3.69
════════════════════════════════════════════════════════════
  14:08:05 P a4 mny +5 -> NO_LLENA    (mid 3.725, spr 3.5%)
  -> pasada 4: 15 pruebas

═══ PASADA 5 — 14:08 ═══
2026-08-20 14:08:36 | DATA   | cadena 20260820: 98 contratos (ITM+OTM C/P) capturados y cancelados (spot 763.69)
2026-08-20 14:08:43 | DATA   | cadena 20260820: 98 contratos (ITM+OTM C/P) capturados y cancelados (spot 763.69)
════════════════════════════════════════════════════════════
🔔 2026-08-20 14:08:49 | ORDEN | COMPRA VERTICAL SPY P L=759/S=757 x1 débito<=0.02
════════════════════════════════════════════════════════════
  14:08:43 P a2 mny -5 -> NO_LLENA    (mid 0.020, spr 100.0%)
════════════════════════════════════════════════════════════
🔔 2026-08-20 14:09:14 | ORDEN | COMPRA VERTICAL SPY P L=759/S=756 x1 débito<=0.02
════════════════════════════════════════════════════════════
  14:09:11 P a3 mny -5 -> NO_LLENA    (mid 0.020, spr 100.0%)
════════════════════════════════════════════════════════════
🔔 2026-08-20 14:09:38 | ORDEN | COMPRA VERTICAL SPY P L=759/S=755 x1 débito<=0.02
════════════════════════════════════════════════════════════
  14:09:35 P a4 mny -5 -> NO_LLENA    (mid 0.020, spr 100.0%)
════════════════════════════════════════════════════════════
🔔 2026-08-20 14:10:03 | ORDEN | COMPRA VERTICAL SPY P L=761/S=759 x1 débito<=0.10
════════════════════════════════════════════════════════════
2026-08-20 14:10:09 | DATA   | cadena 20260820: 14 contratos (ITM+OTM C/P) capturados y cancelados (spot 763.69)
════════════════════════════════════════════════════════════
🔔 2026-08-20 14:10:12 | RIESGO | BAG no cerró (2 pata/s viva/s) — cierre por patas al MID
════════════════════════════════════════════════════════════
════════════════════════════════════════════════════════════
🔔 2026-08-20 14:10:12 | ORDEN | CIERRE MERCADO SPY P 759 x1
════════════════════════════════════════════════════════════
════════════════════════════════════════════════════════════
🔔 2026-08-20 14:10:20 | ORDEN | CIERRE MERCADO SPY P 761 x1
════════════════════════════════════════════════════════════
  14:10:00 P a2 mny -3 -> C 0.100 en  1.5s (+0.0%) | V 0.090 en 16.1s FORZ | -1.0$
════════════════════════════════════════════════════════════
🔔 2026-08-20 14:10:31 | ORDEN | COMPRA VERTICAL SPY P L=761/S=758 x1 débito<=0.13
════════════════════════════════════════════════════════════
  14:10:28 P a3 mny -3 -> NO_LLENA    (mid 0.110, spr 18.2%)
════════════════════════════════════════════════════════════
🔔 2026-08-20 14:10:56 | ORDEN | COMPRA VERTICAL SPY P L=761/S=757 x1 débito<=0.16
════════════════════════════════════════════════════════════
2026-08-20 14:11:18 | DATA   | cadena 20260820: 14 contratos (ITM+OTM C/P) capturados y cancelados (spot 763.69)
════════════════════════════════════════════════════════════
🔔 2026-08-20 14:11:22 | RIESGO | BAG no cerró (2 pata/s viva/s) — cierre por patas al MID
════════════════════════════════════════════════════════════
════════════════════════════════════════════════════════════
🔔 2026-08-20 14:11:22 | ORDEN | CIERRE MERCADO SPY P 757 x1
════════════════════════════════════════════════════════════
════════════════════════════════════════════════════════════
🔔 2026-08-20 14:11:30 | ORDEN | CIERRE MERCADO SPY P 761 x1
════════════════════════════════════════════════════════════
  14:10:53 P a4 mny -3 -> C 0.160 en 18.3s (+33.3%) | V 0.140 en 16.1s FORZ | -2.0$
2026-08-20 14:11:43 | DATA   | cadena 20260820: 98 contratos (ITM+OTM C/P) capturados y cancelados (spot 763.41)
2026-08-20 14:11:51 | DATA   | cadena 20260820: 98 contratos (ITM+OTM C/P) capturados y cancelados (spot 763.41)
════════════════════════════════════════════════════════════
🔔 2026-08-20 14:11:57 | ORDEN | COMPRA VERTICAL SPY P L=761/S=759 x1 débito<=0.10
════════════════════════════════════════════════════════════
2026-08-20 14:12:20 | DATA   | cadena 20260820: 14 contratos (ITM+OTM C/P) capturados y cancelados (spot 763.41)
════════════════════════════════════════════════════════════
🔔 2026-08-20 14:12:24 | RIESGO | BAG no cerró (2 pata/s viva/s) — cierre por patas al MID
════════════════════════════════════════════════════════════
════════════════════════════════════════════════════════════
🔔 2026-08-20 14:12:24 | ORDEN | CIERRE MERCADO SPY P 759 x1
════════════════════════════════════════════════════════════
════════════════════════════════════════════════════════════
🔔 2026-08-20 14:12:32 | ORDEN | CIERRE MERCADO SPY P 761 x1
════════════════════════════════════════════════════════════
════════════════════════════════════════════════════════════
🔔 2026-08-20 14:12:40 | RIESGO | BAG no cerró (1 pata/s viva/s) — cierre por patas a MERCADO (último recurso)
════════════════════════════════════════════════════════════
════════════════════════════════════════════════════════════
🔔 2026-08-20 14:12:40 | ORDEN | CIERRE MERCADO SPY P 761 x1
════════════════════════════════════════════════════════════
  14:11:51 P a2 mny -2 -> C 0.100 en 20.3s (+0.0%) | V ? en 24.2s FORZ | None$
════════════════════════════════════════════════════════════
🔔 2026-08-20 14:12:53 | ORDEN | COMPRA VERTICAL SPY P L=761/S=758 x1 débito<=0.11
════════════════════════════════════════════════════════════
  14:12:48 P a3 mny -2 -> NO_LLENA    (mid 0.120, spr 16.7%)
════════════════════════════════════════════════════════════
🔔 2026-08-20 14:13:17 | ORDEN | COMPRA VERTICAL SPY P L=761/S=757 x1 débito<=0.12
════════════════════════════════════════════════════════════
  14:13:14 P a4 mny -2 -> NO_LLENA    (mid 0.130, spr 15.4%)
════════════════════════════════════════════════════════════
🔔 2026-08-20 14:13:42 | ORDEN | COMPRA VERTICAL SPY C L=761/S=763 x1 débito<=1.62
════════════════════════════════════════════════════════════
  14:13:39 C a2 mny +2 -> NO_LLENA    (mid 1.630, spr 2.5%)
════════════════════════════════════════════════════════════
🔔 2026-08-20 14:14:07 | ORDEN | COMPRA VERTICAL SPY C L=760/S=763 x1 débito<=2.58
════════════════════════════════════════════════════════════
2026-08-20 14:14:20 | DATA   | cadena 20260820: 14 contratos (ITM+OTM C/P) capturados y cancelados (spot 763.41)
════════════════════════════════════════════════════════════
🔔 2026-08-20 14:14:24 | RIESGO | BAG no cerró (2 pata/s viva/s) — cierre por patas al MID
════════════════════════════════════════════════════════════
════════════════════════════════════════════════════════════
🔔 2026-08-20 14:14:24 | ORDEN | CIERRE MERCADO SPY C 763 x1
════════════════════════════════════════════════════════════
════════════════════════════════════════════════════════════
🔔 2026-08-20 14:14:32 | ORDEN | CIERRE MERCADO SPY C 760 x1
════════════════════════════════════════════════════════════
  14:14:04 C a3 mny +3 -> C 2.580 en  8.6s (+0.8%) | V 2.440 en 16.1s FORZ | -14.0$
════════════════════════════════════════════════════════════
🔔 2026-08-20 14:14:43 | ORDEN | COMPRA VERTICAL SPY C L=759/S=761 x1 débito<=1.88
════════════════════════════════════════════════════════════
  14:14:40 C a2 mny +4 -> NO_LLENA    (mid 1.855, spr 11.3%)
2026-08-20 14:15:10 | DATA   | cadena 20260820: 98 contratos (ITM+OTM C/P) capturados y cancelados (spot 763.61)
2026-08-20 14:15:20 | DATA   | cadena 20260820: 98 contratos (ITM+OTM C/P) capturados y cancelados (spot 763.58)
════════════════════════════════════════════════════════════
🔔 2026-08-20 14:15:26 | ORDEN | COMPRA VERTICAL SPY C L=760/S=763 x1 débito<=2.52
════════════════════════════════════════════════════════════
  14:15:20 C a3 mny +4 -> RECHAZADA  MARGEN (mid 2.530, spr 1.6%)
════════════════════════════════════════════════════════════
🔔 2026-08-20 14:15:31 | ORDEN | COMPRA VERTICAL SPY C L=760/S=764 x1 débito<=3.05
════════════════════════════════════════════════════════════
  14:15:28 C a4 mny +4 -> RECHAZADA  MARGEN (mid 3.075, spr 1.0%)
════════════════════════════════════════════════════════════
🔔 2026-08-20 14:15:35 | ORDEN | COMPRA VERTICAL SPY C L=759/S=761 x1 débito<=1.89
════════════════════════════════════════════════════════════
  14:15:33 C a2 mny +5 -> RECHAZADA  MARGEN (mid 1.915, spr 9.9%)
════════════════════════════════════════════════════════════
🔔 2026-08-20 14:15:40 | ORDEN | COMPRA VERTICAL SPY C L=759/S=762 x1 débito<=2.76
════════════════════════════════════════════════════════════
  14:15:38 C a3 mny +5 -> RECHAZADA  MARGEN (mid 2.780, spr 7.2%)
════════════════════════════════════════════════════════════
🔔 2026-08-20 14:15:45 | ORDEN | COMPRA VERTICAL SPY C L=759/S=763 x1 débito<=3.50
════════════════════════════════════════════════════════════
  14:15:42 C a4 mny +5 -> RECHAZADA  MARGEN (mid 3.515, spr 5.4%)
  -> pasada 5: 17 pruebas

═══ PASADA 6 — 14:15 ═══
2026-08-20 14:15:52 | DATA   | cadena 20260820: 98 contratos (ITM+OTM C/P) capturados y cancelados (spot 763.58)
2026-08-20 14:16:00 | DATA   | cadena 20260820: 98 contratos (ITM+OTM C/P) capturados y cancelados (spot 763.58)
2026-08-20 14:16:08 | DATA   | cadena 20260820: 98 contratos (ITM+OTM C/P) capturados y cancelados (spot 763.58)
2026-08-20 14:16:17 | DATA   | cadena 20260820: 98 contratos (ITM+OTM C/P) capturados y cancelados (spot 763.46)
════════════════════════════════════════════════════════════
🔔 2026-08-20 14:16:23 | ORDEN | COMPRA VERTICAL SPY P L=758/S=755 x1 débito<=0.02
════════════════════════════════════════════════════════════
  14:16:17 P a3 mny -5 -> NO_LLENA    (mid 0.020, spr 100.0%)
════════════════════════════════════════════════════════════
🔔 2026-08-20 14:16:48 | ORDEN | COMPRA VERTICAL SPY P L=760/S=758 x1 débito<=0.07
════════════════════════════════════════════════════════════
  14:16:45 P a2 mny -3 -> NO_LLENA    (mid 0.060, spr 33.3%)
════════════════════════════════════════════════════════════
🔔 2026-08-20 14:17:13 | ORDEN | COMPRA VERTICAL SPY P L=760/S=757 x1 débito<=0.08
════════════════════════════════════════════════════════════
  14:17:10 P a3 mny -3 -> NO_LLENA    (mid 0.070, spr 28.6%)
════════════════════════════════════════════════════════════
🔔 2026-08-20 14:17:37 | ORDEN | COMPRA VERTICAL SPY P L=760/S=756 x1 débito<=0.09
════════════════════════════════════════════════════════════
2026-08-20 14:18:01 | DATA   | cadena 20260820: 14 contratos (ITM+OTM C/P) capturados y cancelados (spot 763.46)
════════════════════════════════════════════════════════════
🔔 2026-08-20 14:18:05 | RIESGO | BAG no cerró (2 pata/s viva/s) — cierre por patas al MID
════════════════════════════════════════════════════════════
════════════════════════════════════════════════════════════
🔔 2026-08-20 14:18:06 | ORDEN | CIERRE MERCADO SPY P 756 x1
════════════════════════════════════════════════════════════
════════════════════════════════════════════════════════════
🔔 2026-08-20 14:18:14 | ORDEN | CIERRE MERCADO SPY P 760 x1
════════════════════════════════════════════════════════════
  14:17:34 P a4 mny -3 -> C 0.090 en 20.3s (+12.5%) | V 0.070 en 17.2s FORZ | -2.0$
════════════════════════════════════════════════════════════
🔔 2026-08-20 14:18:25 | ORDEN | COMPRA VERTICAL SPY P L=761/S=759 x1 débito<=0.11
════════════════════════════════════════════════════════════
2026-08-20 14:18:31 | DATA   | cadena 20260820: 14 contratos (ITM+OTM C/P) capturados y cancelados (spot 763.46)
════════════════════════════════════════════════════════════
🔔 2026-08-20 14:18:59 | RIESGO | BAG no cerró (2 pata/s viva/s) — cierre por patas al MID
════════════════════════════════════════════════════════════
════════════════════════════════════════════════════════════
🔔 2026-08-20 14:18:59 | ORDEN | CIERRE MERCADO SPY P 759 x1
════════════════════════════════════════════════════════════
════════════════════════════════════════════════════════════
🔔 2026-08-20 14:19:08 | ORDEN | CIERRE MERCADO SPY P 761 x1
════════════════════════════════════════════════════════════
  14:18:22 P a2 mny -2 -> C 0.110 en  2.0s (-8.3%) | V 0.070 en 40.8s FORZ | -4.0$
════════════════════════════════════════════════════════════
🔔 2026-08-20 14:19:19 | ORDEN | COMPRA VERTICAL SPY P L=761/S=758 x1 débito<=0.10
════════════════════════════════════════════════════════════
2026-08-20 14:19:24 | DATA   | cadena 20260820: 14 contratos (ITM+OTM C/P) capturados y cancelados (spot 763.46)
════════════════════════════════════════════════════════════
🔔 2026-08-20 14:19:27 | RIESGO | BAG no cerró (2 pata/s viva/s) — cierre por patas al MID
════════════════════════════════════════════════════════════
════════════════════════════════════════════════════════════
🔔 2026-08-20 14:19:27 | ORDEN | CIERRE MERCADO SPY P 758 x1
════════════════════════════════════════════════════════════
════════════════════════════════════════════════════════════
🔔 2026-08-20 14:19:35 | ORDEN | CIERRE MERCADO SPY P 761 x1
════════════════════════════════════════════════════════════
  14:19:16 P a3 mny -2 -> C 0.100 en  1.5s (-28.6%) | V 0.080 en 16.1s FORZ | -2.0$
2026-08-20 14:19:48 | DATA   | cadena 20260820: 98 contratos (ITM+OTM C/P) capturados y cancelados (spot 763.54)
2026-08-20 14:19:56 | DATA   | cadena 20260820: 98 contratos (ITM+OTM C/P) capturados y cancelados (spot 763.54)
════════════════════════════════════════════════════════════
🔔 2026-08-20 14:20:02 | ORDEN | COMPRA VERTICAL SPY P L=762/S=758 x1 débito<=0.20
════════════════════════════════════════════════════════════
2026-08-20 14:20:11 | DATA   | cadena 20260820: 14 contratos (ITM+OTM C/P) capturados y cancelados (spot 763.54)
════════════════════════════════════════════════════════════
🔔 2026-08-20 14:20:14 | RIESGO | BAG no cerró (2 pata/s viva/s) — cierre por patas al MID
════════════════════════════════════════════════════════════
════════════════════════════════════════════════════════════
🔔 2026-08-20 14:20:14 | ORDEN | CIERRE MERCADO SPY P 758 x1
════════════════════════════════════════════════════════════
════════════════════════════════════════════════════════════
🔔 2026-08-20 14:20:22 | ORDEN | CIERRE MERCADO SPY P 762 x1
════════════════════════════════════════════════════════════
  14:19:56 P a4 mny -2 -> C 0.190 en  5.5s (-5.0%) | V 0.170 en 16.1s FORZ | -2.0$
════════════════════════════════════════════════════════════
🔔 2026-08-20 14:20:33 | ORDEN | COMPRA VERTICAL SPY C L=761/S=763 x1 débito<=1.70
════════════════════════════════════════════════════════════
  14:20:30 C a2 mny +3 -> RECHAZADA  MARGEN (mid 1.660, spr 2.4%)
════════════════════════════════════════════════════════════
🔔 2026-08-20 14:20:38 | ORDEN | COMPRA VERTICAL SPY C L=760/S=762 x1 débito<=1.83
════════════════════════════════════════════════════════════
  14:20:35 C a2 mny +4 -> RECHAZADA  MARGEN (mid 1.840, spr 2.2%)
════════════════════════════════════════════════════════════
🔔 2026-08-20 14:20:43 | ORDEN | COMPRA VERTICAL SPY C L=760/S=763 x1 débito<=2.67
════════════════════════════════════════════════════════════
  14:20:40 C a3 mny +4 -> RECHAZADA  MARGEN (mid 2.605, spr 1.2%)
════════════════════════════════════════════════════════════
🔔 2026-08-20 14:20:48 | ORDEN | COMPRA VERTICAL SPY C L=759/S=761 x1 débito<=1.91
════════════════════════════════════════════════════════════
  14:20:45 C a2 mny +5 -> NO_LLENA    (mid 1.885, spr 9.0%)
════════════════════════════════════════════════════════════
🔔 2026-08-20 14:21:12 | ORDEN | COMPRA VERTICAL SPY C L=759/S=762 x1 débito<=2.84
════════════════════════════════════════════════════════════
  14:21:10 C a3 mny +5 -> RECHAZADA  MARGEN (mid 2.780, spr 5.8%)
2026-08-20 14:21:20 | DATA   | cadena 20260820: 98 contratos (ITM+OTM C/P) capturados y cancelados (spot 763.88)
2026-08-20 14:21:27 | DATA   | cadena 20260820: 98 contratos (ITM+OTM C/P) capturados y cancelados (spot 763.88)
════════════════════════════════════════════════════════════
🔔 2026-08-20 14:21:33 | ORDEN | COMPRA VERTICAL SPY C L=759/S=763 x1 débito<=3.60
════════════════════════════════════════════════════════════
  14:21:27 C a4 mny +5 -> RECHAZADA  MARGEN (mid 3.645, spr 3.0%)
════════════════════════════════════════════════════════════
🔔 2026-08-20 14:21:38 | ORDEN | COMPRA VERTICAL SPY P L=769/S=765 x1 débito<=3.75
════════════════════════════════════════════════════════════
  14:21:35 P a4 mny +5 -> RECHAZADA  MARGEN (mid 3.735, spr 4.0%)
  -> pasada 6: 14 pruebas

═══ PASADA 7 — 14:21 ═══
2026-08-20 14:21:45 | DATA   | cadena 20260820: 98 contratos (ITM+OTM C/P) capturados y cancelados (spot 763.88)
2026-08-20 14:21:52 | DATA   | cadena 20260820: 98 contratos (ITM+OTM C/P) capturados y cancelados (spot 763.88)
════════════════════════════════════════════════════════════
🔔 2026-08-20 14:21:59 | ORDEN | COMPRA VERTICAL SPY P L=759/S=757 x1 débito<=0.02
════════════════════════════════════════════════════════════
  14:21:52 P a2 mny -5 -> NO_LLENA    (mid 0.020, spr 100.0%)
════════════════════════════════════════════════════════════
🔔 2026-08-20 14:22:23 | ORDEN | COMPRA VERTICAL SPY P L=759/S=756 x1 débito<=0.02
════════════════════════════════════════════════════════════
  14:22:20 P a3 mny -5 -> NO_LLENA    (mid 0.020, spr 100.0%)
════════════════════════════════════════════════════════════
🔔 2026-08-20 14:22:48 | ORDEN | COMPRA VERTICAL SPY P L=759/S=755 x1 débito<=0.02
════════════════════════════════════════════════════════════
  14:22:45 P a4 mny -5 -> NO_LLENA    (mid 0.020, spr 100.0%)
════════════════════════════════════════════════════════════
🔔 2026-08-20 14:23:12 | ORDEN | COMPRA VERTICAL SPY P L=761/S=759 x1 débito<=0.06
════════════════════════════════════════════════════════════
  14:23:10 P a2 mny -3 -> NO_LLENA    (mid 0.070, spr 28.6%)
════════════════════════════════════════════════════════════
🔔 2026-08-20 14:23:37 | ORDEN | COMPRA VERTICAL SPY P L=761/S=758 x1 débito<=0.07
════════════════════════════════════════════════════════════
  14:23:34 P a3 mny -3 -> NO_LLENA    (mid 0.080, spr 25.0%)
════════════════════════════════════════════════════════════
🔔 2026-08-20 14:24:02 | ORDEN | COMPRA VERTICAL SPY P L=761/S=757 x1 débito<=0.08
════════════════════════════════════════════════════════════
  14:23:59 P a4 mny -3 -> NO_LLENA    (mid 0.090, spr 22.2%)
2026-08-20 14:24:29 | DATA   | cadena 20260820: 98 contratos (ITM+OTM C/P) capturados y cancelados (spot 763.76)
2026-08-20 14:24:37 | DATA   | cadena 20260820: 98 contratos (ITM+OTM C/P) capturados y cancelados (spot 763.76)
════════════════════════════════════════════════════════════
🔔 2026-08-20 14:24:43 | ORDEN | COMPRA VERTICAL SPY P L=762/S=760 x1 débito<=0.14
════════════════════════════════════════════════════════════
  14:24:37 P a2 mny -2 -> NO_LLENA    (mid 0.130, spr 15.4%)
════════════════════════════════════════════════════════════
🔔 2026-08-20 14:25:08 | ORDEN | COMPRA VERTICAL SPY P L=762/S=759 x1 débito<=0.19
════════════════════════════════════════════════════════════
2026-08-20 14:25:16 | DATA   | cadena 20260820: 14 contratos (ITM+OTM C/P) capturados y cancelados (spot 763.76)
════════════════════════════════════════════════════════════
🔔 2026-08-20 14:25:44 | RIESGO | BAG no cerró (2 pata/s viva/s) — cierre por patas al MID
════════════════════════════════════════════════════════════
════════════════════════════════════════════════════════════
🔔 2026-08-20 14:25:44 | ORDEN | CIERRE MERCADO SPY P 759 x1
════════════════════════════════════════════════════════════
════════════════════════════════════════════════════════════
🔔 2026-08-20 14:25:52 | ORDEN | CIERRE MERCADO SPY P 762 x1
════════════════════════════════════════════════════════════
  14:25:04 P a3 mny -2 -> C 0.190 en  4.6s (+26.7%) | V 0.210 en 40.4s FORZ | 2.0$
════════════════════════════════════════════════════════════
🔔 2026-08-20 14:26:03 | ORDEN | COMPRA VERTICAL SPY P L=762/S=758 x1 débito<=0.22
════════════════════════════════════════════════════════════
2026-08-20 14:26:09 | DATA   | cadena 20260820: 14 contratos (ITM+OTM C/P) capturados y cancelados (spot 763.76)
════════════════════════════════════════════════════════════
🔔 2026-08-20 14:26:12 | RIESGO | BAG no cerró (2 pata/s viva/s) — cierre por patas al MID
════════════════════════════════════════════════════════════
════════════════════════════════════════════════════════════
🔔 2026-08-20 14:26:12 | ORDEN | CIERRE MERCADO SPY P 758 x1
════════════════════════════════════════════════════════════
════════════════════════════════════════════════════════════
🔔 2026-08-20 14:26:20 | ORDEN | CIERRE MERCADO SPY P 762 x1
════════════════════════════════════════════════════════════
  14:26:00 P a4 mny -2 -> C 0.220 en  1.5s (+37.5%) | V 0.200 en 16.1s FORZ | -2.0$
════════════════════════════════════════════════════════════
🔔 2026-08-20 14:26:31 | ORDEN | COMPRA VERTICAL SPY C L=761/S=763 x1 débito<=1.65
════════════════════════════════════════════════════════════
  14:26:28 C a2 mny +3 -> RECHAZADA  MARGEN (mid 1.710, spr 2.3%)
════════════════════════════════════════════════════════════
🔔 2026-08-20 14:26:36 | ORDEN | COMPRA VERTICAL SPY C L=760/S=762 x1 débito<=1.83
════════════════════════════════════════════════════════════
  14:26:33 C a2 mny +4 -> RECHAZADA  MARGEN (mid 1.860, spr 7.5%)
════════════════════════════════════════════════════════════
🔔 2026-08-20 14:26:41 | ORDEN | COMPRA VERTICAL SPY C L=760/S=763 x1 débito<=2.58
════════════════════════════════════════════════════════════
  14:26:38 C a3 mny +4 -> RECHAZADA  MARGEN (mid 2.660, spr 4.5%)
2026-08-20 14:26:48 | DATA   | cadena 20260820: 98 contratos (ITM+OTM C/P) capturados y cancelados (spot 763.54)
2026-08-20 14:26:55 | DATA   | cadena 20260820: 98 contratos (ITM+OTM C/P) capturados y cancelados (spot 763.54)
════════════════════════════════════════════════════════════
🔔 2026-08-20 14:27:01 | ORDEN | COMPRA VERTICAL SPY C L=760/S=764 x1 débito<=3.15
════════════════════════════════════════════════════════════
  14:26:55 C a4 mny +4 -> RECHAZADA  MARGEN (mid 3.120, spr 1.3%)
════════════════════════════════════════════════════════════
🔔 2026-08-20 14:27:07 | ORDEN | COMPRA VERTICAL SPY C L=759/S=761 x1 débito<=1.93
════════════════════════════════════════════════════════════
  14:27:04 C a2 mny +5 -> NO_LLENA    (mid 1.925, spr 9.9%)
════════════════════════════════════════════════════════════
🔔 2026-08-20 14:27:32 | ORDEN | COMPRA VERTICAL SPY C L=759/S=762 x1 débito<=2.82
════════════════════════════════════════════════════════════
  14:27:29 C a3 mny +5 -> RECHAZADA  MARGEN (mid 2.805, spr 6.8%)
════════════════════════════════════════════════════════════
🔔 2026-08-20 14:27:37 | ORDEN | COMPRA VERTICAL SPY C L=759/S=763 x1 débito<=3.58
════════════════════════════════════════════════════════════
  14:27:34 C a4 mny +5 -> RECHAZADA  MARGEN (mid 3.560, spr 5.1%)
  -> pasada 7: 16 pruebas

═══ PASADA 8 — 14:27 ═══
2026-08-20 14:27:44 | DATA   | cadena 20260820: 98 contratos (ITM+OTM C/P) capturados y cancelados (spot 763.51)
2026-08-20 14:27:51 | DATA   | cadena 20260820: 98 contratos (ITM+OTM C/P) capturados y cancelados (spot 763.51)
════════════════════════════════════════════════════════════
🔔 2026-08-20 14:27:57 | ORDEN | COMPRA VERTICAL SPY P L=759/S=757 x1 débito<=0.01
════════════════════════════════════════════════════════════
  14:27:51 P a2 mny -5 -> NO_LLENA    (mid 0.020, spr 100.0%)
════════════════════════════════════════════════════════════
🔔 2026-08-20 14:28:22 | ORDEN | COMPRA VERTICAL SPY P L=759/S=756 x1 débito<=0.02
════════════════════════════════════════════════════════════
  14:28:19 P a3 mny -5 -> NO_LLENA    (mid 0.020, spr 100.0%)
════════════════════════════════════════════════════════════
🔔 2026-08-20 14:28:47 | ORDEN | COMPRA VERTICAL SPY P L=759/S=755 x1 débito<=0.02
════════════════════════════════════════════════════════════
  14:28:44 P a4 mny -5 -> NO_LLENA    (mid 0.020, spr 100.0%)
════════════════════════════════════════════════════════════
🔔 2026-08-20 14:29:12 | ORDEN | COMPRA VERTICAL SPY P L=761/S=759 x1 débito<=0.07
════════════════════════════════════════════════════════════
2026-08-20 14:29:27 | DATA   | cadena 20260820: 14 contratos (ITM+OTM C/P) capturados y cancelados (spot 763.51)
════════════════════════════════════════════════════════════
🔔 2026-08-20 14:29:55 | RIESGO | BAG no cerró (2 pata/s viva/s) — cierre por patas al MID
════════════════════════════════════════════════════════════
════════════════════════════════════════════════════════════
🔔 2026-08-20 14:29:55 | ORDEN | CIERRE MERCADO SPY P 759 x1
════════════════════════════════════════════════════════════
════════════════════════════════════════════════════════════
🔔 2026-08-20 14:30:03 | ORDEN | CIERRE MERCADO SPY P 761 x1
════════════════════════════════════════════════════════════
  14:29:08 P a2 mny -3 -> C 0.070 en 11.6s (-22.2%) | V 0.060 en 40.5s FORZ | -1.0$
════════════════════════════════════════════════════════════
🔔 2026-08-20 14:30:14 | ORDEN | COMPRA VERTICAL SPY P L=761/S=758 x1 débito<=0.08
════════════════════════════════════════════════════════════
2026-08-20 14:30:29 | DATA   | cadena 20260820: 14 contratos (ITM+OTM C/P) capturados y cancelados (spot 763.51)
════════════════════════════════════════════════════════════
🔔 2026-08-20 14:30:33 | RIESGO | BAG no cerró (2 pata/s viva/s) — cierre por patas al MID
════════════════════════════════════════════════════════════
════════════════════════════════════════════════════════════
🔔 2026-08-20 14:30:33 | ORDEN | CIERRE MERCADO SPY P 758 x1
════════════════════════════════════════════════════════════
════════════════════════════════════════════════════════════
🔔 2026-08-20 14:30:41 | ORDEN | CIERRE MERCADO SPY P 761 x1
════════════════════════════════════════════════════════════
  14:30:11 P a3 mny -3 -> C 0.080 en 11.7s (-20.0%) | V 0.070 en 16.2s FORZ | -1.0$
════════════════════════════════════════════════════════════
🔔 2026-08-20 14:30:52 | ORDEN | COMPRA VERTICAL SPY P L=761/S=757 x1 débito<=0.09
════════════════════════════════════════════════════════════
  14:30:49 P a4 mny -3 -> NO_LLENA    (mid 0.110, spr 18.2%)
2026-08-20 14:31:19 | DATA   | cadena 20260820: 98 contratos (ITM+OTM C/P) capturados y cancelados (spot 763.50)
2026-08-20 14:31:26 | DATA   | cadena 20260820: 98 contratos (ITM+OTM C/P) capturados y cancelados (spot 763.50)
════════════════════════════════════════════════════════════
🔔 2026-08-20 14:31:32 | ORDEN | COMPRA VERTICAL SPY P L=762/S=760 x1 débito<=0.15
════════════════════════════════════════════════════════════
  14:31:26 P a2 mny -2 -> NO_LLENA    (mid 0.160, spr 12.5%)
════════════════════════════════════════════════════════════
🔔 2026-08-20 14:31:57 | ORDEN | COMPRA VERTICAL SPY P L=762/S=759 x1 débito<=0.19
════════════════════════════════════════════════════════════
2026-08-20 14:32:01 | DATA   | cadena 20260820: 14 contratos (ITM+OTM C/P) capturados y cancelados (spot 763.50)
════════════════════════════════════════════════════════════
🔔 2026-08-20 14:32:28 | RIESGO | BAG no cerró (2 pata/s viva/s) — cierre por patas al MID
════════════════════════════════════════════════════════════
════════════════════════════════════════════════════════════
🔔 2026-08-20 14:32:28 | ORDEN | CIERRE MERCADO SPY P 759 x1
════════════════════════════════════════════════════════════
════════════════════════════════════════════════════════════
🔔 2026-08-20 14:32:36 | ORDEN | CIERRE MERCADO SPY P 762 x1
════════════════════════════════════════════════════════════
  14:31:54 P a3 mny -2 -> C 0.190 en  0.5s (+5.6%) | V 0.170 en 40.5s FORZ | -2.0$
════════════════════════════════════════════════════════════
🔔 2026-08-20 14:32:47 | ORDEN | COMPRA VERTICAL SPY P L=762/S=758 x1 débito<=0.20
════════════════════════════════════════════════════════════
  14:32:44 P a4 mny -2 -> NO_LLENA    (mid 0.190, spr 10.5%)
════════════════════════════════════════════════════════════
🔔 2026-08-20 14:33:12 | ORDEN | COMPRA VERTICAL SPY P L=762/S=760 x1 débito<=0.17
════════════════════════════════════════════════════════════
  14:33:09 P a2 mny -1 -> NO_LLENA    (mid 0.160, spr 12.5%)
════════════════════════════════════════════════════════════
🔔 2026-08-20 14:33:37 | ORDEN | COMPRA VERTICAL SPY P L=762/S=759 x1 débito<=0.21
════════════════════════════════════════════════════════════
  14:33:34 P a3 mny -1 -> NO_LLENA    (mid 0.180, spr 11.1%)
════════════════════════════════════════════════════════════
🔔 2026-08-20 14:34:01 | ORDEN | COMPRA VERTICAL SPY P L=762/S=758 x1 débito<=0.24
════════════════════════════════════════════════════════════
2026-08-20 14:34:07 | DATA   | cadena 20260820: 14 contratos (ITM+OTM C/P) capturados y cancelados (spot 763.50)
════════════════════════════════════════════════════════════
🔔 2026-08-20 14:34:12 | RIESGO | BAG no cerró (2 pata/s viva/s) — cierre por patas al MID
════════════════════════════════════════════════════════════
════════════════════════════════════════════════════════════
🔔 2026-08-20 14:34:12 | ORDEN | CIERRE MERCADO SPY P 758 x1
════════════════════════════════════════════════════════════
════════════════════════════════════════════════════════════
🔔 2026-08-20 14:34:20 | ORDEN | CIERRE MERCADO SPY P 762 x1
════════════════════════════════════════════════════════════
  14:33:59 P a4 mny -1 -> C 0.240 en  1.5s (+26.3%) | V 0.220 en 16.1s FORZ | -2.0$
2026-08-20 14:34:33 | DATA   | cadena 20260820: 98 contratos (ITM+OTM C/P) capturados y cancelados (spot 763.29)
2026-08-20 14:34:40 | DATA   | cadena 20260820: 98 contratos (ITM+OTM C/P) capturados y cancelados (spot 763.29)
════════════════════════════════════════════════════════════
🔔 2026-08-20 14:34:46 | ORDEN | COMPRA VERTICAL SPY P L=763/S=761 x1 débito<=0.41
════════════════════════════════════════════════════════════
  14:34:40 P a2 mny +0 -> RECHAZADA  MARGEN (mid 0.430, spr 4.7%)
════════════════════════════════════════════════════════════
🔔 2026-08-20 14:34:51 | ORDEN | COMPRA VERTICAL SPY P L=763/S=760 x1 débito<=0.47
════════════════════════════════════════════════════════════
  14:34:48 P a3 mny +0 -> RECHAZADA  MARGEN (mid 0.490, spr 4.1%)
════════════════════════════════════════════════════════════
🔔 2026-08-20 14:34:56 | ORDEN | COMPRA VERTICAL SPY P L=763/S=759 x1 débito<=0.50
════════════════════════════════════════════════════════════
  14:34:53 P a4 mny +0 -> RECHAZADA  MARGEN (mid 0.520, spr 3.8%)
════════════════════════════════════════════════════════════
🔔 2026-08-20 14:35:01 | ORDEN | COMPRA VERTICAL SPY C L=761/S=763 x1 débito<=1.60
════════════════════════════════════════════════════════════
  14:34:58 C a2 mny +2 -> RECHAZADA  MARGEN (mid 1.575, spr 1.9%)
════════════════════════════════════════════════════════════
🔔 2026-08-20 14:35:06 | ORDEN | COMPRA VERTICAL SPY C L=760/S=762 x1 débito<=1.82
════════════════════════════════════════════════════════════
  14:35:03 C a2 mny +3 -> RECHAZADA  MARGEN (mid 1.800, spr 2.2%)
════════════════════════════════════════════════════════════
🔔 2026-08-20 14:35:12 | ORDEN | COMPRA VERTICAL SPY C L=760/S=763 x1 débito<=2.58
════════════════════════════════════════════════════════════
  14:35:09 C a3 mny +3 -> RECHAZADA  MARGEN (mid 2.515, spr 1.2%)
2026-08-20 14:35:19 | DATA   | cadena 20260820: 98 contratos (ITM+OTM C/P) capturados y cancelados (spot 763.32)
2026-08-20 14:35:26 | DATA   | cadena 20260820: 98 contratos (ITM+OTM C/P) capturados y cancelados (spot 763.32)
2026-08-20 14:35:34 | DATA   | cadena 20260820: 98 contratos (ITM+OTM C/P) capturados y cancelados (spot 763.32)
2026-08-20 14:35:41 | DATA   | cadena 20260820: 98 contratos (ITM+OTM C/P) capturados y cancelados (spot 763.32)
════════════════════════════════════════════════════════════
🔔 2026-08-20 14:35:47 | ORDEN | COMPRA VERTICAL SPY C L=759/S=761 x1 débito<=1.94
════════════════════════════════════════════════════════════
  14:35:41 C a2 mny +4 -> NO_LLENA    (mid 1.950, spr 9.2%)
════════════════════════════════════════════════════════════
🔔 2026-08-20 14:36:13 | ORDEN | COMPRA VERTICAL SPY P L=767/S=765 x1 débito<=1.89
════════════════════════════════════════════════════════════
  14:36:09 P a2 mny +4 -> RECHAZADA  MARGEN (mid 1.855, spr 8.1%)
════════════════════════════════════════════════════════════
🔔 2026-08-20 14:36:18 | ORDEN | COMPRA VERTICAL SPY C L=759/S=762 x1 débito<=2.81
════════════════════════════════════════════════════════════
  14:36:15 C a3 mny +4 -> RECHAZADA  MARGEN (mid 2.825, spr 6.0%)
════════════════════════════════════════════════════════════
🔔 2026-08-20 14:36:23 | ORDEN | COMPRA VERTICAL SPY P L=767/S=764 x1 débito<=2.63
════════════════════════════════════════════════════════════
  14:36:20 P a3 mny +4 -> RECHAZADA  MARGEN (mid 2.600, spr 5.4%)
════════════════════════════════════════════════════════════
🔔 2026-08-20 14:36:28 | ORDEN | COMPRA VERTICAL SPY C L=759/S=763 x1 débito<=3.57
════════════════════════════════════════════════════════════
  14:36:25 C a4 mny +4 -> RECHAZADA  MARGEN (mid 3.560, spr 4.5%)
════════════════════════════════════════════════════════════
🔔 2026-08-20 14:36:33 | ORDEN | COMPRA VERTICAL SPY P L=767/S=763 x1 débito<=3.10
════════════════════════════════════════════════════════════
  14:36:30 P a4 mny +4 -> RECHAZADA  MARGEN (mid 3.095, spr 4.2%)
2026-08-20 14:36:40 | DATA   | cadena 20260820: 98 contratos (ITM+OTM C/P) capturados y cancelados (spot 763.37)
════════════════════════════════════════════════════════════
🔔 2026-08-20 14:36:46 | ORDEN | COMPRA VERTICAL SPY C L=758/S=760 x1 débito<=1.95
════════════════════════════════════════════════════════════
  14:36:40 C a2 mny +5 -> NO_LLENA    (mid 1.970, spr 11.2%)
════════════════════════════════════════════════════════════
🔔 2026-08-20 14:37:11 | ORDEN | COMPRA VERTICAL SPY C L=758/S=761 x1 débito<=2.88
════════════════════════════════════════════════════════════
  14:37:08 C a3 mny +5 -> NO_LLENA    (mid 2.925, spr 5.1%)
════════════════════════════════════════════════════════════
🔔 2026-08-20 14:37:36 | ORDEN | COMPRA VERTICAL SPY C L=758/S=762 x1 débito<=3.83
════════════════════════════════════════════════════════════
  14:37:33 C a4 mny +5 -> RECHAZADA  MARGEN (mid 3.815, spr 3.9%)
  -> pasada 8: 27 pruebas

═══ PASADA 9 — 14:37 ═══
2026-08-20 14:37:43 | DATA   | cadena 20260820: 98 contratos (ITM+OTM C/P) capturados y cancelados (spot 763.60)
2026-08-20 14:37:50 | DATA   | cadena 20260820: 98 contratos (ITM+OTM C/P) capturados y cancelados (spot 763.60)
════════════════════════════════════════════════════════════
🔔 2026-08-20 14:37:56 | ORDEN | COMPRA VERTICAL SPY P L=759/S=757 x1 débito<=0.01
════════════════════════════════════════════════════════════
  14:37:50 P a2 mny -5 -> NO_LLENA    (mid 0.020, spr 100.0%)
════════════════════════════════════════════════════════════
🔔 2026-08-20 14:38:21 | ORDEN | COMPRA VERTICAL SPY P L=759/S=756 x1 débito<=0.02
════════════════════════════════════════════════════════════
  14:38:18 P a3 mny -5 -> NO_LLENA    (mid 0.020, spr 100.0%)
════════════════════════════════════════════════════════════
🔔 2026-08-20 14:38:46 | ORDEN | COMPRA VERTICAL SPY P L=759/S=755 x1 débito<=0.02
════════════════════════════════════════════════════════════
  14:38:43 P a4 mny -5 -> NO_LLENA    (mid 0.020, spr 100.0%)
════════════════════════════════════════════════════════════
🔔 2026-08-20 14:39:12 | ORDEN | COMPRA VERTICAL SPY P L=761/S=759 x1 débito<=0.06
════════════════════════════════════════════════════════════
2026-08-20 14:39:16 | DATA   | cadena 20260820: 14 contratos (ITM+OTM C/P) capturados y cancelados (spot 763.60)
════════════════════════════════════════════════════════════
🔔 2026-08-20 14:39:44 | RIESGO | BAG no cerró (2 pata/s viva/s) — cierre por patas al MID
════════════════════════════════════════════════════════════
════════════════════════════════════════════════════════════
🔔 2026-08-20 14:39:44 | ORDEN | CIERRE MERCADO SPY P 759 x1
════════════════════════════════════════════════════════════
════════════════════════════════════════════════════════════
🔔 2026-08-20 14:39:52 | ORDEN | CIERRE MERCADO SPY P 761 x1
════════════════════════════════════════════════════════════
  14:39:08 P a2 mny -3 -> C 0.060 en  0.5s (+0.0%) | V 0.040 en 40.4s FORZ | -2.0$
════════════════════════════════════════════════════════════
🔔 2026-08-20 14:40:03 | ORDEN | COMPRA VERTICAL SPY P L=761/S=758 x1 débito<=0.06
════════════════════════════════════════════════════════════
  14:40:00 P a3 mny -3 -> NO_LLENA    (mid 0.070, spr 28.6%)
════════════════════════════════════════════════════════════
🔔 2026-08-20 14:40:28 | ORDEN | COMPRA VERTICAL SPY P L=761/S=757 x1 débito<=0.08
════════════════════════════════════════════════════════════
  14:40:25 P a4 mny -3 -> NO_LLENA    (mid 0.080, spr 25.0%)
2026-08-20 14:40:55 | DATA   | cadena 20260820: 98 contratos (ITM+OTM C/P) capturados y cancelados (spot 763.42)
2026-08-20 14:41:03 | DATA   | cadena 20260820: 98 contratos (ITM+OTM C/P) capturados y cancelados (spot 763.42)
2026-08-20 14:41:12 | DATA   | cadena 20260820: 98 contratos (ITM+OTM C/P) capturados y cancelados (spot 763.32)
2026-08-20 14:41:20 | DATA   | cadena 20260820: 98 contratos (ITM+OTM C/P) capturados y cancelados (spot 763.32)
════════════════════════════════════════════════════════════
🔔 2026-08-20 14:41:26 | ORDEN | COMPRA VERTICAL SPY P L=761/S=758 x1 débito<=0.08
════════════════════════════════════════════════════════════
  14:41:20 P a3 mny -2 -> NO_LLENA    (mid 0.080, spr 25.0%)
════════════════════════════════════════════════════════════
🔔 2026-08-20 14:41:51 | ORDEN | COMPRA VERTICAL SPY P L=761/S=757 x1 débito<=0.09
════════════════════════════════════════════════════════════
  14:41:48 P a4 mny -2 -> NO_LLENA    (mid 0.090, spr 22.2%)
════════════════════════════════════════════════════════════
🔔 2026-08-20 14:42:15 | ORDEN | COMPRA VERTICAL SPY P L=762/S=760 x1 débito<=0.17
════════════════════════════════════════════════════════════
2026-08-20 14:42:24 | DATA   | cadena 20260820: 14 contratos (ITM+OTM C/P) capturados y cancelados (spot 763.32)
════════════════════════════════════════════════════════════
🔔 2026-08-20 14:42:27 | RIESGO | BAG no cerró (2 pata/s viva/s) — cierre por patas al MID
════════════════════════════════════════════════════════════
════════════════════════════════════════════════════════════
🔔 2026-08-20 14:42:28 | ORDEN | CIERRE MERCADO SPY P 760 x1
════════════════════════════════════════════════════════════
════════════════════════════════════════════════════════════
🔔 2026-08-20 14:42:36 | ORDEN | CIERRE MERCADO SPY P 762 x1
════════════════════════════════════════════════════════════
  14:42:13 P a2 mny -1 -> C 0.170 en  5.1s (+0.0%) | V 0.130 en 16.1s FORZ | -4.0$
════════════════════════════════════════════════════════════
🔔 2026-08-20 14:42:46 | ORDEN | COMPRA VERTICAL SPY P L=762/S=759 x1 débito<=0.15
════════════════════════════════════════════════════════════
  14:42:44 P a3 mny -1 -> NO_LLENA    (mid 0.190, spr 10.5%)
════════════════════════════════════════════════════════════
🔔 2026-08-20 14:43:11 | ORDEN | COMPRA VERTICAL SPY P L=762/S=758 x1 débito<=0.16
════════════════════════════════════════════════════════════
2026-08-20 14:43:32 | DATA   | cadena 20260820: 14 contratos (ITM+OTM C/P) capturados y cancelados (spot 763.32)
════════════════════════════════════════════════════════════
🔔 2026-08-20 14:43:36 | RIESGO | BAG no cerró (2 pata/s viva/s) — cierre por patas al MID
════════════════════════════════════════════════════════════
════════════════════════════════════════════════════════════
🔔 2026-08-20 14:43:36 | ORDEN | CIERRE MERCADO SPY P 758 x1
════════════════════════════════════════════════════════════
════════════════════════════════════════════════════════════
🔔 2026-08-20 14:43:44 | ORDEN | CIERRE MERCADO SPY P 762 x1
════════════════════════════════════════════════════════════
  14:43:08 P a4 mny -1 -> C 0.160 en 17.2s (-20.0%) | V 0.150 en 16.2s FORZ | -1.0$
════════════════════════════════════════════════════════════
🔔 2026-08-20 14:43:55 | ORDEN | COMPRA VERTICAL SPY C L=761/S=763 x1 débito<=1.67
════════════════════════════════════════════════════════════
  14:43:52 C a2 mny +2 -> RECHAZADA  MARGEN (mid 1.605, spr 1.9%)
2026-08-20 14:44:02 | DATA   | cadena 20260820: 98 contratos (ITM+OTM C/P) capturados y cancelados (spot 763.50)
2026-08-20 14:44:11 | DATA   | cadena 20260820: 98 contratos (ITM+OTM C/P) capturados y cancelados (spot 763.50)
2026-08-20 14:44:20 | DATA   | cadena 20260820: 98 contratos (ITM+OTM C/P) capturados y cancelados (spot 763.54)
2026-08-20 14:44:27 | DATA   | cadena 20260820: 98 contratos (ITM+OTM C/P) capturados y cancelados (spot 763.54)
2026-08-20 14:44:35 | DATA   | cadena 20260820: 98 contratos (ITM+OTM C/P) capturados y cancelados (spot 763.54)
2026-08-20 14:44:42 | DATA   | cadena 20260820: 98 contratos (ITM+OTM C/P) capturados y cancelados (spot 763.54)
════════════════════════════════════════════════════════════
🔔 2026-08-20 14:44:48 | ORDEN | COMPRA VERTICAL SPY C L=761/S=763 x1 débito<=1.66
════════════════════════════════════════════════════════════
  14:44:42 C a2 mny +3 -> RECHAZADA  MARGEN (mid 1.660, spr 2.4%)
════════════════════════════════════════════════════════════
🔔 2026-08-20 14:44:53 | ORDEN | COMPRA VERTICAL SPY C L=760/S=762 x1 débito<=1.84
════════════════════════════════════════════════════════════
  14:44:50 C a2 mny +4 -> RECHAZADA  MARGEN (mid 1.870, spr 6.4%)
════════════════════════════════════════════════════════════
🔔 2026-08-20 14:44:58 | ORDEN | COMPRA VERTICAL SPY C L=760/S=763 x1 débito<=2.62
════════════════════════════════════════════════════════════
  14:44:55 C a3 mny +4 -> RECHAZADA  MARGEN (mid 2.630, spr 3.8%)
════════════════════════════════════════════════════════════
🔔 2026-08-20 14:45:03 | ORDEN | COMPRA VERTICAL SPY C L=759/S=761 x1 débito<=2.00
════════════════════════════════════════════════════════════
2026-08-20 14:45:22 | DATA   | cadena 20260820: 14 contratos (ITM+OTM C/P) capturados y cancelados (spot 763.54)
════════════════════════════════════════════════════════════
🔔 2026-08-20 14:45:25 | RIESGO | BAG no cerró (2 pata/s viva/s) — cierre por patas al MID
════════════════════════════════════════════════════════════
════════════════════════════════════════════════════════════
🔔 2026-08-20 14:45:25 | ORDEN | CIERRE MERCADO SPY C 761 x1
════════════════════════════════════════════════════════════
════════════════════════════════════════════════════════════
🔔 2026-08-20 14:45:33 | ORDEN | CIERRE MERCADO SPY C 759 x1
════════════════════════════════════════════════════════════
  14:45:00 C a2 mny +5 -> C 2.000 en 15.8s (+0.8%) | V 1.830 en 16.1s FORZ | -17.0$
════════════════════════════════════════════════════════════
🔔 2026-08-20 14:45:44 | ORDEN | COMPRA VERTICAL SPY C L=759/S=762 x1 débito<=2.85
════════════════════════════════════════════════════════════
  14:45:41 C a3 mny +5 -> RECHAZADA  MARGEN (mid 2.885, spr 6.6%)
════════════════════════════════════════════════════════════
🔔 2026-08-20 14:45:49 | ORDEN | COMPRA VERTICAL SPY C L=759/S=763 x1 débito<=3.62
════════════════════════════════════════════════════════════
  14:45:46 C a4 mny +5 -> RECHAZADA  MARGEN (mid 3.645, spr 4.7%)
2026-08-20 14:45:56 | DATA   | cadena 20260820: 98 contratos (ITM+OTM C/P) capturados y cancelados (spot 763.55)
2026-08-20 14:46:03 | DATA   | cadena 20260820: 98 contratos (ITM+OTM C/P) capturados y cancelados (spot 763.55)
  -> pasada 9: 18 pruebas

═══ PASADA 10 — 14:46 ═══
2026-08-20 14:46:12 | DATA   | cadena 20260820: 98 contratos (ITM+OTM C/P) capturados y cancelados (spot 763.55)
2026-08-20 14:46:21 | DATA   | cadena 20260820: 98 contratos (ITM+OTM C/P) capturados y cancelados (spot 763.53)
2026-08-20 14:46:28 | DATA   | cadena 20260820: 98 contratos (ITM+OTM C/P) capturados y cancelados (spot 763.53)
2026-08-20 14:46:36 | DATA   | cadena 20260820: 98 contratos (ITM+OTM C/P) capturados y cancelados (spot 763.53)
2026-08-20 14:46:43 | DATA   | cadena 20260820: 98 contratos (ITM+OTM C/P) capturados y cancelados (spot 763.53)
2026-08-20 14:46:51 | DATA   | cadena 20260820: 98 contratos (ITM+OTM C/P) capturados y cancelados (spot 763.53)
2026-08-20 14:46:58 | DATA   | cadena 20260820: 98 contratos (ITM+OTM C/P) capturados y cancelados (spot 763.53)
2026-08-20 14:47:06 | DATA   | cadena 20260820: 98 contratos (ITM+OTM C/P) capturados y cancelados (spot 763.53)
════════════════════════════════════════════════════════════
🔔 2026-08-20 14:47:15 | ORDEN | COMPRA VERTICAL SPY P L=761/S=759 x1 débito<=0.06
════════════════════════════════════════════════════════════
  14:47:06 P a2 mny -3 -> NO_LLENA    (mid 0.060, spr 33.3%)
════════════════════════════════════════════════════════════
🔔 2026-08-20 14:47:40 | ORDEN | COMPRA VERTICAL SPY P L=761/S=758 x1 débito<=0.06
════════════════════════════════════════════════════════════
  14:47:37 P a3 mny -3 -> NO_LLENA    (mid 0.070, spr 28.6%)
════════════════════════════════════════════════════════════
🔔 2026-08-20 14:48:04 | ORDEN | COMPRA VERTICAL SPY P L=761/S=757 x1 débito<=0.06
════════════════════════════════════════════════════════════
2026-08-20 14:48:19 | DATA   | cadena 20260820: 14 contratos (ITM+OTM C/P) capturados y cancelados (spot 763.53)
════════════════════════════════════════════════════════════
🔔 2026-08-20 14:48:23 | RIESGO | BAG no cerró (2 pata/s viva/s) — cierre por patas al MID
════════════════════════════════════════════════════════════
════════════════════════════════════════════════════════════
🔔 2026-08-20 14:48:23 | ORDEN | CIERRE MERCADO SPY P 757 x1
════════════════════════════════════════════════════════════
════════════════════════════════════════════════════════════
🔔 2026-08-20 14:48:31 | ORDEN | CIERRE MERCADO SPY P 761 x1
════════════════════════════════════════════════════════════
  14:48:01 P a4 mny -3 -> C 0.060 en 11.7s (-14.3%) | V 0.040 en 16.2s FORZ | -2.0$
════════════════════════════════════════════════════════════
🔔 2026-08-20 14:48:42 | ORDEN | COMPRA VERTICAL SPY C L=760/S=762 x1 débito<=1.89
════════════════════════════════════════════════════════════
  14:48:39 C a2 mny +4 -> RECHAZADA  MARGEN (mid 1.825, spr 8.2%)
════════════════════════════════════════════════════════════
🔔 2026-08-20 14:48:47 | ORDEN | COMPRA VERTICAL SPY C L=759/S=761 x1 débito<=1.95
════════════════════════════════════════════════════════════
  14:48:44 C a2 mny +5 -> NO_LLENA    (mid 1.915, spr 9.9%)
════════════════════════════════════════════════════════════
🔔 2026-08-20 14:49:11 | ORDEN | COMPRA VERTICAL SPY C L=759/S=762 x1 débito<=2.88
════════════════════════════════════════════════════════════
  14:49:09 C a3 mny +5 -> RECHAZADA  MARGEN (mid 2.815, spr 6.7%)
2026-08-20 14:49:19 | DATA   | cadena 20260820: 98 contratos (ITM+OTM C/P) capturados y cancelados (spot 763.79)
════════════════════════════════════════════════════════════
🔔 2026-08-20 14:49:25 | ORDEN | COMPRA VERTICAL SPY P L=769/S=766 x1 débito<=2.98
════════════════════════════════════════════════════════════
  14:49:19 P a3 mny +5 -> NO_LLENA    (mid 2.920, spr 5.5%)
════════════════════════════════════════════════════════════
🔔 2026-08-20 14:49:49 | ORDEN | COMPRA VERTICAL SPY C L=759/S=763 x1 débito<=3.68
════════════════════════════════════════════════════════════
  14:49:47 C a4 mny +5 -> RECHAZADA  MARGEN (mid 3.715, spr 3.5%)
════════════════════════════════════════════════════════════
🔔 2026-08-20 14:49:54 | ORDEN | COMPRA VERTICAL SPY P L=769/S=765 x1 débito<=3.81
════════════════════════════════════════════════════════════
  14:49:51 P a4 mny +5 -> RECHAZADA  MARGEN (mid 3.795, spr 4.5%)
  -> pasada 10: 9 pruebas

═══ PASADA 11 — 14:49 ═══
2026-08-20 14:50:01 | DATA   | cadena 20260820: 98 contratos (ITM+OTM C/P) capturados y cancelados (spot 763.79)
2026-08-20 14:50:10 | DATA   | cadena 20260820: 98 contratos (ITM+OTM C/P) capturados y cancelados (spot 763.79)
2026-08-20 14:50:19 | DATA   | cadena 20260820: 98 contratos (ITM+OTM C/P) capturados y cancelados (spot 763.71)
2026-08-20 14:50:26 | DATA   | cadena 20260820: 98 contratos (ITM+OTM C/P) capturados y cancelados (spot 763.71)
2026-08-20 14:50:34 | DATA   | cadena 20260820: 98 contratos (ITM+OTM C/P) capturados y cancelados (spot 763.71)
2026-08-20 14:50:41 | DATA   | cadena 20260820: 98 contratos (ITM+OTM C/P) capturados y cancelados (spot 763.71)
2026-08-20 14:50:49 | DATA   | cadena 20260820: 98 contratos (ITM+OTM C/P) capturados y cancelados (spot 763.71)
2026-08-20 14:50:56 | DATA   | cadena 20260820: 98 contratos (ITM+OTM C/P) capturados y cancelados (spot 763.71)
════════════════════════════════════════════════════════════
🔔 2026-08-20 14:51:02 | ORDEN | COMPRA VERTICAL SPY P L=761/S=759 x1 débito<=0.04
════════════════════════════════════════════════════════════
  14:50:56 P a2 mny -3 -> NO_LLENA    (mid 0.040, spr 50.0%)
════════════════════════════════════════════════════════════
🔔 2026-08-20 14:51:27 | ORDEN | COMPRA VERTICAL SPY P L=761/S=758 x1 débito<=0.05
════════════════════════════════════════════════════════════
  14:51:24 P a3 mny -3 -> NO_LLENA    (mid 0.050, spr 40.0%)
════════════════════════════════════════════════════════════
🔔 2026-08-20 14:51:51 | ORDEN | COMPRA VERTICAL SPY P L=761/S=757 x1 débito<=0.05
════════════════════════════════════════════════════════════
  14:51:48 P a4 mny -3 -> NO_LLENA    (mid 0.050, spr 40.0%)
════════════════════════════════════════════════════════════
🔔 2026-08-20 14:52:16 | ORDEN | COMPRA VERTICAL SPY P L=762/S=760 x1 débito<=0.10
════════════════════════════════════════════════════════════
  14:52:13 P a2 mny -2 -> NO_LLENA    (mid 0.110, spr 18.2%)
════════════════════════════════════════════════════════════
🔔 2026-08-20 14:52:40 | ORDEN | COMPRA VERTICAL SPY P L=762/S=759 x1 débito<=0.11
════════════════════════════════════════════════════════════
  14:52:38 P a3 mny -2 -> NO_LLENA    (mid 0.120, spr 16.7%)
════════════════════════════════════════════════════════════
🔔 2026-08-20 14:53:05 | ORDEN | COMPRA VERTICAL SPY P L=762/S=758 x1 débito<=0.12
════════════════════════════════════════════════════════════
  14:53:02 P a4 mny -2 -> NO_LLENA    (mid 0.130, spr 15.4%)
2026-08-20 14:53:32 | DATA   | cadena 20260820: 98 contratos (ITM+OTM C/P) capturados y cancelados (spot 763.64)
2026-08-20 14:53:39 | DATA   | cadena 20260820: 98 contratos (ITM+OTM C/P) capturados y cancelados (spot 763.64)
2026-08-20 14:53:47 | DATA   | cadena 20260820: 98 contratos (ITM+OTM C/P) capturados y cancelados (spot 763.64)
2026-08-20 14:53:54 | DATA   | cadena 20260820: 98 contratos (ITM+OTM C/P) capturados y cancelados (spot 763.64)
════════════════════════════════════════════════════════════
🔔 2026-08-20 14:54:00 | ORDEN | COMPRA VERTICAL SPY P L=763/S=760 x1 débito<=0.33
════════════════════════════════════════════════════════════
  14:53:54 P a3 mny -1 -> RECHAZADA  MARGEN (mid 0.330, spr 6.1%)
════════════════════════════════════════════════════════════
🔔 2026-08-20 14:54:06 | ORDEN | COMPRA VERTICAL SPY P L=763/S=759 x1 débito<=0.33
════════════════════════════════════════════════════════════
  14:54:02 P a4 mny -1 -> RECHAZADA  MARGEN (mid 0.340, spr 5.9%)
════════════════════════════════════════════════════════════
🔔 2026-08-20 14:54:12 | ORDEN | COMPRA VERTICAL SPY C L=761/S=763 x1 débito<=1.70
════════════════════════════════════════════════════════════
  14:54:09 C a2 mny +3 -> RECHAZADA  MARGEN (mid 1.685, spr 3.0%)
════════════════════════════════════════════════════════════
🔔 2026-08-20 14:54:17 | ORDEN | COMPRA VERTICAL SPY C L=760/S=762 x1 débito<=1.88
════════════════════════════════════════════════════════════
  14:54:14 C a2 mny +4 -> RECHAZADA  MARGEN (mid 1.920, spr 8.3%)
════════════════════════════════════════════════════════════
🔔 2026-08-20 14:54:22 | ORDEN | COMPRA VERTICAL SPY C L=760/S=763 x1 débito<=2.69
════════════════════════════════════════════════════════════
  14:54:19 C a3 mny +4 -> RECHAZADA  MARGEN (mid 2.695, spr 5.6%)
════════════════════════════════════════════════════════════
🔔 2026-08-20 14:54:26 | ORDEN | COMPRA VERTICAL SPY C L=759/S=761 x1 débito<=1.90
════════════════════════════════════════════════════════════
  14:54:24 C a2 mny +5 -> NO_LLENA    (mid 2.005, spr 9.5%)
2026-08-20 14:54:53 | DATA   | cadena 20260820: 98 contratos (ITM+OTM C/P) capturados y cancelados (spot 763.55)
2026-08-20 14:55:01 | DATA   | cadena 20260820: 98 contratos (ITM+OTM C/P) capturados y cancelados (spot 763.55)
════════════════════════════════════════════════════════════
🔔 2026-08-20 14:55:07 | ORDEN | COMPRA VERTICAL SPY C L=759/S=762 x1 débito<=2.87
════════════════════════════════════════════════════════════
  14:55:01 C a3 mny +5 -> RECHAZADA  MARGEN (mid 2.875, spr 6.6%)
════════════════════════════════════════════════════════════
🔔 2026-08-20 14:55:13 | ORDEN | COMPRA VERTICAL SPY P L=769/S=766 x1 débito<=2.96
════════════════════════════════════════════════════════════
  14:55:10 P a3 mny +5 -> NO_LLENA    (mid 2.950, spr 6.1%)
════════════════════════════════════════════════════════════
🔔 2026-08-20 14:55:38 | ORDEN | COMPRA VERTICAL SPY C L=759/S=763 x1 débito<=3.70
════════════════════════════════════════════════════════════
  14:55:35 C a4 mny +5 -> RECHAZADA  MARGEN (mid 3.665, spr 5.2%)
════════════════════════════════════════════════════════════
🔔 2026-08-20 14:55:43 | ORDEN | COMPRA VERTICAL SPY P L=769/S=765 x1 débito<=3.84
════════════════════════════════════════════════════════════
  14:55:40 P a4 mny +5 -> RECHAZADA  MARGEN (mid 3.865, spr 3.4%)
  -> pasada 11: 16 pruebas

═══ PASADA 12 — 14:55 ═══
2026-08-20 14:55:50 | DATA   | cadena 20260820: 98 contratos (ITM+OTM C/P) capturados y cancelados (spot 763.61)
2026-08-20 14:55:57 | DATA   | cadena 20260820: 98 contratos (ITM+OTM C/P) capturados y cancelados (spot 763.61)
2026-08-20 14:56:04 | DATA   | cadena 20260820: 98 contratos (ITM+OTM C/P) capturados y cancelados (spot 763.61)
2026-08-20 14:56:14 | DATA   | cadena 20260820: 98 contratos (ITM+OTM C/P) capturados y cancelados (spot 763.60)
2026-08-20 14:56:22 | DATA   | cadena 20260820: 98 contratos (ITM+OTM C/P) capturados y cancelados (spot 763.60)
2026-08-20 14:56:29 | DATA   | cadena 20260820: 98 contratos (ITM+OTM C/P) capturados y cancelados (spot 763.60)
2026-08-20 14:56:37 | DATA   | cadena 20260820: 98 contratos (ITM+OTM C/P) capturados y cancelados (spot 763.60)
2026-08-20 14:56:44 | DATA   | cadena 20260820: 98 contratos (ITM+OTM C/P) capturados y cancelados (spot 763.60)
════════════════════════════════════════════════════════════
🔔 2026-08-20 14:56:50 | ORDEN | COMPRA VERTICAL SPY P L=761/S=759 x1 débito<=0.03
════════════════════════════════════════════════════════════
  14:56:44 P a2 mny -3 -> NO_LLENA    (mid 0.030, spr 66.7%)
════════════════════════════════════════════════════════════
🔔 2026-08-20 14:57:15 | ORDEN | COMPRA VERTICAL SPY P L=761/S=758 x1 débito<=0.04
════════════════════════════════════════════════════════════
  14:57:12 P a3 mny -3 -> NO_LLENA    (mid 0.040, spr 50.0%)
════════════════════════════════════════════════════════════
🔔 2026-08-20 14:57:39 | ORDEN | COMPRA VERTICAL SPY P L=761/S=757 x1 débito<=0.04
════════════════════════════════════════════════════════════
  14:57:36 P a4 mny -3 -> NO_LLENA    (mid 0.040, spr 50.0%)
════════════════════════════════════════════════════════════
🔔 2026-08-20 14:58:06 | ORDEN | COMPRA VERTICAL SPY P L=762/S=760 x1 débito<=0.11
════════════════════════════════════════════════════════════
  14:58:01 P a2 mny -2 -> NO_LLENA    (mid 0.100, spr 20.0%)
════════════════════════════════════════════════════════════
🔔 2026-08-20 14:58:30 | ORDEN | COMPRA VERTICAL SPY P L=762/S=759 x1 débito<=0.13
════════════════════════════════════════════════════════════
  14:58:27 P a3 mny -2 -> NO_LLENA    (mid 0.110, spr 18.2%)
════════════════════════════════════════════════════════════
🔔 2026-08-20 14:58:55 | ORDEN | COMPRA VERTICAL SPY P L=762/S=758 x1 débito<=0.15
════════════════════════════════════════════════════════════
2026-08-20 14:59:00 | DATA   | cadena 20260820: 14 contratos (ITM+OTM C/P) capturados y cancelados (spot 763.60)
════════════════════════════════════════════════════════════
🔔 2026-08-20 14:59:03 | RIESGO | BAG no cerró (2 pata/s viva/s) — cierre por patas al MID
════════════════════════════════════════════════════════════
════════════════════════════════════════════════════════════
🔔 2026-08-20 14:59:03 | ORDEN | CIERRE MERCADO SPY P 758 x1
════════════════════════════════════════════════════════════
════════════════════════════════════════════════════════════
🔔 2026-08-20 14:59:12 | ORDEN | CIERRE MERCADO SPY P 762 x1
════════════════════════════════════════════════════════════
  14:58:52 P a4 mny -2 -> C 0.150 en  2.0s (+25.0%) | V 0.130 en 16.2s FORZ | -2.0$
2026-08-20 14:59:25 | DATA   | cadena 20260820: 98 contratos (ITM+OTM C/P) capturados y cancelados (spot 763.46)
2026-08-20 14:59:32 | DATA   | cadena 20260820: 98 contratos (ITM+OTM C/P) capturados y cancelados (spot 763.46)
════════════════════════════════════════════════════════════
🔔 2026-08-20 14:59:38 | ORDEN | COMPRA VERTICAL SPY P L=762/S=760 x1 débito<=0.13
════════════════════════════════════════════════════════════
  14:59:32 P a2 mny -1 -> NO_LLENA    (mid 0.120, spr 16.7%)
════════════════════════════════════════════════════════════
🔔 2026-08-20 15:00:04 | ORDEN | COMPRA VERTICAL SPY P L=762/S=759 x1 débito<=0.17
════════════════════════════════════════════════════════════
2026-08-20 15:00:27 | DATA   | cadena 20260820: 14 contratos (ITM+OTM C/P) capturados y cancelados (spot 763.46)
════════════════════════════════════════════════════════════
🔔 2026-08-20 15:00:55 | RIESGO | BAG no cerró (2 pata/s viva/s) — cierre por patas al MID
════════════════════════════════════════════════════════════
════════════════════════════════════════════════════════════
🔔 2026-08-20 15:00:55 | ORDEN | CIERRE MERCADO SPY P 759 x1
════════════════════════════════════════════════════════════
════════════════════════════════════════════════════════════
🔔 2026-08-20 15:01:03 | ORDEN | CIERRE MERCADO SPY P 762 x1
════════════════════════════════════════════════════════════
  15:00:00 P a3 mny -1 -> C 0.170 en 19.8s (+30.8%) | V 0.140 en 40.5s FORZ | -3.0$
════════════════════════════════════════════════════════════
🔔 2026-08-20 15:01:14 | ORDEN | COMPRA VERTICAL SPY P L=762/S=758 x1 débito<=0.15
════════════════════════════════════════════════════════════
  15:01:11 P a4 mny -1 -> NO_LLENA    (mid 0.140, spr 14.3%)
════════════════════════════════════════════════════════════
🔔 2026-08-20 15:01:39 | ORDEN | COMPRA VERTICAL SPY P L=763/S=761 x1 débito<=0.36
════════════════════════════════════════════════════════════
  15:01:36 P a2 mny +0 -> RECHAZADA  MARGEN (mid 0.330, spr 6.1%)
════════════════════════════════════════════════════════════
🔔 2026-08-20 15:01:44 | ORDEN | COMPRA VERTICAL SPY P L=763/S=760 x1 débito<=0.39
════════════════════════════════════════════════════════════
  15:01:41 P a3 mny +0 -> RECHAZADA  MARGEN (mid 0.360, spr 5.6%)
════════════════════════════════════════════════════════════
🔔 2026-08-20 15:01:49 | ORDEN | COMPRA VERTICAL SPY P L=763/S=759 x1 débito<=0.42
════════════════════════════════════════════════════════════
  15:01:46 P a4 mny +0 -> RECHAZADA  MARGEN (mid 0.370, spr 5.4%)
2026-08-20 15:01:56 | DATA   | cadena 20260820: 98 contratos (ITM+OTM C/P) capturados y cancelados (spot 763.27)
════════════════════════════════════════════════════════════
🔔 2026-08-20 15:02:01 | ORDEN | COMPRA VERTICAL SPY C L=762/S=764 x1 débito<=1.16
════════════════════════════════════════════════════════════
  15:01:56 C a2 mny +1 -> RECHAZADA  MARGEN (mid 1.165, spr 2.6%)
════════════════════════════════════════════════════════════
🔔 2026-08-20 15:02:07 | ORDEN | COMPRA VERTICAL SPY P L=764/S=762 x1 débito<=0.84
════════════════════════════════════════════════════════════
  15:02:03 P a2 mny +1 -> RECHAZADA  MARGEN (mid 0.835, spr 3.6%)
════════════════════════════════════════════════════════════
🔔 2026-08-20 15:02:12 | ORDEN | COMPRA VERTICAL SPY C L=762/S=765 x1 débito<=1.34
════════════════════════════════════════════════════════════
  15:02:09 C a3 mny +1 -> RECHAZADA  MARGEN (mid 1.355, spr 2.2%)
════════════════════════════════════════════════════════════
🔔 2026-08-20 15:02:17 | ORDEN | COMPRA VERTICAL SPY P L=764/S=761 x1 débito<=0.96
════════════════════════════════════════════════════════════
  15:02:14 P a3 mny +1 -> RECHAZADA  MARGEN (mid 0.945, spr 3.2%)
════════════════════════════════════════════════════════════
🔔 2026-08-20 15:02:22 | ORDEN | COMPRA VERTICAL SPY C L=762/S=766 x1 débito<=1.40
════════════════════════════════════════════════════════════
  15:02:19 C a4 mny +1 -> RECHAZADA  MARGEN (mid 1.415, spr 2.1%)
════════════════════════════════════════════════════════════
🔔 2026-08-20 15:02:27 | ORDEN | COMPRA VERTICAL SPY P L=764/S=760 x1 débito<=0.98
════════════════════════════════════════════════════════════
  15:02:24 P a4 mny +1 -> RECHAZADA  MARGEN (mid 0.985, spr 3.0%)
2026-08-20 15:02:34 | DATA   | cadena 20260820: 98 contratos (ITM+OTM C/P) capturados y cancelados (spot 763.22)
════════════════════════════════════════════════════════════
🔔 2026-08-20 15:02:40 | ORDEN | COMPRA VERTICAL SPY C L=761/S=763 x1 débito<=1.62
════════════════════════════════════════════════════════════
  15:02:34 C a2 mny +2 -> RECHAZADA  MARGEN (mid 1.605, spr 1.9%)
════════════════════════════════════════════════════════════
🔔 2026-08-20 15:02:45 | ORDEN | COMPRA VERTICAL SPY C L=760/S=762 x1 débito<=1.82
════════════════════════════════════════════════════════════
  15:02:42 C a2 mny +3 -> RECHAZADA  MARGEN (mid 1.840, spr 6.5%)
════════════════════════════════════════════════════════════
🔔 2026-08-20 15:02:50 | ORDEN | COMPRA VERTICAL SPY C L=760/S=763 x1 débito<=2.57
════════════════════════════════════════════════════════════
  15:02:47 C a3 mny +3 -> RECHAZADA  MARGEN (mid 2.555, spr 4.3%)
════════════════════════════════════════════════════════════
🔔 2026-08-20 15:02:55 | ORDEN | COMPRA VERTICAL SPY C L=759/S=761 x1 débito<=1.90
════════════════════════════════════════════════════════════
  15:02:52 C a2 mny +4 -> NO_LLENA    (mid 1.935, spr 6.7%)
════════════════════════════════════════════════════════════
🔔 2026-08-20 15:03:19 | ORDEN | COMPRA VERTICAL SPY C L=759/S=762 x1 débito<=2.88
════════════════════════════════════════════════════════════
  15:03:16 C a3 mny +4 -> RECHAZADA  MARGEN (mid 2.825, spr 4.6%)
════════════════════════════════════════════════════════════
🔔 2026-08-20 15:03:24 | ORDEN | COMPRA VERTICAL SPY C L=759/S=763 x1 débito<=3.61
════════════════════════════════════════════════════════════
  15:03:21 C a4 mny +4 -> RECHAZADA  MARGEN (mid 3.540, spr 3.4%)
2026-08-20 15:03:31 | DATA   | cadena 20260820: 98 contratos (ITM+OTM C/P) capturados y cancelados (spot 763.37)
2026-08-20 15:03:39 | DATA   | cadena 20260820: 98 contratos (ITM+OTM C/P) capturados y cancelados (spot 763.37)
════════════════════════════════════════════════════════════
🔔 2026-08-20 15:03:45 | ORDEN | COMPRA VERTICAL SPY C L=758/S=760 x1 débito<=1.98
════════════════════════════════════════════════════════════
  15:03:39 C a2 mny +5 -> NO_LLENA    (mid 1.980, spr 13.1%)
════════════════════════════════════════════════════════════
🔔 2026-08-20 15:04:11 | ORDEN | COMPRA VERTICAL SPY C L=758/S=761 x1 débito<=2.96
════════════════════════════════════════════════════════════
  15:04:07 C a3 mny +5 -> NO_LLENA    (mid 2.940, spr 7.5%)
════════════════════════════════════════════════════════════
🔔 2026-08-20 15:04:35 | ORDEN | COMPRA VERTICAL SPY C L=758/S=762 x1 débito<=3.81
════════════════════════════════════════════════════════════
  15:04:33 C a4 mny +5 -> RECHAZADA  MARGEN (mid 3.840, spr 5.7%)
  -> pasada 12: 27 pruebas

═══ PASADA 13 — 15:04 ═══
2026-08-20 15:04:43 | DATA   | cadena 20260820: 98 contratos (ITM+OTM C/P) capturados y cancelados (spot 763.32)
2026-08-20 15:04:50 | DATA   | cadena 20260820: 98 contratos (ITM+OTM C/P) capturados y cancelados (spot 763.32)
2026-08-20 15:04:58 | DATA   | cadena 20260820: 98 contratos (ITM+OTM C/P) capturados y cancelados (spot 763.32)
2026-08-20 15:05:05 | DATA   | cadena 20260820: 98 contratos (ITM+OTM C/P) capturados y cancelados (spot 763.32)
2026-08-20 15:05:14 | DATA   | cadena 20260820: 98 contratos (ITM+OTM C/P) capturados y cancelados (spot 763.42)
2026-08-20 15:05:22 | DATA   | cadena 20260820: 98 contratos (ITM+OTM C/P) capturados y cancelados (spot 763.42)
2026-08-20 15:05:30 | DATA   | cadena 20260820: 98 contratos (ITM+OTM C/P) capturados y cancelados (spot 763.42)
2026-08-20 15:05:37 | DATA   | cadena 20260820: 98 contratos (ITM+OTM C/P) capturados y cancelados (spot 763.42)
════════════════════════════════════════════════════════════
🔔 2026-08-20 15:05:43 | ORDEN | COMPRA VERTICAL SPY P L=760/S=758 x1 débito<=0.02
════════════════════════════════════════════════════════════
2026-08-20 15:06:06 | DATA   | cadena 20260820: 14 contratos (ITM+OTM C/P) capturados y cancelados (spot 763.42)
════════════════════════════════════════════════════════════
🔔 2026-08-20 15:06:18 | RIESGO | BAG no cerró (2 pata/s viva/s) — cierre por patas al MID
════════════════════════════════════════════════════════════
════════════════════════════════════════════════════════════
🔔 2026-08-20 15:06:18 | ORDEN | CIERRE MERCADO SPY P 758 x1
════════════════════════════════════════════════════════════
════════════════════════════════════════════════════════════
🔔 2026-08-20 15:06:26 | ORDEN | CIERRE MERCADO SPY P 760 x1
════════════════════════════════════════════════════════════
════════════════════════════════════════════════════════════
🔔 2026-08-20 15:06:34 | RIESGO | BAG no cerró (1 pata/s viva/s) — cierre por patas a MERCADO (último recurso)
════════════════════════════════════════════════════════════
════════════════════════════════════════════════════════════
🔔 2026-08-20 15:06:34 | ORDEN | CIERRE MERCADO SPY P 760 x1
════════════════════════════════════════════════════════════
  15:05:37 P a2 mny -3 -> C 0.020 en 19.3s (-0.0%) | V ? en 32.4s FORZ | None$
════════════════════════════════════════════════════════════
🔔 2026-08-20 15:06:47 | ORDEN | COMPRA VERTICAL SPY P L=760/S=757 x1 débito<=0.01
════════════════════════════════════════════════════════════
  15:06:42 P a3 mny -3 -> NO_LLENA    (mid 0.020, spr 100.0%)
════════════════════════════════════════════════════════════
🔔 2026-08-20 15:07:11 | ORDEN | COMPRA VERTICAL SPY P L=760/S=756 x1 débito<=0.01
════════════════════════════════════════════════════════════
  15:07:08 P a4 mny -3 -> NO_LLENA    (mid 0.020, spr 100.0%)
════════════════════════════════════════════════════════════
🔔 2026-08-20 15:07:36 | ORDEN | COMPRA VERTICAL SPY P L=761/S=759 x1 débito<=0.04
════════════════════════════════════════════════════════════
2026-08-20 15:07:44 | DATA   | cadena 20260820: 14 contratos (ITM+OTM C/P) capturados y cancelados (spot 763.42)
════════════════════════════════════════════════════════════
🔔 2026-08-20 15:08:12 | RIESGO | BAG no cerró (2 pata/s viva/s) — cierre por patas al MID
════════════════════════════════════════════════════════════
════════════════════════════════════════════════════════════
🔔 2026-08-20 15:08:12 | ORDEN | CIERRE MERCADO SPY P 759 x1
════════════════════════════════════════════════════════════
════════════════════════════════════════════════════════════
🔔 2026-08-20 15:08:20 | ORDEN | CIERRE MERCADO SPY P 761 x1
════════════════════════════════════════════════════════════
  15:07:33 P a2 mny -2 -> C 0.040 en  4.1s (+0.0%) | V 0.020 en 40.6s FORZ | -2.0$
════════════════════════════════════════════════════════════
🔔 2026-08-20 15:08:31 | ORDEN | COMPRA VERTICAL SPY P L=761/S=758 x1 débito<=0.03
════════════════════════════════════════════════════════════
  15:08:28 P a3 mny -2 -> NO_LLENA    (mid 0.040, spr 50.0%)
════════════════════════════════════════════════════════════
🔔 2026-08-20 15:08:55 | ORDEN | COMPRA VERTICAL SPY P L=761/S=757 x1 débito<=0.03
════════════════════════════════════════════════════════════
  15:08:53 P a4 mny -2 -> NO_LLENA    (mid 0.040, spr 50.0%)
2026-08-20 15:09:22 | DATA   | cadena 20260820: 98 contratos (ITM+OTM C/P) capturados y cancelados (spot 763.62)
2026-08-20 15:09:30 | DATA   | cadena 20260820: 98 contratos (ITM+OTM C/P) capturados y cancelados (spot 763.62)
2026-08-20 15:09:37 | DATA   | cadena 20260820: 98 contratos (ITM+OTM C/P) capturados y cancelados (spot 763.62)
2026-08-20 15:09:45 | DATA   | cadena 20260820: 98 contratos (ITM+OTM C/P) capturados y cancelados (spot 763.62)
2026-08-20 15:09:52 | DATA   | cadena 20260820: 98 contratos (ITM+OTM C/P) capturados y cancelados (spot 763.62)
2026-08-20 15:09:59 | DATA   | cadena 20260820: 98 contratos (ITM+OTM C/P) capturados y cancelados (spot 763.62)
════════════════════════════════════════════════════════════
🔔 2026-08-20 15:10:06 | ORDEN | COMPRA VERTICAL SPY P L=763/S=759 x1 débito<=0.27
════════════════════════════════════════════════════════════
  15:09:59 P a4 mny -1 -> RECHAZADA  MARGEN (mid 0.270, spr 7.4%)
════════════════════════════════════════════════════════════
🔔 2026-08-20 15:10:13 | ORDEN | COMPRA VERTICAL SPY C L=762/S=764 x1 débito<=1.37
════════════════════════════════════════════════════════════
  15:10:09 C a2 mny +2 -> RECHAZADA  MARGEN (mid 1.375, spr 2.2%)
════════════════════════════════════════════════════════════
🔔 2026-08-20 15:10:18 | ORDEN | COMPRA VERTICAL SPY C L=761/S=763 x1 débito<=1.76
════════════════════════════════════════════════════════════
  15:10:15 C a2 mny +3 -> RECHAZADA  MARGEN (mid 1.735, spr 7.5%)
════════════════════════════════════════════════════════════
🔔 2026-08-20 15:10:23 | ORDEN | COMPRA VERTICAL SPY C L=761/S=764 x1 débito<=2.30
════════════════════════════════════════════════════════════
  15:10:20 C a3 mny +3 -> RECHAZADA  MARGEN (mid 2.300, spr 5.2%)
════════════════════════════════════════════════════════════
🔔 2026-08-20 15:10:28 | ORDEN | COMPRA VERTICAL SPY C L=760/S=762 x1 débito<=1.89
════════════════════════════════════════════════════════════
  15:10:25 C a2 mny +4 -> RECHAZADA  MARGEN (mid 1.930, spr 8.3%)
════════════════════════════════════════════════════════════
🔔 2026-08-20 15:10:33 | ORDEN | COMPRA VERTICAL SPY C L=760/S=763 x1 débito<=2.69
════════════════════════════════════════════════════════════
  15:10:30 C a3 mny +4 -> RECHAZADA  MARGEN (mid 2.740, spr 5.8%)
2026-08-20 15:10:40 | DATA   | cadena 20260820: 98 contratos (ITM+OTM C/P) capturados y cancelados (spot 763.62)
2026-08-20 15:10:47 | DATA   | cadena 20260820: 98 contratos (ITM+OTM C/P) capturados y cancelados (spot 763.62)
════════════════════════════════════════════════════════════
🔔 2026-08-20 15:10:53 | ORDEN | COMPRA VERTICAL SPY C L=760/S=764 x1 débito<=3.25
════════════════════════════════════════════════════════════
  15:10:47 C a4 mny +4 -> RECHAZADA  MARGEN (mid 3.250, spr 3.7%)
════════════════════════════════════════════════════════════
🔔 2026-08-20 15:10:58 | ORDEN | COMPRA VERTICAL SPY C L=759/S=761 x1 débito<=1.98
════════════════════════════════════════════════════════════
  15:10:55 C a2 mny +5 -> NO_LLENA    (mid 1.985, spr 12.6%)
════════════════════════════════════════════════════════════
🔔 2026-08-20 15:11:22 | ORDEN | COMPRA VERTICAL SPY C L=759/S=762 x1 débito<=2.92
════════════════════════════════════════════════════════════
  15:11:20 C a3 mny +5 -> RECHAZADA  MARGEN (mid 2.930, spr 6.1%)
════════════════════════════════════════════════════════════
🔔 2026-08-20 15:11:28 | ORDEN | COMPRA VERTICAL SPY C L=759/S=763 x1 débito<=3.69
════════════════════════════════════════════════════════════
  15:11:25 C a4 mny +5 -> RECHAZADA  MARGEN (mid 3.720, spr 4.8%)
  -> pasada 13: 16 pruebas

═══ PASADA 14 — 15:11 ═══
2026-08-20 15:11:35 | DATA   | cadena 20260820: 98 contratos (ITM+OTM C/P) capturados y cancelados (spot 763.50)
2026-08-20 15:11:42 | DATA   | cadena 20260820: 98 contratos (ITM+OTM C/P) capturados y cancelados (spot 763.50)
2026-08-20 15:11:50 | DATA   | cadena 20260820: 98 contratos (ITM+OTM C/P) capturados y cancelados (spot 763.50)
2026-08-20 15:11:57 | DATA   | cadena 20260820: 98 contratos (ITM+OTM C/P) capturados y cancelados (spot 763.50)
2026-08-20 15:12:04 | DATA   | cadena 20260820: 98 contratos (ITM+OTM C/P) capturados y cancelados (spot 763.50)
2026-08-20 15:12:13 | DATA   | cadena 20260820: 98 contratos (ITM+OTM C/P) capturados y cancelados (spot 763.50)
2026-08-20 15:12:22 | DATA   | cadena 20260820: 98 contratos (ITM+OTM C/P) capturados y cancelados (spot 763.47)
2026-08-20 15:12:29 | DATA   | cadena 20260820: 98 contratos (ITM+OTM C/P) capturados y cancelados (spot 763.47)
2026-08-20 15:12:37 | DATA   | cadena 20260820: 98 contratos (ITM+OTM C/P) capturados y cancelados (spot 763.47)
2026-08-20 15:12:44 | DATA   | cadena 20260820: 98 contratos (ITM+OTM C/P) capturados y cancelados (spot 763.47)
2026-08-20 15:12:51 | DATA   | cadena 20260820: 98 contratos (ITM+OTM C/P) capturados y cancelados (spot 763.47)
2026-08-20 15:12:59 | DATA   | cadena 20260820: 98 contratos (ITM+OTM C/P) capturados y cancelados (spot 763.47)
2026-08-20 15:13:08 | DATA   | cadena 20260820: 98 contratos (ITM+OTM C/P) capturados y cancelados (spot 763.47)
2026-08-20 15:13:17 | DATA   | cadena 20260820: 98 contratos (ITM+OTM C/P) capturados y cancelados (spot 763.44)
════════════════════════════════════════════════════════════
🔔 2026-08-20 15:13:23 | ORDEN | COMPRA VERTICAL SPY P L=761/S=759 x1 débito<=0.03
════════════════════════════════════════════════════════════
  15:13:17 P a2 mny -2 -> NO_LLENA    (mid 0.030, spr 66.7%)
════════════════════════════════════════════════════════════
🔔 2026-08-20 15:13:48 | ORDEN | COMPRA VERTICAL SPY P L=761/S=758 x1 débito<=0.03
════════════════════════════════════════════════════════════
  15:13:45 P a3 mny -2 -> NO_LLENA    (mid 0.030, spr 66.7%)
════════════════════════════════════════════════════════════
🔔 2026-08-20 15:14:13 | ORDEN | COMPRA VERTICAL SPY P L=761/S=757 x1 débito<=0.03
════════════════════════════════════════════════════════════
2026-08-20 15:14:26 | DATA   | cadena 20260820: 14 contratos (ITM+OTM C/P) capturados y cancelados (spot 763.44)
════════════════════════════════════════════════════════════
🔔 2026-08-20 15:14:29 | RIESGO | BAG no cerró (2 pata/s viva/s) — cierre por patas al MID
════════════════════════════════════════════════════════════
════════════════════════════════════════════════════════════
🔔 2026-08-20 15:14:29 | ORDEN | CIERRE MERCADO SPY P 757 x1
════════════════════════════════════════════════════════════
════════════════════════════════════════════════════════════
🔔 2026-08-20 15:14:37 | ORDEN | CIERRE MERCADO SPY P 761 x1
════════════════════════════════════════════════════════════
  15:14:10 P a4 mny -2 -> C 0.030 en  8.6s (+0.0%) | V 0.010 en 16.1s FORZ | -2.0$
════════════════════════════════════════════════════════════
🔔 2026-08-20 15:14:48 | ORDEN | COMPRA VERTICAL SPY P L=762/S=760 x1 débito<=0.08
════════════════════════════════════════════════════════════
2026-08-20 15:14:52 | DATA   | cadena 20260820: 14 contratos (ITM+OTM C/P) capturados y cancelados (spot 763.44)
════════════════════════════════════════════════════════════
🔔 2026-08-20 15:15:20 | RIESGO | BAG no cerró (2 pata/s viva/s) — cierre por patas al MID
════════════════════════════════════════════════════════════
════════════════════════════════════════════════════════════
🔔 2026-08-20 15:15:20 | ORDEN | CIERRE MERCADO SPY P 760 x1
════════════════════════════════════════════════════════════
════════════════════════════════════════════════════════════
🔔 2026-08-20 15:15:28 | ORDEN | CIERRE MERCADO SPY P 762 x1
════════════════════════════════════════════════════════════
  15:14:45 P a2 mny -1 -> C 0.070 en  1.0s (-12.5%) | V 0.040 en 40.5s FORZ | -3.0$
════════════════════════════════════════════════════════════
🔔 2026-08-20 15:15:39 | ORDEN | COMPRA VERTICAL SPY P L=762/S=759 x1 débito<=0.06
════════════════════════════════════════════════════════════
  15:15:36 P a3 mny -1 -> NO_LLENA    (mid 0.090, spr 22.2%)
════════════════════════════════════════════════════════════
🔔 2026-08-20 15:16:04 | ORDEN | COMPRA VERTICAL SPY P L=762/S=758 x1 débito<=0.06
════════════════════════════════════════════════════════════
  15:16:01 P a4 mny -1 -> NO_LLENA    (mid 0.090, spr 22.2%)
2026-08-20 15:16:31 | DATA   | cadena 20260820: 98 contratos (ITM+OTM C/P) capturados y cancelados (spot 763.73)
2026-08-20 15:16:38 | DATA   | cadena 20260820: 98 contratos (ITM+OTM C/P) capturados y cancelados (spot 763.73)
════════════════════════════════════════════════════════════
🔔 2026-08-20 15:16:44 | ORDEN | COMPRA VERTICAL SPY P L=764/S=762 x1 débito<=0.55
════════════════════════════════════════════════════════════
  15:16:38 P a2 mny +0 -> RECHAZADA  MARGEN (mid 0.550, spr 3.6%)
════════════════════════════════════════════════════════════
🔔 2026-08-20 15:16:49 | ORDEN | COMPRA VERTICAL SPY P L=764/S=761 x1 débito<=0.59
════════════════════════════════════════════════════════════
  15:16:46 P a3 mny +0 -> RECHAZADA  MARGEN (mid 0.590, spr 3.4%)
════════════════════════════════════════════════════════════
🔔 2026-08-20 15:16:54 | ORDEN | COMPRA VERTICAL SPY P L=764/S=760 x1 débito<=0.65
════════════════════════════════════════════════════════════
  15:16:51 P a4 mny +0 -> RECHAZADA  MARGEN (mid 0.610, spr 3.3%)
════════════════════════════════════════════════════════════
🔔 2026-08-20 15:16:59 | ORDEN | COMPRA VERTICAL SPY C L=762/S=764 x1 débito<=1.39
════════════════════════════════════════════════════════════
  15:16:56 C a2 mny +2 -> RECHAZADA  MARGEN (mid 1.445, spr 2.1%)
════════════════════════════════════════════════════════════
🔔 2026-08-20 15:17:05 | ORDEN | COMPRA VERTICAL SPY C L=761/S=763 x1 débito<=1.80
════════════════════════════════════════════════════════════
  15:17:01 C a2 mny +3 -> RECHAZADA  MARGEN (mid 1.800, spr 5.6%)
════════════════════════════════════════════════════════════
🔔 2026-08-20 15:17:11 | ORDEN | COMPRA VERTICAL SPY C L=761/S=764 x1 débito<=2.33
════════════════════════════════════════════════════════════
  15:17:07 C a3 mny +3 -> RECHAZADA  MARGEN (mid 2.395, spr 3.8%)
2026-08-20 15:17:18 | DATA   | cadena 20260820: 98 contratos (ITM+OTM C/P) capturados y cancelados (spot 763.64)
2026-08-20 15:17:25 | DATA   | cadena 20260820: 98 contratos (ITM+OTM C/P) capturados y cancelados (spot 763.64)
2026-08-20 15:17:33 | DATA   | cadena 20260820: 98 contratos (ITM+OTM C/P) capturados y cancelados (spot 763.64)
2026-08-20 15:17:40 | DATA   | cadena 20260820: 98 contratos (ITM+OTM C/P) capturados y cancelados (spot 763.64)
════════════════════════════════════════════════════════════
🔔 2026-08-20 15:17:46 | ORDEN | COMPRA VERTICAL SPY C L=760/S=762 x1 débito<=1.93
════════════════════════════════════════════════════════════
  15:17:40 C a2 mny +4 -> RECHAZADA  MARGEN (mid 1.910, spr 6.3%)
════════════════════════════════════════════════════════════
🔔 2026-08-20 15:17:51 | ORDEN | COMPRA VERTICAL SPY P L=768/S=766 x1 débito<=1.97
════════════════════════════════════════════════════════════
  15:17:48 P a2 mny +4 -> NO_LLENA    (mid 1.990, spr 8.0%)
════════════════════════════════════════════════════════════
🔔 2026-08-20 15:18:16 | ORDEN | COMPRA VERTICAL SPY C L=760/S=763 x1 débito<=2.73
════════════════════════════════════════════════════════════
  15:18:13 C a3 mny +4 -> RECHAZADA  MARGEN (mid 2.725, spr 4.0%)
════════════════════════════════════════════════════════════
🔔 2026-08-20 15:18:20 | ORDEN | COMPRA VERTICAL SPY P L=768/S=765 x1 débito<=2.93
════════════════════════════════════════════════════════════
  15:18:18 P a3 mny +4 -> RECHAZADA  MARGEN (mid 2.940, spr 4.1%)
════════════════════════════════════════════════════════════
🔔 2026-08-20 15:18:25 | ORDEN | COMPRA VERTICAL SPY C L=760/S=764 x1 débito<=3.28
════════════════════════════════════════════════════════════
  15:18:22 C a4 mny +4 -> RECHAZADA  MARGEN (mid 3.270, spr 3.1%)
════════════════════════════════════════════════════════════
🔔 2026-08-20 15:18:30 | ORDEN | COMPRA VERTICAL SPY P L=768/S=764 x1 débito<=3.71
════════════════════════════════════════════════════════════
  15:18:27 P a4 mny +4 -> RECHAZADA  MARGEN (mid 3.710, spr 2.7%)
2026-08-20 15:18:37 | DATA   | cadena 20260820: 98 contratos (ITM+OTM C/P) capturados y cancelados (spot 763.45)
════════════════════════════════════════════════════════════
🔔 2026-08-20 15:18:43 | ORDEN | COMPRA VERTICAL SPY C L=758/S=760 x1 débito<=1.96
════════════════════════════════════════════════════════════
  15:18:37 C a2 mny +5 -> NO_LLENA    (mid 1.960, spr 13.3%)
════════════════════════════════════════════════════════════
🔔 2026-08-20 15:19:09 | ORDEN | COMPRA VERTICAL SPY C L=758/S=761 x1 débito<=3.00
════════════════════════════════════════════════════════════
  15:19:05 C a3 mny +5 -> NO_LLENA    (mid 2.940, spr 8.2%)
  -> pasada 14: 20 pruebas

═══ PASADA 15 — 15:19 ═══
2026-08-20 15:19:36 | DATA   | cadena 20260820: 98 contratos (ITM+OTM C/P) capturados y cancelados (spot 763.47)
2026-08-20 15:19:44 | DATA   | cadena 20260820: 98 contratos (ITM+OTM C/P) capturados y cancelados (spot 763.47)
2026-08-20 15:19:51 | DATA   | cadena 20260820: 98 contratos (ITM+OTM C/P) capturados y cancelados (spot 763.47)
2026-08-20 15:19:58 | DATA   | cadena 20260820: 98 contratos (ITM+OTM C/P) capturados y cancelados (spot 763.47)
2026-08-20 15:20:06 | DATA   | cadena 20260820: 98 contratos (ITM+OTM C/P) capturados y cancelados (spot 763.47)
2026-08-20 15:20:17 | DATA   | cadena 20260820: 98 contratos (ITM+OTM C/P) capturados y cancelados (spot 763.34)
2026-08-20 15:20:24 | DATA   | cadena 20260820: 98 contratos (ITM+OTM C/P) capturados y cancelados (spot 763.34)
2026-08-20 15:20:31 | DATA   | cadena 20260820: 98 contratos (ITM+OTM C/P) capturados y cancelados (spot 763.34)
2026-08-20 15:20:39 | DATA   | cadena 20260820: 98 contratos (ITM+OTM C/P) capturados y cancelados (spot 763.34)
2026-08-20 15:20:46 | DATA   | cadena 20260820: 98 contratos (ITM+OTM C/P) capturados y cancelados (spot 763.34)
2026-08-20 15:20:54 | DATA   | cadena 20260820: 98 contratos (ITM+OTM C/P) capturados y cancelados (spot 763.34)
2026-08-20 15:21:01 | DATA   | cadena 20260820: 98 contratos (ITM+OTM C/P) capturados y cancelados (spot 763.34)
2026-08-20 15:21:10 | DATA   | cadena 20260820: 98 contratos (ITM+OTM C/P) capturados y cancelados (spot 763.34)
2026-08-20 15:21:19 | DATA   | cadena 20260820: 98 contratos (ITM+OTM C/P) capturados y cancelados (spot 763.25)
════════════════════════════════════════════════════════════
🔔 2026-08-20 15:21:25 | ORDEN | COMPRA VERTICAL SPY P L=761/S=759 x1 débito<=0.02
════════════════════════════════════════════════════════════
  15:21:19 P a2 mny -2 -> NO_LLENA    (mid 0.020, spr 100.0%)
════════════════════════════════════════════════════════════
🔔 2026-08-20 15:21:50 | ORDEN | COMPRA VERTICAL SPY P L=761/S=758 x1 débito<=0.02
════════════════════════════════════════════════════════════
  15:21:47 P a3 mny -2 -> NO_LLENA    (mid 0.020, spr 100.0%)
════════════════════════════════════════════════════════════
🔔 2026-08-20 15:22:14 | ORDEN | COMPRA VERTICAL SPY P L=761/S=757 x1 débito<=0.02
════════════════════════════════════════════════════════════
  15:22:12 P a4 mny -2 -> NO_LLENA    (mid 0.020, spr 100.0%)
════════════════════════════════════════════════════════════
🔔 2026-08-20 15:22:39 | ORDEN | COMPRA VERTICAL SPY P L=762/S=760 x1 débito<=0.07
════════════════════════════════════════════════════════════
2026-08-20 15:23:02 | DATA   | cadena 20260820: 14 contratos (ITM+OTM C/P) capturados y cancelados (spot 763.25)
════════════════════════════════════════════════════════════
🔔 2026-08-20 15:23:05 | RIESGO | BAG no cerró (2 pata/s viva/s) — cierre por patas al MID
════════════════════════════════════════════════════════════
════════════════════════════════════════════════════════════
🔔 2026-08-20 15:23:06 | ORDEN | CIERRE MERCADO SPY P 760 x1
════════════════════════════════════════════════════════════
════════════════════════════════════════════════════════════
🔔 2026-08-20 15:23:14 | ORDEN | CIERRE MERCADO SPY P 762 x1
════════════════════════════════════════════════════════════
  15:22:36 P a2 mny -1 -> C 0.070 en 19.2s (-30.0%) | V 0.050 en 16.6s FORZ | -2.0$
════════════════════════════════════════════════════════════
🔔 2026-08-20 15:23:24 | ORDEN | COMPRA VERTICAL SPY P L=762/S=759 x1 débito<=0.06
════════════════════════════════════════════════════════════
  15:23:22 P a3 mny -1 -> NO_LLENA    (mid 0.100, spr 20.0%)
════════════════════════════════════════════════════════════
🔔 2026-08-20 15:23:49 | ORDEN | COMPRA VERTICAL SPY P L=762/S=758 x1 débito<=0.06
════════════════════════════════════════════════════════════
  15:23:46 P a4 mny -1 -> NO_LLENA    (mid 0.100, spr 20.0%)
2026-08-20 15:24:16 | DATA   | cadena 20260820: 98 contratos (ITM+OTM C/P) capturados y cancelados (spot 763.58)
2026-08-20 15:24:23 | DATA   | cadena 20260820: 98 contratos (ITM+OTM C/P) capturados y cancelados (spot 763.58)
════════════════════════════════════════════════════════════
🔔 2026-08-20 15:24:29 | ORDEN | COMPRA VERTICAL SPY P L=764/S=762 x1 débito<=0.58
════════════════════════════════════════════════════════════
  15:24:23 P a2 mny +0 -> RECHAZADA  MARGEN (mid 0.580, spr 3.4%)
════════════════════════════════════════════════════════════
🔔 2026-08-20 15:24:34 | ORDEN | COMPRA VERTICAL SPY P L=764/S=761 x1 débito<=0.62
════════════════════════════════════════════════════════════
  15:24:31 P a3 mny +0 -> RECHAZADA  MARGEN (mid 0.610, spr 3.3%)
════════════════════════════════════════════════════════════
🔔 2026-08-20 15:24:39 | ORDEN | COMPRA VERTICAL SPY P L=764/S=760 x1 débito<=0.66
════════════════════════════════════════════════════════════
  15:24:36 P a4 mny +0 -> RECHAZADA  MARGEN (mid 0.630, spr 3.2%)
════════════════════════════════════════════════════════════
🔔 2026-08-20 15:24:44 | ORDEN | COMPRA VERTICAL SPY C L=762/S=764 x1 débito<=1.41
════════════════════════════════════════════════════════════
  15:24:41 C a2 mny +2 -> RECHAZADA  MARGEN (mid 1.420, spr 2.8%)
════════════════════════════════════════════════════════════
🔔 2026-08-20 15:24:48 | ORDEN | COMPRA VERTICAL SPY C L=761/S=763 x1 débito<=1.79
════════════════════════════════════════════════════════════
  15:24:46 C a2 mny +3 -> RECHAZADA  MARGEN (mid 1.815, spr 3.9%)
════════════════════════════════════════════════════════════
🔔 2026-08-20 15:24:53 | ORDEN | COMPRA VERTICAL SPY C L=761/S=764 x1 débito<=2.37
════════════════════════════════════════════════════════════
  15:24:50 C a3 mny +3 -> RECHAZADA  MARGEN (mid 2.390, spr 2.5%)
2026-08-20 15:25:00 | DATA   | cadena 20260820: 98 contratos (ITM+OTM C/P) capturados y cancelados (spot 763.58)
2026-08-20 15:25:08 | DATA   | cadena 20260820: 98 contratos (ITM+OTM C/P) capturados y cancelados (spot 763.58)
2026-08-20 15:25:19 | DATA   | cadena 20260820: 98 contratos (ITM+OTM C/P) capturados y cancelados (spot 763.65)
2026-08-20 15:25:26 | DATA   | cadena 20260820: 98 contratos (ITM+OTM C/P) capturados y cancelados (spot 763.65)
════════════════════════════════════════════════════════════
🔔 2026-08-20 15:25:32 | ORDEN | COMPRA VERTICAL SPY C L=760/S=762 x1 débito<=1.95
════════════════════════════════════════════════════════════
  15:25:26 C a2 mny +4 -> RECHAZADA  MARGEN (mid 1.945, spr 5.7%)
════════════════════════════════════════════════════════════
🔔 2026-08-20 15:25:37 | ORDEN | COMPRA VERTICAL SPY C L=760/S=763 x1 débito<=2.79
════════════════════════════════════════════════════════════
  15:25:34 C a3 mny +4 -> RECHAZADA  MARGEN (mid 2.790, spr 3.6%)
════════════════════════════════════════════════════════════
🔔 2026-08-20 15:25:42 | ORDEN | COMPRA VERTICAL SPY C L=760/S=764 x1 débito<=3.38
════════════════════════════════════════════════════════════
  15:25:39 C a4 mny +4 -> RECHAZADA  MARGEN (mid 3.365, spr 2.7%)
════════════════════════════════════════════════════════════
🔔 2026-08-20 15:25:47 | ORDEN | COMPRA VERTICAL SPY C L=759/S=761 x1 débito<=1.98
════════════════════════════════════════════════════════════
  15:25:44 C a2 mny +5 -> NO_LLENA    (mid 1.995, spr 12.5%)
════════════════════════════════════════════════════════════
🔔 2026-08-20 15:26:11 | ORDEN | COMPRA VERTICAL SPY C L=759/S=762 x1 débito<=2.98
════════════════════════════════════════════════════════════
  15:26:08 C a3 mny +5 -> RECHAZADA  MARGEN (mid 2.960, spr 7.4%)
════════════════════════════════════════════════════════════
🔔 2026-08-20 15:26:16 | ORDEN | COMPRA VERTICAL SPY C L=759/S=763 x1 débito<=3.81
════════════════════════════════════════════════════════════
  15:26:13 C a4 mny +5 -> RECHAZADA  MARGEN (mid 3.805, spr 5.5%)
2026-08-20 15:26:23 | DATA   | cadena 20260820: 98 contratos (ITM+OTM C/P) capturados y cancelados (spot 763.66)
2026-08-20 15:26:31 | DATA   | cadena 20260820: 98 contratos (ITM+OTM C/P) capturados y cancelados (spot 763.66)
  -> pasada 15: 18 pruebas

═══ PASADA 16 — 15:26 ═══
2026-08-20 15:26:38 | DATA   | cadena 20260820: 98 contratos (ITM+OTM C/P) capturados y cancelados (spot 763.66)
2026-08-20 15:26:45 | DATA   | cadena 20260820: 98 contratos (ITM+OTM C/P) capturados y cancelados (spot 763.66)
2026-08-20 15:26:53 | DATA   | cadena 20260820: 98 contratos (ITM+OTM C/P) capturados y cancelados (spot 763.66)
2026-08-20 15:27:00 | DATA   | cadena 20260820: 98 contratos (ITM+OTM C/P) capturados y cancelados (spot 763.66)
2026-08-20 15:27:08 | DATA   | cadena 20260820: 98 contratos (ITM+OTM C/P) capturados y cancelados (spot 763.66)
2026-08-20 15:27:18 | DATA   | cadena 20260820: 98 contratos (ITM+OTM C/P) capturados y cancelados (spot 763.64)
2026-08-20 15:27:25 | DATA   | cadena 20260820: 98 contratos (ITM+OTM C/P) capturados y cancelados (spot 763.64)
2026-08-20 15:27:33 | DATA   | cadena 20260820: 98 contratos (ITM+OTM C/P) capturados y cancelados (spot 763.64)
2026-08-20 15:27:40 | DATA   | cadena 20260820: 98 contratos (ITM+OTM C/P) capturados y cancelados (spot 763.64)
2026-08-20 15:27:47 | DATA   | cadena 20260820: 98 contratos (ITM+OTM C/P) capturados y cancelados (spot 763.64)
2026-08-20 15:27:55 | DATA   | cadena 20260820: 98 contratos (ITM+OTM C/P) capturados y cancelados (spot 763.64)
2026-08-20 15:28:02 | DATA   | cadena 20260820: 98 contratos (ITM+OTM C/P) capturados y cancelados (spot 763.64)
2026-08-20 15:28:10 | DATA   | cadena 20260820: 98 contratos (ITM+OTM C/P) capturados y cancelados (spot 763.64)
2026-08-20 15:28:20 | DATA   | cadena 20260820: 98 contratos (ITM+OTM C/P) capturados y cancelados (spot 763.56)
════════════════════════════════════════════════════════════
🔔 2026-08-20 15:28:26 | ORDEN | COMPRA VERTICAL SPY P L=762/S=760 x1 débito<=0.06
════════════════════════════════════════════════════════════
  15:28:20 P a2 mny -2 -> NO_LLENA    (mid 0.050, spr 40.0%)
════════════════════════════════════════════════════════════
🔔 2026-08-20 15:28:50 | ORDEN | COMPRA VERTICAL SPY P L=762/S=759 x1 débito<=0.06
════════════════════════════════════════════════════════════
2026-08-20 15:29:04 | DATA   | cadena 20260820: 14 contratos (ITM+OTM C/P) capturados y cancelados (spot 763.56)
════════════════════════════════════════════════════════════
🔔 2026-08-20 15:29:33 | RIESGO | BAG no cerró (2 pata/s viva/s) — cierre por patas al MID
════════════════════════════════════════════════════════════
════════════════════════════════════════════════════════════
🔔 2026-08-20 15:29:33 | ORDEN | CIERRE MERCADO SPY P 759 x1
════════════════════════════════════════════════════════════
════════════════════════════════════════════════════════════
🔔 2026-08-20 15:29:41 | ORDEN | CIERRE MERCADO SPY P 762 x1
════════════════════════════════════════════════════════════
  15:28:47 P a3 mny -2 -> C 0.060 en  9.6s (+20.0%) | V 0.040 en 40.5s FORZ | -2.0$
════════════════════════════════════════════════════════════
🔔 2026-08-20 15:29:52 | ORDEN | COMPRA VERTICAL SPY P L=762/S=758 x1 débito<=0.05
════════════════════════════════════════════════════════════
  15:29:49 P a4 mny -2 -> NO_LLENA    (mid 0.050, spr 40.0%)
════════════════════════════════════════════════════════════
🔔 2026-08-20 15:30:16 | ORDEN | COMPRA VERTICAL SPY C L=761/S=763 x1 débito<=1.74
════════════════════════════════════════════════════════════
  15:30:14 C a2 mny +3 -> RECHAZADA  MARGEN (mid 1.785, spr 6.2%)
════════════════════════════════════════════════════════════
🔔 2026-08-20 15:30:21 | ORDEN | COMPRA VERTICAL SPY C L=760/S=762 x1 débito<=1.95
════════════════════════════════════════════════════════════
  15:30:18 C a2 mny +4 -> RECHAZADA  MARGEN (mid 1.980, spr 10.1%)
════════════════════════════════════════════════════════════
🔔 2026-08-20 15:30:26 | ORDEN | COMPRA VERTICAL SPY C L=760/S=763 x1 débito<=2.76
════════════════════════════════════════════════════════════
  15:30:23 C a3 mny +4 -> RECHAZADA  MARGEN (mid 2.805, spr 6.8%)
2026-08-20 15:30:33 | DATA   | cadena 20260820: 98 contratos (ITM+OTM C/P) capturados y cancelados (spot 763.49)
2026-08-20 15:30:41 | DATA   | cadena 20260820: 98 contratos (ITM+OTM C/P) capturados y cancelados (spot 763.49)
════════════════════════════════════════════════════════════
🔔 2026-08-20 15:30:47 | ORDEN | COMPRA VERTICAL SPY C L=759/S=763 x1 débito<=3.75
════════════════════════════════════════════════════════════
  15:30:41 C a4 mny +4 -> RECHAZADA  MARGEN (mid 3.765, spr 5.0%)
════════════════════════════════════════════════════════════
🔔 2026-08-20 15:30:52 | ORDEN | COMPRA VERTICAL SPY C L=758/S=760 x1 débito<=2.01
════════════════════════════════════════════════════════════
  15:30:49 C a2 mny +5 -> NO_LLENA    (mid 2.010, spr 17.9%)
════════════════════════════════════════════════════════════
🔔 2026-08-20 15:31:16 | ORDEN | COMPRA VERTICAL SPY C L=758/S=761 x1 débito<=3.00
════════════════════════════════════════════════════════════
  15:31:13 C a3 mny +5 -> NO_LLENA    (mid 3.035, spr 9.6%)
════════════════════════════════════════════════════════════
🔔 2026-08-20 15:31:41 | ORDEN | COMPRA VERTICAL SPY C L=758/S=762 x1 débito<=3.94
════════════════════════════════════════════════════════════
  15:31:38 C a4 mny +5 -> RECHAZADA  MARGEN (mid 3.970, spr 6.0%)
  -> pasada 16: 10 pruebas

═══ PASADA 17 — 15:31 ═══
2026-08-20 15:31:48 | DATA   | cadena 20260820: 98 contratos (ITM+OTM C/P) capturados y cancelados (spot 763.33)
2026-08-20 15:31:55 | DATA   | cadena 20260820: 98 contratos (ITM+OTM C/P) capturados y cancelados (spot 763.33)
2026-08-20 15:32:03 | DATA   | cadena 20260820: 98 contratos (ITM+OTM C/P) capturados y cancelados (spot 763.33)
2026-08-20 15:32:11 | DATA   | cadena 20260820: 98 contratos (ITM+OTM C/P) capturados y cancelados (spot 763.33)
2026-08-20 15:32:20 | DATA   | cadena 20260820: 98 contratos (ITM+OTM C/P) capturados y cancelados (spot 763.27)
2026-08-20 15:32:28 | DATA   | cadena 20260820: 98 contratos (ITM+OTM C/P) capturados y cancelados (spot 763.27)
2026-08-20 15:32:35 | DATA   | cadena 20260820: 98 contratos (ITM+OTM C/P) capturados y cancelados (spot 763.27)
2026-08-20 15:32:42 | DATA   | cadena 20260820: 98 contratos (ITM+OTM C/P) capturados y cancelados (spot 763.27)
2026-08-20 15:32:50 | DATA   | cadena 20260820: 98 contratos (ITM+OTM C/P) capturados y cancelados (spot 763.27)
2026-08-20 15:32:57 | DATA   | cadena 20260820: 98 contratos (ITM+OTM C/P) capturados y cancelados (spot 763.27)
2026-08-20 15:33:05 | DATA   | cadena 20260820: 98 contratos (ITM+OTM C/P) capturados y cancelados (spot 763.27)
2026-08-20 15:33:14 | DATA   | cadena 20260820: 98 contratos (ITM+OTM C/P) capturados y cancelados (spot 763.27)
2026-08-20 15:33:22 | DATA   | cadena 20260820: 98 contratos (ITM+OTM C/P) capturados y cancelados (spot 763.32)
2026-08-20 15:33:30 | DATA   | cadena 20260820: 98 contratos (ITM+OTM C/P) capturados y cancelados (spot 763.32)
2026-08-20 15:33:37 | DATA   | cadena 20260820: 98 contratos (ITM+OTM C/P) capturados y cancelados (spot 763.32)
2026-08-20 15:33:44 | DATA   | cadena 20260820: 98 contratos (ITM+OTM C/P) capturados y cancelados (spot 763.32)
2026-08-20 15:33:52 | DATA   | cadena 20260820: 98 contratos (ITM+OTM C/P) capturados y cancelados (spot 763.32)
2026-08-20 15:33:59 | DATA   | cadena 20260820: 98 contratos (ITM+OTM C/P) capturados y cancelados (spot 763.32)
2026-08-20 15:34:07 | DATA   | cadena 20260820: 98 contratos (ITM+OTM C/P) capturados y cancelados (spot 763.32)
2026-08-20 15:34:17 | DATA   | cadena 20260820: 98 contratos (ITM+OTM C/P) capturados y cancelados (spot 763.20)
════════════════════════════════════════════════════════════
🔔 2026-08-20 15:34:23 | ORDEN | COMPRA VERTICAL SPY P L=762/S=760 x1 débito<=0.09
════════════════════════════════════════════════════════════
  15:34:17 P a2 mny -1 -> NO_LLENA    (mid 0.080, spr 25.0%)
════════════════════════════════════════════════════════════
🔔 2026-08-20 15:34:49 | ORDEN | COMPRA VERTICAL SPY P L=762/S=759 x1 débito<=0.10
════════════════════════════════════════════════════════════
2026-08-20 15:35:00 | DATA   | cadena 20260820: 14 contratos (ITM+OTM C/P) capturados y cancelados (spot 763.20)
════════════════════════════════════════════════════════════
🔔 2026-08-20 15:35:28 | RIESGO | BAG no cerró (2 pata/s viva/s) — cierre por patas al MID
════════════════════════════════════════════════════════════
════════════════════════════════════════════════════════════
🔔 2026-08-20 15:35:28 | ORDEN | CIERRE MERCADO SPY P 759 x1
════════════════════════════════════════════════════════════
════════════════════════════════════════════════════════════
🔔 2026-08-20 15:35:36 | ORDEN | CIERRE MERCADO SPY P 762 x1
════════════════════════════════════════════════════════════
  15:34:45 P a3 mny -1 -> C 0.100 en  7.6s (+25.0%) | V 0.080 en 40.5s FORZ | -2.0$
════════════════════════════════════════════════════════════
🔔 2026-08-20 15:35:47 | ORDEN | COMPRA VERTICAL SPY P L=762/S=758 x1 débito<=0.08
════════════════════════════════════════════════════════════
  15:35:44 P a4 mny -1 -> NO_LLENA    (mid 0.080, spr 25.0%)
════════════════════════════════════════════════════════════
🔔 2026-08-20 15:36:13 | ORDEN | COMPRA VERTICAL SPY P L=763/S=761 x1 débito<=0.27
════════════════════════════════════════════════════════════
  15:36:09 P a2 mny +0 -> RECHAZADA  MARGEN (mid 0.340, spr 5.9%)
════════════════════════════════════════════════════════════
🔔 2026-08-20 15:36:18 | ORDEN | COMPRA VERTICAL SPY P L=763/S=760 x1 débito<=0.30
════════════════════════════════════════════════════════════
  15:36:15 P a3 mny +0 -> RECHAZADA  MARGEN (mid 0.350, spr 5.7%)
════════════════════════════════════════════════════════════
🔔 2026-08-20 15:36:23 | ORDEN | COMPRA VERTICAL SPY P L=763/S=759 x1 débito<=0.29
════════════════════════════════════════════════════════════
  15:36:20 P a4 mny +0 -> RECHAZADA  MARGEN (mid 0.350, spr 5.7%)
2026-08-20 15:36:30 | DATA   | cadena 20260820: 98 contratos (ITM+OTM C/P) capturados y cancelados (spot 763.29)
  ⚠️ abiertas [(762.0, 'P', 1.0), (758.0, 'P', -1.0)] — cerrando
════════════════════════════════════════════════════════════
🔔 2026-08-20 15:36:30 | RIESGO | BAG no cerró (2 pata/s viva/s) — cierre por patas al MID
════════════════════════════════════════════════════════════
════════════════════════════════════════════════════════════
🔔 2026-08-20 15:36:33 | ORDEN | CIERRE MERCADO SPY P 758 x1
════════════════════════════════════════════════════════════
════════════════════════════════════════════════════════════
🔔 2026-08-20 15:36:41 | ORDEN | CIERRE MERCADO SPY P 762 x1
════════════════════════════════════════════════════════════
2026-08-20 15:36:54 | DATA   | cadena 20260820: 98 contratos (ITM+OTM C/P) capturados y cancelados (spot 763.29)
2026-08-20 15:37:02 | DATA   | cadena 20260820: 98 contratos (ITM+OTM C/P) capturados y cancelados (spot 763.29)
2026-08-20 15:37:10 | DATA   | cadena 20260820: 98 contratos (ITM+OTM C/P) capturados y cancelados (spot 763.29)
2026-08-20 15:37:19 | DATA   | cadena 20260820: 98 contratos (ITM+OTM C/P) capturados y cancelados (spot 763.49)
2026-08-20 15:37:27 | DATA   | cadena 20260820: 98 contratos (ITM+OTM C/P) capturados y cancelados (spot 763.49)
2026-08-20 15:37:34 | DATA   | cadena 20260820: 98 contratos (ITM+OTM C/P) capturados y cancelados (spot 763.49)
════════════════════════════════════════════════════════════
🔔 2026-08-20 15:37:40 | ORDEN | COMPRA VERTICAL SPY C L=761/S=763 x1 débito<=1.79
════════════════════════════════════════════════════════════
  15:37:34 C a2 mny +2 -> RECHAZADA  MARGEN (mid 1.785, spr 6.2%)
════════════════════════════════════════════════════════════
🔔 2026-08-20 15:37:45 | ORDEN | COMPRA VERTICAL SPY C L=760/S=762 x1 débito<=1.97
════════════════════════════════════════════════════════════
  15:37:42 C a2 mny +3 -> RECHAZADA  MARGEN (mid 1.990, spr 12.1%)
════════════════════════════════════════════════════════════
🔔 2026-08-20 15:37:50 | ORDEN | COMPRA VERTICAL SPY C L=760/S=763 x1 débito<=2.79
════════════════════════════════════════════════════════════
  15:37:47 C a3 mny +3 -> RECHAZADA  MARGEN (mid 2.815, spr 8.2%)
════════════════════════════════════════════════════════════
🔔 2026-08-20 15:37:55 | ORDEN | COMPRA VERTICAL SPY C L=759/S=761 x1 débito<=1.98
════════════════════════════════════════════════════════════
  15:37:52 C a2 mny +4 -> NO_LLENA    (mid 2.030, spr 14.8%)
════════════════════════════════════════════════════════════
🔔 2026-08-20 15:38:19 | ORDEN | COMPRA VERTICAL SPY C L=759/S=762 x1 débito<=2.94
════════════════════════════════════════════════════════════
  15:38:16 C a3 mny +4 -> RECHAZADA  MARGEN (mid 2.990, spr 8.0%)
════════════════════════════════════════════════════════════
🔔 2026-08-20 15:38:24 | ORDEN | COMPRA VERTICAL SPY C L=759/S=763 x1 débito<=3.73
════════════════════════════════════════════════════════════
  15:38:21 C a4 mny +4 -> RECHAZADA  MARGEN (mid 3.815, spr 6.0%)
2026-08-20 15:38:31 | DATA   | cadena 20260820: 98 contratos (ITM+OTM C/P) capturados y cancelados (spot 763.35)
2026-08-20 15:38:39 | DATA   | cadena 20260820: 98 contratos (ITM+OTM C/P) capturados y cancelados (spot 763.35)
════════════════════════════════════════════════════════════
🔔 2026-08-20 15:38:45 | ORDEN | COMPRA VERTICAL SPY C L=758/S=760 x1 débito<=2.00
════════════════════════════════════════════════════════════
  15:38:39 C a2 mny +5 -> NO_LLENA    (mid 2.005, spr 18.5%)
════════════════════════════════════════════════════════════
🔔 2026-08-20 15:39:10 | ORDEN | COMPRA VERTICAL SPY C L=758/S=761 x1 débito<=2.94
════════════════════════════════════════════════════════════
  15:39:07 C a3 mny +5 -> NO_LLENA    (mid 3.010, spr 10.6%)
  -> pasada 17: 14 pruebas

═══ PASADA 18 — 15:39 ═══
2026-08-20 15:39:37 | DATA   | cadena 20260820: 98 contratos (ITM+OTM C/P) capturados y cancelados (spot 763.53)
2026-08-20 15:39:44 | DATA   | cadena 20260820: 98 contratos (ITM+OTM C/P) capturados y cancelados (spot 763.53)
2026-08-20 15:39:52 | DATA   | cadena 20260820: 98 contratos (ITM+OTM C/P) capturados y cancelados (spot 763.53)
2026-08-20 15:39:59 | DATA   | cadena 20260820: 98 contratos (ITM+OTM C/P) capturados y cancelados (spot 763.53)
2026-08-20 15:40:06 | DATA   | cadena 20260820: 98 contratos (ITM+OTM C/P) capturados y cancelados (spot 763.53)
2026-08-20 15:40:18 | DATA   | cadena 20260820: 98 contratos (ITM+OTM C/P) capturados y cancelados (spot 763.50)
2026-08-20 15:40:25 | DATA   | cadena 20260820: 98 contratos (ITM+OTM C/P) capturados y cancelados (spot 763.50)
2026-08-20 15:40:32 | DATA   | cadena 20260820: 98 contratos (ITM+OTM C/P) capturados y cancelados (spot 763.50)
2026-08-20 15:40:40 | DATA   | cadena 20260820: 98 contratos (ITM+OTM C/P) capturados y cancelados (spot 763.50)
2026-08-20 15:40:47 | DATA   | cadena 20260820: 98 contratos (ITM+OTM C/P) capturados y cancelados (spot 763.50)
2026-08-20 15:40:54 | DATA   | cadena 20260820: 98 contratos (ITM+OTM C/P) capturados y cancelados (spot 763.50)
2026-08-20 15:41:02 | DATA   | cadena 20260820: 98 contratos (ITM+OTM C/P) capturados y cancelados (spot 763.50)
2026-08-20 15:41:10 | DATA   | cadena 20260820: 98 contratos (ITM+OTM C/P) capturados y cancelados (spot 763.50)
2026-08-20 15:41:20 | DATA   | cadena 20260820: 98 contratos (ITM+OTM C/P) capturados y cancelados (spot 763.41)
2026-08-20 15:41:27 | DATA   | cadena 20260820: 98 contratos (ITM+OTM C/P) capturados y cancelados (spot 763.41)
2026-08-20 15:41:35 | DATA   | cadena 20260820: 98 contratos (ITM+OTM C/P) capturados y cancelados (spot 763.41)
2026-08-20 15:41:42 | DATA   | cadena 20260820: 98 contratos (ITM+OTM C/P) capturados y cancelados (spot 763.41)
2026-08-20 15:41:50 | DATA   | cadena 20260820: 98 contratos (ITM+OTM C/P) capturados y cancelados (spot 763.41)
2026-08-20 15:41:57 | DATA   | cadena 20260820: 98 contratos (ITM+OTM C/P) capturados y cancelados (spot 763.41)
2026-08-20 15:42:05 | DATA   | cadena 20260820: 98 contratos (ITM+OTM C/P) capturados y cancelados (spot 763.41)
2026-08-20 15:42:16 | DATA   | cadena 20260820: 98 contratos (ITM+OTM C/P) capturados y cancelados (spot 763.39)
2026-08-20 15:42:23 | DATA   | cadena 20260820: 98 contratos (ITM+OTM C/P) capturados y cancelados (spot 763.39)
════════════════════════════════════════════════════════════
🔔 2026-08-20 15:42:29 | ORDEN | COMPRA VERTICAL SPY P L=762/S=759 x1 débito<=0.05
════════════════════════════════════════════════════════════
  15:42:23 P a3 mny -1 -> NO_LLENA    (mid 0.050, spr 40.0%)
════════════════════════════════════════════════════════════
🔔 2026-08-20 15:42:54 | ORDEN | COMPRA VERTICAL SPY P L=762/S=758 x1 débito<=0.06
════════════════════════════════════════════════════════════
  15:42:51 P a4 mny -1 -> NO_LLENA    (mid 0.050, spr 40.0%)
════════════════════════════════════════════════════════════
🔔 2026-08-20 15:43:18 | ORDEN | COMPRA VERTICAL SPY C L=763/S=765 x1 débito<=0.51
════════════════════════════════════════════════════════════
  15:43:15 C a2 mny +0 -> RECHAZADA  MARGEN (mid 0.520, spr 3.8%)
════════════════════════════════════════════════════════════
🔔 2026-08-20 15:43:23 | ORDEN | COMPRA VERTICAL SPY P L=763/S=761 x1 débito<=0.26
════════════════════════════════════════════════════════════
  15:43:20 P a2 mny +0 -> RECHAZADA  MARGEN (mid 0.250, spr 8.0%)
════════════════════════════════════════════════════════════
🔔 2026-08-20 15:43:28 | ORDEN | COMPRA VERTICAL SPY C L=763/S=766 x1 débito<=0.52
════════════════════════════════════════════════════════════
  15:43:25 C a3 mny +0 -> RECHAZADA  MARGEN (mid 0.540, spr 3.7%)
════════════════════════════════════════════════════════════
🔔 2026-08-20 15:43:33 | ORDEN | COMPRA VERTICAL SPY P L=763/S=760 x1 débito<=0.27
════════════════════════════════════════════════════════════
  15:43:30 P a3 mny +0 -> RECHAZADA  MARGEN (mid 0.260, spr 7.7%)
2026-08-20 15:43:40 | DATA   | cadena 20260820: 98 contratos (ITM+OTM C/P) capturados y cancelados (spot 763.23)
2026-08-20 15:43:47 | DATA   | cadena 20260820: 98 contratos (ITM+OTM C/P) capturados y cancelados (spot 763.23)
2026-08-20 15:43:55 | DATA   | cadena 20260820: 98 contratos (ITM+OTM C/P) capturados y cancelados (spot 763.23)
2026-08-20 15:44:02 | DATA   | cadena 20260820: 98 contratos (ITM+OTM C/P) capturados y cancelados (spot 763.23)
════════════════════════════════════════════════════════════
🔔 2026-08-20 15:44:10 | ORDEN | COMPRA VERTICAL SPY P L=764/S=762 x1 débito<=0.94
════════════════════════════════════════════════════════════
  15:44:02 P a2 mny +1 -> RECHAZADA  MARGEN (mid 0.940, spr 4.3%)
════════════════════════════════════════════════════════════
🔔 2026-08-20 15:44:15 | ORDEN | COMPRA VERTICAL SPY C L=762/S=765 x1 débito<=1.10
════════════════════════════════════════════════════════════
  15:44:12 C a3 mny +1 -> RECHAZADA  MARGEN (mid 1.145, spr 2.6%)
════════════════════════════════════════════════════════════
🔔 2026-08-20 15:44:19 | ORDEN | COMPRA VERTICAL SPY P L=764/S=761 x1 débito<=1.07
════════════════════════════════════════════════════════════
  15:44:17 P a3 mny +1 -> RECHAZADA  MARGEN (mid 1.000, spr 4.0%)
════════════════════════════════════════════════════════════
🔔 2026-08-20 15:44:24 | ORDEN | COMPRA VERTICAL SPY C L=762/S=766 x1 débito<=1.11
════════════════════════════════════════════════════════════
  15:44:22 C a4 mny +1 -> RECHAZADA  MARGEN (mid 1.165, spr 2.6%)
════════════════════════════════════════════════════════════
🔔 2026-08-20 15:44:29 | ORDEN | COMPRA VERTICAL SPY P L=764/S=760 x1 débito<=1.10
════════════════════════════════════════════════════════════
  15:44:27 P a4 mny +1 -> RECHAZADA  MARGEN (mid 1.010, spr 4.0%)
════════════════════════════════════════════════════════════
🔔 2026-08-20 15:44:34 | ORDEN | COMPRA VERTICAL SPY C L=761/S=763 x1 débito<=1.62
════════════════════════════════════════════════════════════
  15:44:31 C a2 mny +2 -> RECHAZADA  MARGEN (mid 1.690, spr 7.1%)
2026-08-20 15:44:42 | DATA   | cadena 20260820: 98 contratos (ITM+OTM C/P) capturados y cancelados (spot 763.13)
2026-08-20 15:44:49 | DATA   | cadena 20260820: 98 contratos (ITM+OTM C/P) capturados y cancelados (spot 763.13)
2026-08-20 15:44:56 | DATA   | cadena 20260820: 98 contratos (ITM+OTM C/P) capturados y cancelados (spot 763.13)
2026-08-20 15:45:04 | DATA   | cadena 20260820: 98 contratos (ITM+OTM C/P) capturados y cancelados (spot 763.13)
2026-08-20 15:45:13 | DATA   | cadena 20260820: 98 contratos (ITM+OTM C/P) capturados y cancelados (spot 763.10)
2026-08-20 15:45:21 | DATA   | cadena 20260820: 98 contratos (ITM+OTM C/P) capturados y cancelados (spot 763.10)
════════════════════════════════════════════════════════════
🔔 2026-08-20 15:45:27 | ORDEN | COMPRA VERTICAL SPY C L=760/S=762 x1 débito<=1.93
════════════════════════════════════════════════════════════
  15:45:21 C a2 mny +3 -> RECHAZADA  MARGEN (mid 1.940, spr 9.3%)
════════════════════════════════════════════════════════════
🔔 2026-08-20 15:45:32 | ORDEN | COMPRA VERTICAL SPY C L=760/S=763 x1 débito<=2.59
════════════════════════════════════════════════════════════
  15:45:29 C a3 mny +3 -> RECHAZADA  MARGEN (mid 2.630, spr 6.1%)
════════════════════════════════════════════════════════════
🔔 2026-08-20 15:45:37 | ORDEN | COMPRA VERTICAL SPY C L=759/S=761 x1 débito<=2.00
════════════════════════════════════════════════════════════
  15:45:34 C a2 mny +4 -> NO_LLENA    (mid 2.015, spr 16.4%)
════════════════════════════════════════════════════════════
🔔 2026-08-20 15:46:01 | ORDEN | COMPRA VERTICAL SPY C L=759/S=762 x1 débito<=2.88
════════════════════════════════════════════════════════════
  15:45:59 C a3 mny +4 -> RECHAZADA  MARGEN (mid 2.925, spr 7.9%)
  -> pasada 18: 16 pruebas

datos en C:\Users\eulis\proyectos\open-premium-ibkr\investigacion\2026-08-19_sistema_real\scripts\..\resultados\fills_reales.db (tabla `barrido`)
2026-08-20 15:46:03 | DATA   | IBKR desconectado
